{
  "bolusiob": 0, 
  "iob": 0.4742750917933334, 
  "activity": 0.007045537918871253
}