{
  "bolusiob": 0, 
  "iob": 0.03435920105833307, 
  "activity": 0.005009717813051143
}