{
  "bolusiob": 0.31217075200000005, 
  "iob": 0.5722046491752271, 
  "activity": 0.004659435537918868
}