{
  "bolusiob": 0, 
  "iob": -0.07505444813167436, 
  "activity": 0.0013662786067019392
}