{
  "bolusiob": 0.38572851944, 
  "iob": 1.2856895247862132, 
  "activity": 0.01162569691358025
}