{
  "bolusiob": 0, 
  "iob": -0.22179502975076756, 
  "activity": -0.0055193119929453265
}