{
  "bolusiob": 0, 
  "iob": 0.013247471826281533, 
  "activity": 0.0021025836860670186
}