{
  "bolusiob": 0.15905131656000013, 
  "iob": 1.005213614227778, 
  "activity": 0.01669854497354497
}