{
  "bolusiob": 0, 
  "iob": 0.19730633693666674, 
  "activity": 0.009820070546737211
}