{
  "bolusiob": 0, 
  "iob": -0.5616330779866312, 
  "activity": -0.008409365202821869
}