{
  "bolusiob": 0, 
  "iob": -0.11335759292583336, 
  "activity": 0.000693183421516755
}