{
  "bolusiob": 0, 
  "iob": 0.383201548024882, 
  "activity": -1.4166843033495686e-06
}