{
  "bolusiob": 0, 
  "iob": 0.6965434532453473, 
  "activity": 0.0064780246913580235
}