{
  "bolusiob": 0, 
  "iob": 0.6963297368140652, 
  "activity": 0.006353967777777778
}