{
  "bolusiob": 0, 
  "iob": -0.3446437123147778, 
  "activity": -0.0047669841269841265
}