{
  "bolusiob": 0, 
  "iob": 0.12967835614642204, 
  "activity": 0.001425325978835979
}