{
  "bolusiob": 0, 
  "iob": -0.1587846219577778, 
  "activity": -0.0005592680776014112
}