{
  "bolusiob": 0, 
  "iob": 0.10689348335870269, 
  "activity": 0.0009161992063492059
}