{
  "bolusiob": 0, 
  "iob": 0.1860828378037629, 
  "activity": 0.002674286084656085
}