{
  "bolusiob": 0, 
  "iob": -0.15329483049295012, 
  "activity": -0.0008117375132275133
}