{
  "bolusiob": 0, 
  "iob": 0.02201023073368057, 
  "activity": 0.00037578483245149895
}