{
  "bolusiob": 0, 
  "iob": 0.8290307028709274, 
  "activity": 0.006955274215167549
}