{
  "bolusiob": 0, 
  "iob": -0.10953108532555555, 
  "activity": -0.0012437654320987654
}