{
  "bolusiob": 0, 
  "iob": 0.633145376947815, 
  "activity": 0.008894956225749559
}