{
  "bolusiob": 0, 
  "iob": 1.1018103560555461, 
  "activity": 0.026411380335097004
}