{
  "bolusiob": 0, 
  "iob": -0.33372055337357615, 
  "activity": 0.0034704120105820027
}