{
  "bolusiob": 0, 
  "iob": -0.20441787790102806, 
  "activity": 0.004138685714285714
}