{
  "bolusiob": 0, 
  "iob": 0.6505089835336667, 
  "activity": 0.001120917107583774
}