{
  "bolusiob": 0, 
  "iob": -0.04005603605680977, 
  "activity": 0.00016626455026455005
}