{
  "bolusiob": 0, 
  "iob": 0.001693015420000088, 
  "activity": 0.001572486772486775
}