{
  "bolusiob": 0, 
  "iob": 0.8554912551353056, 
  "activity": 0.011301622574955903
}