{
  "bolusiob": 0, 
  "iob": 0.6625938913854348, 
  "activity": 0.004677442416225748
}