{
  "bolusiob": 0, 
  "iob": 0.7565505703576362, 
  "activity": 0.005554515361552028
}