{
  "bolusiob": -0.00016770433333346269, 
  "iob": 0.8670003413929165, 
  "activity": 0.01378994708994709
}