{
  "bolusiob": 0.5052561590044444, 
  "iob": 0.7709354397444446, 
  "activity": 0.004088024691358025
}