{
  "bolusiob": 0.3399165965866669, 
  "iob": 1.2087374446931158, 
  "activity": 0.01616880105820105
}