{
  "bolusiob": 0, 
  "iob": -0.2880528449117051, 
  "activity": -0.002904036261022926
}