{
  "bolusiob": 0, 
  "iob": -0.27773541444888894, 
  "activity": -0.0012437037037037035
}