{
  "bolusiob": 0, 
  "iob": 0.1775303893159445, 
  "activity": 0.003858500881834216
}