{
  "bolusiob": 0, 
  "iob": 0.31962532856330184, 
  "activity": 0.004893174373897706
}