{
  "bolusiob": 0, 
  "iob": 1.0774465346772224, 
  "activity": 0.013514902998236326
}