{
  "bolusiob": 0.8191210244488889, 
  "iob": 1.4744862018332403, 
  "activity": 0.008253157319223981
}