{
  "bolusiob": 0.81894848, 
  "iob": 0.5672538103875, 
  "activity": -0.0010771164021164017
}