{
  "bolusiob": 0, 
  "iob": 0.6477824306348362, 
  "activity": 0.003699893827160492
}