{
  "bolusiob": 0, 
  "iob": 0.8607797011504796, 
  "activity": 0.0081211582010582
}