{
  "bolusiob": 0, 
  "iob": 0.022058988450555553, 
  "activity": 0.0015002028218694887
}