{
  "bolusiob": 0, 
  "iob": -0.46215372828930557, 
  "activity": -0.003285758377425044
}