{
  "bolusiob": 0, 
  "iob": 0.22792552516611114, 
  "activity": 0.004539823633156965
}