{
  "bolusiob": 0, 
  "iob": -0.13803443724541667, 
  "activity": -0.0013076807760141092
}