{
  "bolusiob": 1.7962439958399998, 
  "iob": 2.743385153826667, 
  "activity": 0.011798871252204584
}