{
  "bolusiob": 0, 
  "iob": 0.7724342519697779, 
  "activity": 0.0052512786596119925
}