{
  "bolusiob": 0, 
  "iob": 0.05203044608405177, 
  "activity": -0.0019053260670193997
}