{
  "bolusiob": 0.913095041848889, 
  "iob": 1.3545448187630555, 
  "activity": 0.009903086419753083
}