{
  "bolusiob": 0, 
  "iob": -0.5254959923035887, 
  "activity": 0.0039688178483245126
}