{
  "bolusiob": 0, 
  "iob": 0.6418691311555556, 
  "activity": 0.005715626102292768
}