{
  "bolusiob": 0, 
  "iob": -0.33053244796290626, 
  "activity": 0.000653209788359787
}