{
  "bolusiob": 0, 
  "iob": -0.36679906738888896, 
  "activity": -0.0016329629629629628
}