{
  "bolusiob": 0, 
  "iob": 0.44490545052, 
  "activity": 0.007513139329805996
}