{
  "bolusiob": 0.5571153383999999, 
  "iob": 1.4793327739147224, 
  "activity": 0.01497128747795414
}