{
  "bolusiob": 2.9999286654399997, 
  "iob": 3.7446668167161117, 
  "activity": 0.01526432098765432
}