{
  "bolusiob": 0, 
  "iob": -0.10814026782611111, 
  "activity": -0.0015186067019400346
}