{
  "bolusiob": 0, 
  "iob": 0.002558336067253468, 
  "activity": -0.0025188932980599655
}