{
  "bolusiob": 0, 
  "iob": -0.5512543224500833, 
  "activity": -0.006624008818342151
}