{
  "bolusiob": 0, 
  "iob": 0.10569938177391683, 
  "activity": 0.0029653620105820084
}