{
  "bolusiob": 0, 
  "iob": -0.2057331965386111, 
  "activity": 0.0022727072310405627
}