{
  "bolusiob": 0, 
  "iob": 0.6326610445071111, 
  "activity": 0.008839418112874777
}