{
  "bolusiob": 0, 
  "iob": -0.1070196422192193, 
  "activity": 0.001007689682539683
}