{
  "bolusiob": 0, 
  "iob": 0.5833049095064793, 
  "activity": 0.004593070123456789
}