{
  "bolusiob": 0.05273491199999967, 
  "iob": 1.0981851478181945, 
  "activity": 0.026598298059964724
}