{
  "bolusiob": 0, 
  "iob": -0.17025880633096135, 
  "activity": -0.0009693322751322749
}