{
  "bolusiob": 0, 
  "iob": 0.15739842895555553, 
  "activity": -0.00149037037037037
}