{
  "bolusiob": 0, 
  "iob": 1.0456834003882223, 
  "activity": 0.01478634038800705
}