{
  "bolusiob": 0, 
  "iob": 0.20118360998590679, 
  "activity": 0.006678703615520282
}