{
  "bolusiob": 2.2974122811555557, 
  "iob": 2.8683727794812497, 
  "activity": 0.01831949735449735
}