{
  "bolusiob": 0, 
  "iob": -0.5875919743834723, 
  "activity": -0.0011172663139329805
}