{
  "bolusiob": 0, 
  "iob": -0.04737085516458332, 
  "activity": 0.005413738977072309
}