{
  "bolusiob": 0, 
  "iob": -0.08668612976055906, 
  "activity": -0.0002538383245149864
}