{
  "bolusiob": 0.06757942135999993, 
  "iob": 1.6061865565036553, 
  "activity": 0.03472866446208114
}