{
  "bolusiob": 0.3948114038755556, 
  "iob": 0.664350132274546, 
  "activity": 0.004203703615520283
}