{
  "bolusiob": 1.6786525853333336, 
  "iob": 2.280853335193284, 
  "activity": 0.011244885326278658
}