{
  "bolusiob": 0, 
  "iob": -0.15616024439777781, 
  "activity": 0.0010618694885361542
}