{
  "bolusiob": 0, 
  "iob": 0.2333083774718049, 
  "activity": 0.005052768518518517
}