{
  "bolusiob": 0, 
  "iob": 0.4552106566383489, 
  "activity": 0.0034699736684303357
}