{
  "bolusiob": 0, 
  "iob": 0.1744621772916667, 
  "activity": -0.002248395061728395
}