{
  "bolusiob": 0, 
  "iob": -0.3400221307772223, 
  "activity": -0.0036706525573192237
}