{
  "bolusiob": 0.14403482085333336, 
  "iob": 0.6374621783560577, 
  "activity": 0.008158200617283952
}