{
  "bolusiob": 0, 
  "iob": 1.0854257792458335, 
  "activity": 0.013353527336860668
}