{
  "bolusiob": 0, 
  "iob": -0.3388333778338772, 
  "activity": 1.5414603174603233e-05
}