{
  "bolusiob": 0, 
  "iob": 0.5690963054963195, 
  "activity": 0.007428747795414461
}