{
  "bolusiob": 0, 
  "iob": 1.0578052262213888, 
  "activity": 0.013359206349206348
}