{
  "bolusiob": 0.16088917504000003, 
  "iob": 0.530164111508889, 
  "activity": 0.0063549735449735445
}