{
  "bolusiob": 0, 
  "iob": 0.2554370628666666, 
  "activity": 0.006104550264550261
}