{
  "bolusiob": 0, 
  "iob": -0.2238687564109493, 
  "activity": 0.008072063280423277
}