{
  "bolusiob": 0, 
  "iob": 0.026955503133228035, 
  "activity": 0.0011059962081128743
}