{
  "bolusiob": 0, 
  "iob": -0.417860941968154, 
  "activity": 0.0002777597707231042
}