{
  "bolusiob": 0, 
  "iob": 0.6789524879686806, 
  "activity": 0.006588730158730159
}