{
  "bolusiob": 0, 
  "iob": -0.04275550695055555, 
  "activity": 0.0003857495590828924
}