{
  "bolusiob": 0, 
  "iob": 0.00902430529555555, 
  "activity": -0.00010077601410934738
}