{
  "bolusiob": 0, 
  "iob": -0.14965842831888893, 
  "activity": -0.0009822398589065253
}