{
  "bolusiob": 0, 
  "iob": 0.03801925729320839, 
  "activity": 0.0016509521516754856
}