{
  "bolusiob": 0, 
  "iob": -0.1697712981932597, 
  "activity": 5.810366843033437e-05
}