{
  "bolusiob": 1.3920630941333334, 
  "iob": 1.0610189420383334, 
  "activity": 0.00208047619047619
}