{
  "bolusiob": 0, 
  "iob": 0.34452814853577074, 
  "activity": 0.006669329453262786
}