{
  "bolusiob": 0, 
  "iob": -0.6362048830054895, 
  "activity": -0.00277671957671959
}