{
  "bolusiob": 0, 
  "iob": 0.19144710162709722, 
  "activity": 0.0072623897707231036
}