{
  "bolusiob": 0, 
  "iob": 0.2534985327438889, 
  "activity": 0.002456340388007055
}