{
  "bolusiob": 0, 
  "iob": 0.41743436380667176, 
  "activity": 0.0053567815167548495
}