{
  "bolusiob": 0, 
  "iob": 0.9109266308559724, 
  "activity": 0.009253553791887121
}