{
  "bolusiob": 0, 
  "iob": 0.3147913853145, 
  "activity": 0.004257768959435626
}