{
  "bolusiob": 0, 
  "iob": 0.9033985667794413, 
  "activity": 0.013890617019400352
}