{
  "bolusiob": 0, 
  "iob": 0.12074858417306629, 
  "activity": -7.589938271604832e-05
}