{
  "bolusiob": 0.18548461664000004, 
  "iob": -0.6172500477610351, 
  "activity": -0.010136173209876543
}