{
  "bolusiob": 0, 
  "iob": 0.21202288922189982, 
  "activity": -0.007481207760141091
}