{
  "bolusiob": 0, 
  "iob": 0.6369652891452414, 
  "activity": 0.00899248414462081
}