{
  "bolusiob": 0.018348852266666715, 
  "iob": 0.5529965379297223, 
  "activity": 0.010277213403880074
}