{
  "bolusiob": 0, 
  "iob": 0.7524542930611008, 
  "activity": 0.00653405934744268
}