{
  "bolusiob": 0, 
  "iob": 0.1942338778643056, 
  "activity": 0.001771851851851852
}