{
  "bolusiob": 0.5318796902399999, 
  "iob": 2.1237728531620914, 
  "activity": 0.02983691338624339
}