{
  "bolusiob": 0, 
  "iob": 0.3830433798473612, 
  "activity": 0.005608571428571428
}