{
  "bolusiob": 0, 
  "iob": 0.6009417981959649, 
  "activity": 0.004177177777777776
}