{
  "bolusiob": 0, 
  "iob": -0.4044162434047778, 
  "activity": -0.005079241622574956
}