{
  "bolusiob": 0, 
  "iob": 0.13487981278444452, 
  "activity": 0.002765097001763667
}