{
  "bolusiob": 0.25985766077333344, 
  "iob": 2.108364312120873, 
  "activity": 0.04902770710758376
}