{
  "bolusiob": 0, 
  "iob": 0.5487885243257346, 
  "activity": 0.00662298897707231
}