{
  "bolusiob": 0, 
  "iob": -0.12430179513867176, 
  "activity": -0.0009148621693121695
}