{
  "bolusiob": 0, 
  "iob": 0.014715852665194401, 
  "activity": -0.004866128747795413
}