{
  "bolusiob": 0, 
  "iob": -0.6946288800168055, 
  "activity": -0.0032837742504409164
}