{
  "bolusiob": 1.36810530304, 
  "iob": 1.6735123116316666, 
  "activity": 0.006604991181657848
}