{
  "bolusiob": 0, 
  "iob": 0.015530660886404687, 
  "activity": 0.002542636419753086
}