{
  "bolusiob": 0, 
  "iob": 0.3892547348616857, 
  "activity": 0.006163368783068779
}