{
  "bolusiob": 0.15750729140000003, 
  "iob": 0.5465229626766666, 
  "activity": 0.005196754850088178
}