{
  "bolusiob": 0, 
  "iob": -0.43488140432191363, 
  "activity": -0.0037779894708994703
}