{
  "bolusiob": 0, 
  "iob": -0.034430513644722216, 
  "activity": -0.001776190476190476
}