{
  "bolusiob": 0.4742111399822222, 
  "iob": 0.5894721591888888, 
  "activity": 0.003282839506172838
}