{
  "bolusiob": 0, 
  "iob": -0.4188569817445452, 
  "activity": -0.004150890687830687
}