{
  "bolusiob": 0, 
  "iob": -0.6257224594542916, 
  "activity": -0.006672857142857142
}