{
  "bolusiob": 0, 
  "iob": 0.22001183601646462, 
  "activity": 0.0037847972839506164
}