{
  "bolusiob": 0, 
  "iob": -0.3729224563093056, 
  "activity": -0.003835070546737213
}