{
  "bolusiob": 0.9372773334933334, 
  "iob": 1.2247666897830007, 
  "activity": 0.010450987566137562
}