{
  "bolusiob": 0, 
  "iob": 0.00924949579055627, 
  "activity": -0.004471428483245151
}