{
  "bolusiob": 0, 
  "iob": -0.09985748962888889, 
  "activity": -3.6666666666666666e-05
}