{
  "bolusiob": 1.5831748498533333, 
  "iob": 3.4084812119723793, 
  "activity": 0.023344628571428563
}