{
  "bolusiob": 0, 
  "iob": -0.2986624787758333, 
  "activity": -0.0025893738977072313
}