{
  "bolusiob": 0, 
  "iob": -0.12861331901444448, 
  "activity": -0.0017454938271604936
}