{
  "bolusiob": 0, 
  "iob": 0.24332270770058428, 
  "activity": -0.007843694938271603
}