{
  "bolusiob": 0, 
  "iob": -0.5327059927496368, 
  "activity": -0.007910229523809523
}