{
  "bolusiob": 0, 
  "iob": -0.045230971266111114, 
  "activity": -2.7724867724868e-05
}