{
  "bolusiob": 0, 
  "iob": 1.3878093513176266, 
  "activity": 0.02729935608465608
}