{
  "bolusiob": 0, 
  "iob": -0.3807956773008585, 
  "activity": 0.0001359611111111111
}