{
  "bolusiob": 0, 
  "iob": 0.1225620488788889, 
  "activity": 0.0013926543209876537
}