{
  "bolusiob": 0, 
  "iob": 0.44601779546894454, 
  "activity": 0.008606111111111111
}