{
  "bolusiob": 0.2113115894133334, 
  "iob": 0.7131508412953453, 
  "activity": 0.004674277160493826
}