{
  "bolusiob": 0, 
  "iob": 0.12901332494069448, 
  "activity": 0.0011379629629629632
}