{
  "bolusiob": 0, 
  "iob": -0.19330908470176597, 
  "activity": -0.002661366754850088
}