{
  "bolusiob": 0, 
  "iob": -0.31487646321875007, 
  "activity": -0.002120767195767196
}