{
  "bolusiob": 0.8474790679733335, 
  "iob": 1.7613810685841043, 
  "activity": 0.015325696613756611
}