{
  "bolusiob": 0, 
  "iob": 0.11444076515811699, 
  "activity": 0.0033627071428571427
}