{
  "bolusiob": 0, 
  "iob": -0.017328468999060334, 
  "activity": 0.0021272968783068776
}