{
  "bolusiob": 0, 
  "iob": 0.0006935226333333267, 
  "activity": 0.00014691358024691343
}