{
  "bolusiob": 0, 
  "iob": 0.04468630730421842, 
  "activity": -0.002320758165784832
}