{
  "bolusiob": 0, 
  "iob": 0.33120876574674946, 
  "activity": 0.00764451455026455
}