{
  "bolusiob": 0, 
  "iob": 1.1139339720607224, 
  "activity": 0.01509347795414462
}