{
  "bolusiob": 0.8166318454, 
  "iob": 2.4518508196418947, 
  "activity": 0.02676737238095237
}