{
  "bolusiob": 0, 
  "iob": -0.3064378487977778, 
  "activity": -0.002138465608465608
}