{
  "bolusiob": 0, 
  "iob": 0.31603413998763896, 
  "activity": 0.005468059964726631
}