{
  "bolusiob": 0, 
  "iob": 1.2666006821579479e-05, 
  "activity": 0.0003647325396825402
}