{
  "bolusiob": 0, 
  "iob": -0.2981137040466667, 
  "activity": -0.0002801234567901234
}