{
  "bolusiob": 0.53125059616, 
  "iob": 2.0437203414994443, 
  "activity": 0.027588412698412695
}