{
  "bolusiob": 0, 
  "iob": 0.12376985781716415, 
  "activity": 0.0011586328924162255
}