{
  "bolusiob": 0.49107602440000003, 
  "iob": 1.453433656256555, 
  "activity": 0.014765567495590827
}