{
  "bolusiob": 0, 
  "iob": 0.9450431093533748, 
  "activity": 0.012637980335097002
}