{
  "bolusiob": 0, 
  "iob": 0.08646925659349373, 
  "activity": 0.004590229188712522
}