{
  "bolusiob": 0, 
  "iob": 0.20829806227694445, 
  "activity": 0.0028918694885361543
}