{
  "bolusiob": 0, 
  "iob": -0.07012720474901134, 
  "activity": -0.0013616399470899468
}