{
  "bolusiob": 0, 
  "iob": -0.7403944486606168, 
  "activity": 0.007662698236331566
}