{
  "bolusiob": 0, 
  "iob": 0.08851105804311446, 
  "activity": 0.0058892679541446185
}