{
  "bolusiob": 0, 
  "iob": 1.0885539986358332, 
  "activity": 0.013337989417989415
}