{
  "bolusiob": 3.175346176, 
  "iob": 3.4333871740728115, 
  "activity": 0.013453265696649026
}