{
  "bolusiob": 0, 
  "iob": -0.43461749827541307, 
  "activity": -0.006451728430335095
}