{
  "bolusiob": 0, 
  "iob": 0.7787092671122852, 
  "activity": 0.006133051216931216
}