{
  "bolusiob": 0, 
  "iob": -0.22996469657811114, 
  "activity": -0.0008031128747795417
}