{
  "bolusiob": 0, 
  "iob": 0.40345372093969445, 
  "activity": 0.005946216931216931
}