{
  "bolusiob": 0, 
  "iob": 0.11400774974143825, 
  "activity": 0.004855537477954144
}