{
  "bolusiob": 0.8531796898000001, 
  "iob": 2.6188665646104257, 
  "activity": 0.032669409047619044
}