{
  "bolusiob": 0.6619351792000001, 
  "iob": 1.1052312833694444, 
  "activity": 0.006663395061728393
}