{
  "bolusiob": 0, 
  "iob": 0.9262890249789762, 
  "activity": 0.009735943474426807
}