{
  "bolusiob": 0.20970182793333333, 
  "iob": 0.5274724863477777, 
  "activity": 0.005534038800705465
}