{
  "bolusiob": 0, 
  "iob": 0.7918298092000001, 
  "activity": 0.010933686067019398
}