{
  "bolusiob": 0, 
  "iob": 0.5643563900944444, 
  "activity": 0.00687587301587301
}