{
  "bolusiob": 0, 
  "iob": -0.35833774017478137, 
  "activity": -0.004003646296296294
}