{
  "bolusiob": 0, 
  "iob": -0.40816137791311113, 
  "activity": -0.004837072310405642
}