{
  "bolusiob": -3.269396000000757e-05, 
  "iob": 1.2327841384140281, 
  "activity": 0.026849446913580242
}