{
  "bolusiob": 1.4424220608, 
  "iob": 1.8982151437550236, 
  "activity": 0.012473174391534388
}