{
  "bolusiob": 0, 
  "iob": -0.09137338135762454, 
  "activity": -0.00207476721340388
}