{
  "bolusiob": 0.08375765056000002, 
  "iob": 1.17220216715, 
  "activity": 0.02252155202821869
}