{
  "bolusiob": 0, 
  "iob": -0.05341400617538021, 
  "activity": -0.0027883713756613757
}