{
  "bolusiob": 0, 
  "iob": -0.08672050385694907, 
  "activity": -0.009355775661375658
}