{
  "bolusiob": 1.4652922466933334, 
  "iob": 2.529824404151667, 
  "activity": 0.026964109347442675
}