{
  "bolusiob": 0, 
  "iob": 0.935532810833999, 
  "activity": 0.018755608589065262
}