{
  "bolusiob": 0, 
  "iob": -0.09779789809305592, 
  "activity": 0.008789470899470894
}