{
  "bolusiob": 0.3252095676666666, 
  "iob": 1.721340109889603, 
  "activity": 0.04463520266313931
}