{
  "bolusiob": 0, 
  "iob": 0.8070170631583627, 
  "activity": 0.00660983262786596
}