{
  "bolusiob": 0, 
  "iob": 0.44207755080000005, 
  "activity": 0.003517372134038801
}