{
  "bolusiob": 0, 
  "iob": 0.06380954998920244, 
  "activity": 0.021440017248677244
}