{
  "bolusiob": 0, 
  "iob": 0.29122030004920885, 
  "activity": 0.0174532452733686
}