{
  "bolusiob": 0, 
  "iob": -0.11939558422286822, 
  "activity": -0.0032067018518518514
}