{
  "bolusiob": 0, 
  "iob": -0.32402985178875, 
  "activity": -0.002043871252204585
}