{
  "bolusiob": 0.018688834933333398, 
  "iob": 1.2338011592504416, 
  "activity": 0.022805978747795413
}