{
  "bolusiob": 0.18894768442666665, 
  "iob": -0.13054000649798717, 
  "activity": -0.0025998183597883595
}