{
  "bolusiob": 0, 
  "iob": 0.30389849775375, 
  "activity": 0.012794647266313932
}