{
  "bolusiob": 0.3455265379999999, 
  "iob": 2.1735701667515235, 
  "activity": 0.02951071012345679
}