{
  "bolusiob": 0, 
  "iob": 0.36618257224524997, 
  "activity": 0.0062088095238095236
}