{
  "bolusiob": 0, 
  "iob": 0.7343213405723821, 
  "activity": 0.002498853615520282
}