{
  "bolusiob": 0, 
  "iob": 1.0182308447493487, 
  "activity": 0.01015279532627866
}