{
  "bolusiob": 0, 
  "iob": 0.16923010384895487, 
  "activity": 0.0023149734567901228
}