{
  "bolusiob": 0, 
  "iob": -0.6475194827308033, 
  "activity": -0.007448016225749557
}