{
  "bolusiob": 0, 
  "iob": 0.024419045393666718, 
  "activity": 0.0034776455026455017
}