{
  "bolusiob": 0, 
  "iob": -0.04010078903666662, 
  "activity": -0.0006356437389770735
}