{
  "bolusiob": 0, 
  "iob": -0.1508769605350665, 
  "activity": -0.001132025432098765
}