{
  "bolusiob": 0, 
  "iob": 0.42462430275104657, 
  "activity": 0.010226499365079363
}