{
  "bolusiob": 0.010052423960000011, 
  "iob": 0.3096681825587779, 
  "activity": 0.009009929453262787
}