{
  "bolusiob": 0, 
  "iob": 0.19577609907833332, 
  "activity": 0.005112336860670193
}