{
  "bolusiob": 0, 
  "iob": 0.8205434421349999, 
  "activity": 0.010718712522045853
}