{
  "bolusiob": 0, 
  "iob": 0.10161786767065017, 
  "activity": -0.001195145643738977
}