{
  "bolusiob": 0, 
  "iob": 0.45956184521002824, 
  "activity": -0.00017045843033509678
}