{
  "bolusiob": 0, 
  "iob": 0.053143677630000025, 
  "activity": 0.004230423280423281
}