{
  "bolusiob": 0, 
  "iob": 0.13772247021003572, 
  "activity": 0.0038330156261022924
}