{
  "bolusiob": 0.15949165983999997, 
  "iob": 1.4498318640651915, 
  "activity": 0.036851146366843036
}