{
  "bolusiob": 0, 
  "iob": -0.048342046374111124, 
  "activity": 0.003374716049382715
}