{
  "bolusiob": 0, 
  "iob": 0.581190533248889, 
  "activity": 0.0042449559082892415
}