{
  "bolusiob": 0, 
  "iob": 0.6680397644513287, 
  "activity": 0.009087922927689595
}