{
  "bolusiob": 0, 
  "iob": -0.6556240266196961, 
  "activity": -0.006040502716049384
}