{
  "bolusiob": 0, 
  "iob": 0.09709653187941653, 
  "activity": 0.0013052645502645472
}