{
  "bolusiob": 0, 
  "iob": 0.7938650049969895, 
  "activity": 0.023243271164021164
}