{
  "bolusiob": 0, 
  "iob": -0.06573462192652779, 
  "activity": -0.000521869488536155
}