{
  "bolusiob": 0, 
  "iob": 0.07174875432354169, 
  "activity": -0.0010359700176366831
}