{
  "bolusiob": 0.4435712502, 
  "iob": 1.369936365663889, 
  "activity": 0.017312433862433863
}