{
  "bolusiob": 0, 
  "iob": -0.15358301048875, 
  "activity": -0.0020184567901234567
}