{
  "bolusiob": 0, 
  "iob": 0.58148908264375, 
  "activity": 0.0014370899470899465
}