{
  "bolusiob": 0, 
  "iob": 0.005095874758229107, 
  "activity": 0.0015261684303350953
}