{
  "bolusiob": 0, 
  "iob": 0.06404741333787617, 
  "activity": 0.00522636721340388
}