{
  "bolusiob": 0, 
  "iob": 0.09880730959383022, 
  "activity": 0.006298588977072308
}