{
  "bolusiob": 0, 
  "iob": -0.32260464284441875, 
  "activity": -0.0008092590828924161
}