{
  "bolusiob": 0, 
  "iob": -0.16930030655638892, 
  "activity": -0.0032175661375661367
}