{
  "bolusiob": 0, 
  "iob": 1.1125732333470837, 
  "activity": 0.011581225749559082
}