{
  "bolusiob": 0, 
  "iob": 1.1530621239014167, 
  "activity": 0.014986719576719576
}