{
  "bolusiob": 0, 
  "iob": 0.10059640461955179, 
  "activity": -0.00031664894179894124
}