{
  "bolusiob": 0, 
  "iob": -0.23983910693388888, 
  "activity": -0.0012555996472663144
}