{
  "bolusiob": 0, 
  "iob": -0.5182568567092901, 
  "activity": -0.006420969982363315
}