{
  "bolusiob": 0.13679217621333337, 
  "iob": 0.8156362862790638, 
  "activity": 0.011609179805996472
}