{
  "bolusiob": 0, 
  "iob": -0.007128447407884771, 
  "activity": 0.0004614198765432111
}