{
  "bolusiob": 0, 
  "iob": 0.04666127220307066, 
  "activity": 0.002544259347442681
}