{
  "bolusiob": 0, 
  "iob": 0.08706275779277778, 
  "activity": 0.0015037301587301588
}