{
  "bolusiob": 0, 
  "iob": -0.02583771864788731, 
  "activity": 0.00673330026455026
}