{
  "bolusiob": 0, 
  "iob": 0.4371046695469443, 
  "activity": 0.010074938271604938
}