{
  "bolusiob": 0, 
  "iob": -0.49404113140504313, 
  "activity": -0.00645832455026455
}