{
  "bolusiob": 0.02388473415999979, 
  "iob": 1.6867259310857636, 
  "activity": 0.030280740634920623
}