{
  "bolusiob": 0, 
  "iob": 0.1772639876228722, 
  "activity": 0.0004692945326278655
}