{
  "bolusiob": 0, 
  "iob": 0.37022382401336906, 
  "activity": 0.001937927971781304
}