{
  "bolusiob": 0.10674103893333334, 
  "iob": 0.38326125246427245, 
  "activity": 0.00626746005291005
}