{
  "bolusiob": 0, 
  "iob": -0.5739009014614237, 
  "activity": -0.004539683844797177
}