{
  "bolusiob": 0, 
  "iob": 0.3723029428602205, 
  "activity": 0.0019207318342151663
}