{
  "bolusiob": 0, 
  "iob": -0.009174386106482912, 
  "activity": 0.002660846596119929
}