{
  "bolusiob": 0.3260004601333333, 
  "iob": 0.591325624667222, 
  "activity": 0.00352864197530864
}