{
  "bolusiob": 0.9796288068000002, 
  "iob": 2.511562271472983, 
  "activity": 0.026040494074074067
}