{
  "bolusiob": 0, 
  "iob": 0.35690603459568393, 
  "activity": 0.0020756972134038797
}