{
  "bolusiob": 0, 
  "iob": 1.2555206813202102, 
  "activity": 0.027222151975308632
}