{
  "bolusiob": 0.021636711666666697, 
  "iob": 1.9536179285261115, 
  "activity": 0.05619164021164021
}