{
  "bolusiob": 0, 
  "iob": -0.5278004873367501, 
  "activity": -0.006565747795414463
}