{
  "bolusiob": 0, 
  "iob": 0.9702094986523979, 
  "activity": 0.01218752178130511
}