{
  "bolusiob": 0, 
  "iob": -0.6562720001819066, 
  "activity": -0.0023737827160493865
}