{
  "bolusiob": 0, 
  "iob": 0.5397464481325834, 
  "activity": 0.0093315873015873
}