{
  "bolusiob": 0, 
  "iob": 0.3075613554144463, 
  "activity": 0.004886845590828924
}