{
  "bolusiob": 1.6565005209600001, 
  "iob": 2.349937149848334, 
  "activity": 0.015343721340388002
}