{
  "bolusiob": 0, 
  "iob": 0.7469427119930556, 
  "activity": 0.007681358024691357
}