{
  "bolusiob": 0, 
  "iob": 0.7443622430568749, 
  "activity": 0.0075033333333333315
}