{
  "bolusiob": 0, 
  "iob": -0.08147571704250005, 
  "activity": 0.00044558201058200915
}