{
  "bolusiob": 0, 
  "iob": -0.21736914276333336, 
  "activity": -0.0015906172839506173
}