{
  "bolusiob": 0, 
  "iob": 1.1556522919464474, 
  "activity": 0.02434867589065255
}