{
  "bolusiob": 0, 
  "iob": -0.28615984496187286, 
  "activity": -0.0037670197354497353
}