{
  "bolusiob": 0, 
  "iob": 0.2040103636530559, 
  "activity": 0.029737195767195766
}