{
  "bolusiob": 0, 
  "iob": 0.10879411376402778, 
  "activity": 0.0037601851851851837
}