{
  "bolusiob": 0, 
  "iob": 0.3329126585177714, 
  "activity": -0.0010174066137566128
}