{
  "bolusiob": 0.8900867632, 
  "iob": 0.8542643102415415, 
  "activity": 0.001688774250440917
}