{
  "bolusiob": 0, 
  "iob": -0.32564638764613124, 
  "activity": -0.0031148983774250435
}