{
  "bolusiob": 0, 
  "iob": 1.0392941728433653, 
  "activity": 0.011163395202821867
}