{
  "bolusiob": 0.030421771133333275, 
  "iob": 0.3682709007057777, 
  "activity": 0.015694373897707226
}