{
  "bolusiob": 0.2934550957066667, 
  "iob": 1.3308396252711463, 
  "activity": 0.015939241622574953
}