{
  "bolusiob": 0, 
  "iob": 0.949332984692085, 
  "activity": 0.013085150158730161
}