{
  "bolusiob": 0.6700278392666668, 
  "iob": 2.1577768348227777, 
  "activity": 0.02652460317460317
}