{
  "bolusiob": 0, 
  "iob": 0.10579147791562811, 
  "activity": -0.0006228601410934746
}