{
  "bolusiob": 0, 
  "iob": 0.6412257148385764, 
  "activity": 0.014648509700176364
}