{
  "bolusiob": 0, 
  "iob": 0.5589191609042641, 
  "activity": 0.007207865608465607
}