{
  "bolusiob": 0, 
  "iob": -0.15165300244488306, 
  "activity": -0.0054117987654320986
}