{
  "bolusiob": 2.5075105628444447, 
  "iob": 3.9516734288822213, 
  "activity": 0.03506761904761904
}