{
  "bolusiob": 0, 
  "iob": -0.3282570059685688, 
  "activity": -0.0033601059435626095
}