{
  "bolusiob": 0, 
  "iob": 0.010181174501666657, 
  "activity": 0.0006353615520282183
}