{
  "bolusiob": 0, 
  "iob": 0.42328019328375005, 
  "activity": 0.008158977072310402
}