{
  "bolusiob": 0, 
  "iob": -0.4665207204308334, 
  "activity": -0.002886137566137567
}