{
  "bolusiob": 0, 
  "iob": 0.559368151677813, 
  "activity": 0.004144180264550266
}