{
  "bolusiob": 0, 
  "iob": -0.3519731800272223, 
  "activity": -0.0013676278659611994
}