{
  "bolusiob": 1.2669256765333334, 
  "iob": 1.3117794958479165, 
  "activity": 0.02122022927689594
}