{
  "bolusiob": 0, 
  "iob": 0.7775753285807205, 
  "activity": 0.009824973368606698
}