{
  "bolusiob": 0, 
  "iob": 0.8019330072287503, 
  "activity": 0.015781613756613754
}