{
  "bolusiob": 0, 
  "iob": 1.1154570314291665, 
  "activity": 0.047243641975308656
}