{
  "bolusiob": 0, 
  "iob": 0.8714484349123269, 
  "activity": 0.01611473915343915
}