{
  "bolusiob": 0, 
  "iob": -0.07181462453925043, 
  "activity": -0.002192980846560846
}