{
  "bolusiob": 0, 
  "iob": -0.04533832520055553, 
  "activity": -0.002688209876543209
}