{
  "bolusiob": 0, 
  "iob": 0.37643449908988935, 
  "activity": 0.0035962430335096996
}