{
  "bolusiob": 0, 
  "iob": 0.22433051783546135, 
  "activity": 0.004324682663139328
}