{
  "bolusiob": 0.01600129600000002, 
  "iob": 0.46725964416333343, 
  "activity": 0.02355220458553792
}