{
  "bolusiob": 0, 
  "iob": -0.11155044279779484, 
  "activity": -0.00025999991181657864
}