{
  "bolusiob": 0.00011376156000000303, 
  "iob": 1.3117252043846197, 
  "activity": 0.020760026825396825
}