{
  "bolusiob": 0, 
  "iob": 0.798955810559271, 
  "activity": 0.012682372398589065
}