{
  "bolusiob": 0, 
  "iob": 0.5513945645840435, 
  "activity": 0.008904250370370369
}