{
  "bolusiob": 0, 
  "iob": 0.4222598490789722, 
  "activity": 0.0031184567901234575
}