{
  "bolusiob": 0, 
  "iob": 0.0739751956561003, 
  "activity": -0.00016194858906525537
}