{
  "bolusiob": 1.748959392888889, 
  "iob": 1.906842088042981, 
  "activity": 0.016283756437389763
}