{
  "bolusiob": 0, 
  "iob": -0.6885514559201155, 
  "activity": -0.007467601534391535
}