{
  "bolusiob": 0, 
  "iob": 0.011392496235, 
  "activity": 0.0006891534391534388
}