{
  "bolusiob": 0, 
  "iob": 0.5879322185166667, 
  "activity": 0.002706119929453262
}