{
  "bolusiob": 0, 
  "iob": 0.640194653502926, 
  "activity": 0.007008156878306877
}