{
  "bolusiob": 0, 
  "iob": -0.08645913306421305, 
  "activity": -0.002898015696649029
}