{
  "bolusiob": 0, 
  "iob": 0.7689718867396514, 
  "activity": 0.009627354409171073
}