{
  "bolusiob": 0, 
  "iob": 0.06994966845687907, 
  "activity": 0.004739097971781303
}