{
  "bolusiob": 0, 
  "iob": 0.7055028327093056, 
  "activity": 0.006544462081128746
}