{
  "bolusiob": 0, 
  "iob": -0.10452610770247425, 
  "activity": 0.005824779453262785
}