{
  "bolusiob": 0, 
  "iob": -0.12784770543823487, 
  "activity": 0.002341931410934744
}