{
  "bolusiob": 0, 
  "iob": 0.3019865088513054, 
  "activity": 0.00029559082892415846
}