{
  "bolusiob": 0, 
  "iob": 0.36343959205528426, 
  "activity": 0.004050758201058199
}