{
  "bolusiob": 0, 
  "iob": 0.44982776088224374, 
  "activity": 0.003937769559082892
}