{
  "bolusiob": 0, 
  "iob": 0.07589886325573772, 
  "activity": 0.001490152645502645
}