{
  "bolusiob": 0, 
  "iob": -0.16635311393750002, 
  "activity": 0.0020663932980599644
}