{
  "bolusiob": 0, 
  "iob": 0.10856436441777778, 
  "activity": 0.0031134920634920626
}