{
  "bolusiob": 0, 
  "iob": 0.01989994280166666, 
  "activity": 0.0014856261022927683
}