{
  "bolusiob": 0, 
  "iob": 0.3504205908333333, 
  "activity": 0.008792610229276894
}