{
  "bolusiob": 0, 
  "iob": 0.5211826666267569, 
  "activity": 0.00744147266313933
}