{
  "bolusiob": 0, 
  "iob": 0.16221198557275426, 
  "activity": 0.001386745731922399
}