{
  "bolusiob": 0, 
  "iob": -0.11580684544797676, 
  "activity": 0.0024449379894179815
}