{
  "bolusiob": 0, 
  "iob": 0.1835879334811111, 
  "activity": -0.00026273368606701946
}