{
  "bolusiob": 0, 
  "iob": 1.0910920061699545, 
  "activity": 0.025443499735449727
}