{
  "bolusiob": 0.11083306784000023, 
  "iob": 1.8757873564322227, 
  "activity": 0.04263580246913581
}