{
  "bolusiob": 0, 
  "iob": 1.0882504270842366, 
  "activity": 0.01292902116402116
}