{
  "bolusiob": 0, 
  "iob": 0.4217088801553637, 
  "activity": 0.0018223897707230995
}