{
  "bolusiob": 0, 
  "iob": 0.523800084062075, 
  "activity": 0.012091222804232797
}