{
  "bolusiob": 0, 
  "iob": 0.6306987541055555, 
  "activity": 0.006398333333333331
}