{
  "bolusiob": 0, 
  "iob": 0.646492935714265, 
  "activity": 0.010907892786596114
}