{
  "bolusiob": 0, 
  "iob": 0.5719402470255556, 
  "activity": 0.007314656084656085
}