{
  "bolusiob": 0, 
  "iob": 0.03932846983183962, 
  "activity": 0.005280355114638446
}