{
  "bolusiob": 0, 
  "iob": 0.7924448071016138, 
  "activity": 0.007978836190476188
}