{
  "bolusiob": 0, 
  "iob": 0.0891062918658591, 
  "activity": -0.0020237471781305114
}