{
  "bolusiob": 0, 
  "iob": -0.3514638017084226, 
  "activity": -0.005362645414462081
}