{
  "bolusiob": 0.9601305555555556, 
  "iob": 1.2176106598316667, 
  "activity": 0.0025646296296296294
}