{
  "bolusiob": 0, 
  "iob": 0.6831962675711449, 
  "activity": 0.0022294329805996474
}