{
  "bolusiob": 0, 
  "iob": 0.3811305827909972, 
  "activity": 0.005215610917107583
}