{
  "bolusiob": 0.03836188297333333, 
  "iob": 1.4587339429787933, 
  "activity": 0.022785467742504405
}