{
  "bolusiob": 0, 
  "iob": 0.17485415727765583, 
  "activity": 0.005887998059964726
}