{
  "bolusiob": 0, 
  "iob": -0.05698190233738637, 
  "activity": -0.004792645414462081
}