{
  "bolusiob": 0, 
  "iob": 0.1217583095846177, 
  "activity": 0.002437345802469135
}