{
  "bolusiob": 0, 
  "iob": 0.26301447836727954, 
  "activity": 0.016019126613756606
}