{
  "bolusiob": 0, 
  "iob": 0.024574165354722212, 
  "activity": -0.0009340740740740741
}