{
  "bolusiob": 0, 
  "iob": 0.676747745512897, 
  "activity": 0.00984354513227513
}