{
  "bolusiob": 0, 
  "iob": 0.2296378959202946, 
  "activity": 0.004372733597883599
}