{
  "bolusiob": 0.014752748640000046, 
  "iob": 0.9910772028695688, 
  "activity": 0.0266214638095238
}