{
  "bolusiob": 0, 
  "iob": -0.13509388317307125, 
  "activity": -0.0014601325749559093
}