{
  "bolusiob": -0.00012440842666681107, 
  "iob": -0.39013813868648883, 
  "activity": -0.0022274164197530846
}