{
  "bolusiob": 3.3754703360000002, 
  "iob": 3.860141041257778, 
  "activity": 0.010400246913580246
}