{
  "bolusiob": 0, 
  "iob": 1.3258544776864165, 
  "activity": 0.014237081128747792
}