{
  "bolusiob": 0, 
  "iob": 0.14763766005849205, 
  "activity": 0.0062810492063492054
}