{
  "bolusiob": 0, 
  "iob": -0.5246622450211113, 
  "activity": -0.0030223456790123455
}