{
  "bolusiob": 0, 
  "iob": 0.07462191351192143, 
  "activity": 0.003871389858906525
}