{
  "bolusiob": 0, 
  "iob": -0.4573080470199738, 
  "activity": -0.00454179885361552
}