{
  "bolusiob": 0, 
  "iob": -0.3448837903555001, 
  "activity": -0.0064767636684303345
}