{
  "bolusiob": 0, 
  "iob": -0.16362593574861112, 
  "activity": -0.0031675837742504405
}