{
  "bolusiob": 0.40898465351111113, 
  "iob": 0.2764402434771111, 
  "activity": -0.0043512345679012345
}