{
  "bolusiob": 0, 
  "iob": 0.27689096863145835, 
  "activity": 0.006683977072310406
}