{
  "bolusiob": 0, 
  "iob": -0.33555881251235553, 
  "activity": -0.003305502768959435
}