{
  "bolusiob": 0, 
  "iob": 0.0069225226705554865, 
  "activity": 0.0007652557319223983
}