{
  "bolusiob": 0, 
  "iob": 0.11378266581061511, 
  "activity": 0.004399473456790123
}