{
  "bolusiob": 0, 
  "iob": 0.06686085428366667, 
  "activity": 0.002943827160493826
}