{
  "bolusiob": 0, 
  "iob": 0.31665359744540184, 
  "activity": -0.007073888800705466
}