{
  "bolusiob": 0, 
  "iob": -0.20376367119388888, 
  "activity": 0.0006712345679012347
}