{
  "bolusiob": 0, 
  "iob": 0.2032469763611107, 
  "activity": 0.006207557319223983
}