{
  "bolusiob": 0, 
  "iob": -0.048134530061880246, 
  "activity": 0.008050588624338622
}