{
  "bolusiob": 0, 
  "iob": 0.33617729395575163, 
  "activity": 0.00930304250440917
}