{
  "bolusiob": 0, 
  "iob": 0.13110612310130343, 
  "activity": -0.00222247733686067
}