{
  "bolusiob": 0, 
  "iob": 0.22406829105616669, 
  "activity": 0.0006242768959435617
}