{
  "bolusiob": 0, 
  "iob": 0.3805958117438888, 
  "activity": 0.005476560846560845
}