{
  "bolusiob": 0, 
  "iob": 0.14356343836999996, 
  "activity": 0.006382010582010579
}