{
  "bolusiob": 0, 
  "iob": -0.33120893566199555, 
  "activity": -0.0019133334567901237
}