{
  "bolusiob": 0, 
  "iob": 0.5905403720888834, 
  "activity": 0.011614303474426806
}