{
  "bolusiob": 0.1406423102266669, 
  "iob": 1.0152432937530182, 
  "activity": 0.016232875132275133
}