{
  "bolusiob": 0, 
  "iob": -0.048352528600555555, 
  "activity": -0.002220714285714285
}