{
  "bolusiob": 0, 
  "iob": -0.266072686380746, 
  "activity": 9.391543209876603e-05
}