{
  "bolusiob": 0.2416610026, 
  "iob": 0.7484813323455347, 
  "activity": 0.019211071428571425
}