{
  "bolusiob": 0, 
  "iob": -0.026729370248666673, 
  "activity": -0.0016104144620811285
}