{
  "bolusiob": 0, 
  "iob": 0.056922809533541674, 
  "activity": -0.0019354409171075829
}