{
  "bolusiob": 0, 
  "iob": -0.27434468519027777, 
  "activity": -0.0017258024691358023
}