{
  "bolusiob": 0, 
  "iob": 0.4670951945728611, 
  "activity": 0.003970396825396826
}