{
  "bolusiob": 0, 
  "iob": -0.20102879360769044, 
  "activity": -0.0035853967372134034
}