{
  "bolusiob": 0, 
  "iob": 0.07812158573506583, 
  "activity": 2.3324691358024834e-05
}