{
  "bolusiob": 0, 
  "iob": -0.2143328200972873, 
  "activity": 0.0010355199118165788
}