{
  "bolusiob": 0.057699944999999975, 
  "iob": 0.8089600543055556, 
  "activity": 0.015711640211640208
}