{
  "bolusiob": 0, 
  "iob": -0.5610326443730093, 
  "activity": -2.7398712522047153e-05
}