{
  "bolusiob": 4.1100786832, 
  "iob": 4.648694675230556, 
  "activity": 0.01385649029982363
}