{
  "bolusiob": 0, 
  "iob": -0.023516537154948787, 
  "activity": 0.004750687813051145
}