{
  "bolusiob": 0, 
  "iob": -0.291180397817592, 
  "activity": 0.0023276365961199244
}