{
  "bolusiob": 0.3418575382755556, 
  "iob": 0.7060835028447784, 
  "activity": 0.008805872786596117
}