{
  "bolusiob": 0.3270164832933333, 
  "iob": 1.851491447686022, 
  "activity": 0.02565290155202821
}