{
  "bolusiob": 0, 
  "iob": 0.03328077464557301, 
  "activity": 0.0010906085890652563
}