{
  "bolusiob": 0, 
  "iob": 0.4602779185972222, 
  "activity": 0.007870652557319223
}