{
  "bolusiob": 0, 
  "iob": 0.17969759532307694, 
  "activity": 0.004214347178130511
}