{
  "bolusiob": 0, 
  "iob": 0.40220461247388883, 
  "activity": 0.004424620811287477
}