{
  "bolusiob": 0, 
  "iob": 0.9212946291210834, 
  "activity": 0.010422627865961197
}