{
  "bolusiob": 0, 
  "iob": 1.0672632604927441, 
  "activity": 0.01272170185185185
}