{
  "bolusiob": 0, 
  "iob": -0.17222669880694447, 
  "activity": -0.0014368342151675488
}