{
  "bolusiob": 0, 
  "iob": 0.48929169541966716, 
  "activity": 0.007134682451499117
}