{
  "bolusiob": 0.01293852773333315, 
  "iob": 0.8093552511028222, 
  "activity": 0.024881551781305102
}