{
  "bolusiob": 0, 
  "iob": -0.2699665131434583, 
  "activity": -0.0037181831216931203
}