{
  "bolusiob": 0, 
  "iob": -0.08865837057852778, 
  "activity": -0.0023388712522045855
}