{
  "bolusiob": 0, 
  "iob": 0.0821229158635366, 
  "activity": 0.0008428396296296294
}