{
  "bolusiob": 0, 
  "iob": 0.6901765836040836, 
  "activity": 0.005060690564373895
}