{
  "bolusiob": 0, 
  "iob": 1.1105475948724643, 
  "activity": 0.025495496649029975
}