{
  "bolusiob": 0, 
  "iob": 0.2870400634157303, 
  "activity": 0.0030641183421516757
}