{
  "bolusiob": 0, 
  "iob": 0.7097088874962084, 
  "activity": 0.005302778148148148
}