{
  "bolusiob": 0, 
  "iob": -0.19728464307938315, 
  "activity": 0.002479659894179893
}