{
  "bolusiob": 0.45249397760000004, 
  "iob": 0.9702036965582084, 
  "activity": 0.008825335097001761
}