{
  "bolusiob": 0, 
  "iob": -0.31910394518, 
  "activity": -0.0015097530864197528
}