{
  "bolusiob": 0.8508956325733332, 
  "iob": 2.4063393278840937, 
  "activity": 0.02953944134038801
}