{
  "bolusiob": 0, 
  "iob": 0.46703622261469036, 
  "activity": 0.008010485008818341
}