{
  "bolusiob": 0.4781847357333334, 
  "iob": 1.8629927446007377, 
  "activity": 0.03186724873015872
}