{
  "bolusiob": 0, 
  "iob": 0.16381333396461245, 
  "activity": 0.004119691481481481
}