{
  "bolusiob": 0, 
  "iob": -0.12315689767724146, 
  "activity": 0.0023920019576719564
}