{
  "bolusiob": 0, 
  "iob": -0.06628245780722222, 
  "activity": -0.00185579365079365
}