{
  "bolusiob": 0, 
  "iob": 0.12430856894321227, 
  "activity": 0.0007160785361552024
}