{
  "bolusiob": 0, 
  "iob": 0.11079599085654807, 
  "activity": 0.0005670455908289236
}