{
  "bolusiob": 0, 
  "iob": -0.17309809492527778, 
  "activity": -0.002842627865961199
}