{
  "bolusiob": 0, 
  "iob": -0.17654109616647232, 
  "activity": -0.005130449735449735
}