{
  "bolusiob": 0, 
  "iob": 0.2379664525553696, 
  "activity": -0.0021138623456790112
}