{
  "bolusiob": 2.090846824, 
  "iob": 3.474517336678211, 
  "activity": 0.02144455679012345
}