{
  "bolusiob": 1.2139283, 
  "iob": 2.1405723636438068, 
  "activity": 0.03017322760141093
}