{
  "bolusiob": 0, 
  "iob": 0.1603133289138889, 
  "activity": 0.0008302821869488535
}