{
  "bolusiob": 0.028552825266666693, 
  "iob": 0.40072293847777773, 
  "activity": 0.006727336860670192
}