{
  "bolusiob": 0, 
  "iob": -0.0707239376918403, 
  "activity": 0.0003391666666666664
}