{
  "bolusiob": 0.2555899062, 
  "iob": 1.0615438787650002, 
  "activity": 0.017629982363315692
}