{
  "bolusiob": 0, 
  "iob": -0.265510686597604, 
  "activity": -0.007423395432098765
}