{
  "bolusiob": 0, 
  "iob": 0.49752104901545147, 
  "activity": 0.006077808641975308
}