{
  "bolusiob": 0, 
  "iob": -0.05551510332688889, 
  "activity": -0.00262710758377425
}