{
  "bolusiob": 0, 
  "iob": -0.08232393803166663, 
  "activity": 0.0018739329805996466
}