{
  "bolusiob": 0, 
  "iob": 0.014068331662645706, 
  "activity": -0.0004985536155202824
}