{
  "bolusiob": 0, 
  "iob": 0.18405690759638887, 
  "activity": 0.0032292945326278647
}