{
  "bolusiob": 0, 
  "iob": 0.5523988010063333, 
  "activity": 0.00948617283950617
}