{
  "bolusiob": 1.4679804444000002, 
  "iob": 2.6674312697833336, 
  "activity": 0.01961347442680775
}