{
  "bolusiob": 0, 
  "iob": 0.022787028218739187, 
  "activity": -0.0004529186067019402
}