{
  "bolusiob": 1.589008210346667, 
  "iob": 2.762647925695528, 
  "activity": 0.010017373015873016
}