{
  "bolusiob": 0, 
  "iob": 0.10879633862055549, 
  "activity": 0.006598500881834208
}