{
  "bolusiob": 0, 
  "iob": 0.045664440061362846, 
  "activity": -0.0019603637566137566
}