{
  "bolusiob": 0, 
  "iob": -0.57280762720375, 
  "activity": -0.004090643738977072
}