{
  "bolusiob": 0, 
  "iob": -0.16321857859947553, 
  "activity": -0.0058188624162257485
}