{
  "bolusiob": 0, 
  "iob": 0.5201398998777779, 
  "activity": 0.003172433862433862
}