{
  "bolusiob": 0.0775954356666665, 
  "iob": 0.5337066193440132, 
  "activity": 0.016868121816578478
}