{
  "bolusiob": 0.06150881962666667, 
  "iob": 1.4952719028366872, 
  "activity": 0.023292839876543212
}