{
  "bolusiob": 0, 
  "iob": 0.5422456344657881, 
  "activity": 0.010169312345679008
}