{
  "bolusiob": 0.5213927808000001, 
  "iob": 1.0597381192969448, 
  "activity": -0.0008370723104056451
}