{
  "bolusiob": 0, 
  "iob": 0.41850796004595225, 
  "activity": 0.004709528835978836
}