{
  "bolusiob": 0.4844282052800001, 
  "iob": 2.3961961932044735, 
  "activity": 0.03533962874779542
}