{
  "bolusiob": 0.003559615399999938, 
  "iob": 0.7359103582233335, 
  "activity": 0.019367019400352733
}