{
  "bolusiob": 0, 
  "iob": 0.23369911945444446, 
  "activity": 0.005226014109347444
}