{
  "bolusiob": 3.218200541333333, 
  "iob": 4.671611969766453, 
  "activity": 0.027138977336860663
}