{
  "bolusiob": 0, 
  "iob": -0.10917693067666667, 
  "activity": -0.00453205467372134
}