{
  "bolusiob": 0.13181489969333318, 
  "iob": 1.3757030820171667, 
  "activity": 0.029647116402116397
}