{
  "bolusiob": 0, 
  "iob": 0.25995677166, 
  "activity": 0.005792098765432097
}