{
  "bolusiob": 0.19279530570666667, 
  "iob": 0.4758935299180119, 
  "activity": 0.002492954320987656
}