{
  "bolusiob": 0.1025125772666666, 
  "iob": 0.8213839948344445, 
  "activity": 0.014650652557319222
}