{
  "bolusiob": 0, 
  "iob": -0.30027102610965273, 
  "activity": 0.009210590828924168
}