{
  "bolusiob": 0, 
  "iob": 0.7667798493183334, 
  "activity": 0.009392610229276895
}