{
  "bolusiob": 0, 
  "iob": -0.4186763885346164, 
  "activity": 0.009006807266313933
}