{
  "bolusiob": 0.6795817, 
  "iob": 0.3929177784295723, 
  "activity": 0.000559488165784832
}