{
  "bolusiob": 0, 
  "iob": 0.05089716543875433, 
  "activity": 0.0024805554673721342
}