{
  "bolusiob": 0, 
  "iob": -0.07174522276041664, 
  "activity": -0.0025145414462081125
}