{
  "bolusiob": 0, 
  "iob": 0.3322113874888002, 
  "activity": 0.001266155661375661
}