{
  "bolusiob": 0, 
  "iob": 0.8405586203117937, 
  "activity": 0.0076529808112874775
}