{
  "bolusiob": 0.5270745177600001, 
  "iob": 1.3606389972916666, 
  "activity": 0.01356779541446208
}