{
  "bolusiob": 0.13191147508000006, 
  "iob": 1.1882023033159996, 
  "activity": 0.02601262813051146
}