{
  "bolusiob": 0, 
  "iob": 0.4322087501722223, 
  "activity": 0.009965731922398585
}