{
  "bolusiob": 0, 
  "iob": 0.3133560027668747, 
  "activity": 0.003330087918871251
}