{
  "bolusiob": 0, 
  "iob": -0.2391353221011111, 
  "activity": -0.001288253968253968
}