{
  "bolusiob": 1.8763484967822224, 
  "iob": 2.3335488416886356, 
  "activity": 0.018713209964726626
}