{
  "bolusiob": 0, 
  "iob": -0.2711508436683334, 
  "activity": -0.001870987654320988
}