{
  "bolusiob": 0, 
  "iob": -0.27825149776319447, 
  "activity": -0.002675670194003527
}