{
  "bolusiob": 0, 
  "iob": 0.1050351554725697, 
  "activity": 0.014382195767195769
}