{
  "bolusiob": 0, 
  "iob": 0.07035370117976845, 
  "activity": 0.00220366851851851
}