{
  "bolusiob": 0, 
  "iob": 0.31347289671595846, 
  "activity": 0.0002947090828924158
}