{
  "bolusiob": 0, 
  "iob": 0.2229917557290833, 
  "activity": 0.0028969841269841272
}