{
  "bolusiob": 0, 
  "iob": 0.31809217565580283, 
  "activity": 0.0017699650970017628
}