{
  "bolusiob": 0, 
  "iob": 0.0076375906755555625, 
  "activity": 0.00019746031746031747
}