{
  "bolusiob": 1.940987741582222, 
  "iob": 1.8517960343975524, 
  "activity": 0.005570489417989417
}