{
  "bolusiob": 0, 
  "iob": 0.31163716531775004, 
  "activity": 0.006327232804232804
}