{
  "bolusiob": 0, 
  "iob": -0.5362212994803335, 
  "activity": -0.005152275132275131
}