{
  "bolusiob": 0, 
  "iob": 0.70395570106354, 
  "activity": 0.008467777777777775
}