{
  "bolusiob": 0, 
  "iob": 0.3093274085779295, 
  "activity": 0.004971649400352732
}