{
  "bolusiob": 0, 
  "iob": 0.4068656100538838, 
  "activity": 0.0064731392416225745
}