{
  "bolusiob": 0, 
  "iob": 0.5094276251143595, 
  "activity": -0.0003808023456790122
}