{
  "bolusiob": 0, 
  "iob": 0.5633546851564448, 
  "activity": 0.005202169664902998
}