{
  "bolusiob": 0, 
  "iob": -0.3085597901864684, 
  "activity": -0.0006594388007054672
}