{
  "bolusiob": 0.3717001688399999, 
  "iob": 2.1750972252812275, 
  "activity": 0.029847143298059958
}