{
  "bolusiob": 0, 
  "iob": -0.533418860258889, 
  "activity": -0.005744179894179893
}