{
  "bolusiob": 0, 
  "iob": 0.040745409301527785, 
  "activity": 0.003440917107583774
}