{
  "bolusiob": 0.06799714341333336, 
  "iob": 0.6340102879999578, 
  "activity": 0.007952944885361553
}