{
  "bolusiob": 0, 
  "iob": -0.7027103035612503, 
  "activity": -0.0029701940035273366
}