{
  "bolusiob": 0, 
  "iob": 0.8081840194232245, 
  "activity": 0.010076878430335095
}