{
  "bolusiob": 1.1243043912, 
  "iob": 1.6428382536205557, 
  "activity": 0.006658703703703702
}