{
  "bolusiob": 0, 
  "iob": 0.9904462120146845, 
  "activity": 0.01247707243386243
}