{
  "bolusiob": 0, 
  "iob": 0.798732394799453, 
  "activity": 0.004291402204585538
}