{
  "bolusiob": 0, 
  "iob": 0.3894276648426389, 
  "activity": 0.008005608465608466
}