{
  "bolusiob": 0, 
  "iob": 0.5575636152587222, 
  "activity": 0.0074291534391534375
}