{
  "bolusiob": 0, 
  "iob": -0.031388101557794174, 
  "activity": -0.0007892149029982358
}