{
  "bolusiob": 0, 
  "iob": 0.6609968551296108, 
  "activity": 0.00703611996472663
}