{
  "bolusiob": 0, 
  "iob": 0.2833901281726111, 
  "activity": 0.007555291005291004
}