{
  "bolusiob": 0, 
  "iob": 0.024909669233444467, 
  "activity": 0.003697627865961198
}