{
  "bolusiob": 0, 
  "iob": 0.7202455857865759, 
  "activity": 0.009690745696649029
}