{
  "bolusiob": 0, 
  "iob": -0.36812763377218666, 
  "activity": -0.0023368078835978834
}