{
  "bolusiob": 0, 
  "iob": -0.4319835057888149, 
  "activity": -0.006363792134038798
}