{
  "bolusiob": 0, 
  "iob": -0.449258918974465, 
  "activity": -0.006631022839506172
}