{
  "bolusiob": 0, 
  "iob": 0.6559078469585781, 
  "activity": 0.022122124726631394
}