{
  "bolusiob": 0, 
  "iob": 0.7785372095356917, 
  "activity": 0.008717707213403878
}