{
  "bolusiob": 0, 
  "iob": 1.0377389040272418, 
  "activity": 0.02199346587301586
}