{
  "bolusiob": 0, 
  "iob": 0.5427792969318055, 
  "activity": 0.006504118165784832
}