{
  "bolusiob": 0, 
  "iob": 0.3147367931655556, 
  "activity": 0.005196701940035273
}