{
  "bolusiob": 0, 
  "iob": 0.036851516933333404, 
  "activity": 0.007606119929453261
}