{
  "bolusiob": 0, 
  "iob": -0.09974912155218915, 
  "activity": -0.005136331305114638
}