{
  "bolusiob": 0.07571326720000005, 
  "iob": 0.8707602114661113, 
  "activity": 0.013115617283950614
}