{
  "bolusiob": -0.00015900597333340372, 
  "iob": 0.3517582424834742, 
  "activity": 0.005816023104056436
}