{
  "bolusiob": 0, 
  "iob": -0.4794584506976388, 
  "activity": 0.003827301463844795
}