{
  "bolusiob": 0, 
  "iob": 0.38196606175563275, 
  "activity": 0.008543619753086417
}