{
  "bolusiob": 0, 
  "iob": -0.5498417594167699, 
  "activity": -0.007857901410934743
}