{
  "bolusiob": 0, 
  "iob": 1.1807392133959391, 
  "activity": 0.026125956525573188
}