{
  "bolusiob": 0, 
  "iob": 0.05454614583499999, 
  "activity": 0.0017388888888888886
}