{
  "bolusiob": 0, 
  "iob": 0.6453733970350504, 
  "activity": 0.003351296560846561
}