{
  "bolusiob": 0.006953384000000007, 
  "iob": 0.5203415897800001, 
  "activity": 0.008815996472663139
}