{
  "bolusiob": 0, 
  "iob": 0.9085639493018627, 
  "activity": 0.009623668342151677
}