{
  "bolusiob": 0.01962232757333342, 
  "iob": 1.1476696065357344, 
  "activity": 0.03974723091710758
}