{
  "bolusiob": 0, 
  "iob": 0.6328870457462682, 
  "activity": 0.006890109259259258
}