{
  "bolusiob": 0, 
  "iob": -0.4512069842981543, 
  "activity": 0.009692891922398585
}