{
  "bolusiob": 0, 
  "iob": -0.48860232430287276, 
  "activity": -0.004546728042328042
}