{
  "bolusiob": 0, 
  "iob": -0.3407295087941022, 
  "activity": -0.001530405767195768
}