{
  "bolusiob": 0.27932923536, 
  "iob": -0.032387273923846216, 
  "activity": -0.0024728486948853616
}