{
  "bolusiob": 0, 
  "iob": 0.2550735035440941, 
  "activity": 0.005470688201058199
}