{
  "bolusiob": 0, 
  "iob": -0.027827438487506642, 
  "activity": 0.0038676014109347437
}