{
  "bolusiob": 0, 
  "iob": 0.9498909211838733, 
  "activity": 0.008508509611992947
}