{
  "bolusiob": 0, 
  "iob": 0.31380909330444445, 
  "activity": 0.008654885361552025
}