{
  "bolusiob": 0, 
  "iob": 0.024319319627984073, 
  "activity": 0.004436861005291004
}