{
  "bolusiob": 0, 
  "iob": -0.8595077293374312, 
  "activity": -0.005051424656084655
}