{
  "bolusiob": 0.06431670600000002, 
  "iob": 0.42324282995555557, 
  "activity": 0.0007879717813051144
}