{
  "bolusiob": 0, 
  "iob": -0.3044138939648611, 
  "activity": -0.0024111904761904756
}