{
  "bolusiob": 0, 
  "iob": 0.5986328110841446, 
  "activity": 0.00504424188712522
}