{
  "bolusiob": 0, 
  "iob": -0.27205174763024825, 
  "activity": -0.005119691269841267
}