{
  "bolusiob": 0, 
  "iob": 0.22377376384754574, 
  "activity": 0.0031525658730158727
}