{
  "bolusiob": 0, 
  "iob": 0.5735905133294446, 
  "activity": 0.006050502645502645
}