{
  "bolusiob": 0, 
  "iob": 0.10505617354839457, 
  "activity": 0.006392548377425041
}