{
  "bolusiob": 0, 
  "iob": 0.37245442976977106, 
  "activity": 0.004673130634920633
}