{
  "bolusiob": 0, 
  "iob": 0.1463945810182334, 
  "activity": 0.007761525449735451
}