{
  "bolusiob": 0, 
  "iob": 0.8156742638657222, 
  "activity": 0.005695767548500881
}