{
  "bolusiob": 0, 
  "iob": -0.532134415703636, 
  "activity": -0.0027488978306878307
}