{
  "bolusiob": 0.44243984000000003, 
  "iob": 1.1643141140882527, 
  "activity": 0.0025147443915343884
}