{
  "bolusiob": 0, 
  "iob": 0.5088819995500707, 
  "activity": 0.008611992592592592
}