{
  "bolusiob": 0, 
  "iob": 0.9844057715021114, 
  "activity": 0.014632671957671955
}