{
  "bolusiob": 0, 
  "iob": -0.19415432144870914, 
  "activity": -0.0008305641093474419
}