{
  "bolusiob": 0, 
  "iob": 0.04812046555944444, 
  "activity": 0.0015726807760141088
}