{
  "bolusiob": 0.03581379775999984, 
  "iob": 1.6205539238861109, 
  "activity": 0.040216031746031736
}