{
  "bolusiob": 0.36046939999999983, 
  "iob": 1.4491641974426528, 
  "activity": 0.01577086596119929
}