{
  "bolusiob": 0, 
  "iob": -0.10273964933415194, 
  "activity": -0.001339655908289241
}