{
  "bolusiob": 0.6043300820266667, 
  "iob": 1.2330675241730555, 
  "activity": 0.010996419753086416
}