{
  "bolusiob": 0, 
  "iob": 0.02551364138833334, 
  "activity": 0.0017106701940035273
}