{
  "bolusiob": 0, 
  "iob": -0.07376173784188196, 
  "activity": 0.0025087089947089937
}