{
  "bolusiob": 1.6408915686399999, 
  "iob": 1.737264738997213, 
  "activity": 0.0033260964726631393
}