{
  "bolusiob": 0.4227136500000001, 
  "iob": 1.5311094136318055, 
  "activity": 0.02173099647266313
}