{
  "bolusiob": 0, 
  "iob": -0.27976276872769695, 
  "activity": 0.0007353220458553786
}