{
  "bolusiob": 0, 
  "iob": 0.617701668422085, 
  "activity": 0.008065215167548496
}