{
  "bolusiob": 0, 
  "iob": -0.3179799151073014, 
  "activity": -0.0030645155202821866
}