{
  "bolusiob": 0, 
  "iob": -0.06758986817854168, 
  "activity": 0.0005252116402116401
}