{
  "bolusiob": 0, 
  "iob": 0.5398038209840972, 
  "activity": 0.007398783068783069
}