{
  "bolusiob": 0.49937809839999997, 
  "iob": 0.7892470015727896, 
  "activity": 0.009016645608465606
}