{
  "bolusiob": 0, 
  "iob": -0.03576939782277781, 
  "activity": 0.0019988095238095234
}