{
  "bolusiob": 0, 
  "iob": -0.33074767867604166, 
  "activity": -0.005504735449735448
}