{
  "bolusiob": 0, 
  "iob": 0.804003734470754, 
  "activity": 0.004639644991181658
}