{
  "bolusiob": 0, 
  "iob": -0.3791629967659381, 
  "activity": -0.0007849118165784891
}