{
  "bolusiob": 0.09894914899999996, 
  "iob": 0.9104852316620836, 
  "activity": 0.015223077601410935
}