{
  "bolusiob": 0, 
  "iob": 0.05413352673985419, 
  "activity": 0.0052385624338624325
}