{
  "bolusiob": 0.011382955520000015, 
  "iob": 0.6360926636681391, 
  "activity": 0.011068377425044088
}