{
  "bolusiob": 1.5054402889599998, 
  "iob": 1.7440036228199998, 
  "activity": 0.00782952380952381
}