{
  "bolusiob": 0, 
  "iob": 0.5231910375604213, 
  "activity": 0.008473774550264546
}