{
  "bolusiob": 0, 
  "iob": 0.7487159923715127, 
  "activity": 0.007255643915343916
}