{
  "bolusiob": 0, 
  "iob": 0.7257306684431425, 
  "activity": 0.0089734164021164
}