{
  "bolusiob": 0, 
  "iob": 0.7116541149381944, 
  "activity": 0.007162363315696648
}