{
  "bolusiob": 0, 
  "iob": 0.41077526294186373, 
  "activity": 0.006186604620811286
}