{
  "bolusiob": 0, 
  "iob": 0.9340246808604167, 
  "activity": 0.009666975308641971
}