{
  "bolusiob": 0.5927430194666667, 
  "iob": 1.132851270324319, 
  "activity": 0.0211744885361552
}