{
  "bolusiob": 0, 
  "iob": -0.5564789672789877, 
  "activity": -0.005364832451499117
}