{
  "bolusiob": 0, 
  "iob": -0.3997370647717259, 
  "activity": -0.00407614188712522
}