{
  "bolusiob": 0, 
  "iob": -0.03287113646819446, 
  "activity": -0.0012827425044091712
}