{
  "bolusiob": 0, 
  "iob": -0.3601219328468379, 
  "activity": -0.006857310476190475
}