{
  "bolusiob": 0, 
  "iob": -0.07981087394222222, 
  "activity": -0.0003839858906525574
}