{
  "bolusiob": 0, 
  "iob": 0.18690222952854169, 
  "activity": 0.010411208112874779
}