{
  "bolusiob": 0, 
  "iob": 0.4440951785760361, 
  "activity": 0.0064547441798941795
}