{
  "bolusiob": 0, 
  "iob": 0.2560891929699732, 
  "activity": 0.014098377548500877
}