{
  "bolusiob": 0, 
  "iob": 0.4366315867723739, 
  "activity": 0.001931287742504409
}