{
  "bolusiob": 0, 
  "iob": -0.28022649937664024, 
  "activity": -0.0026120015873015863
}