{
  "bolusiob": 0, 
  "iob": 0.27051640546833344, 
  "activity": 0.005889982363315697
}