{
  "bolusiob": 0, 
  "iob": 0.7672167362137501, 
  "activity": 0.014945634920634915
}