{
  "bolusiob": 0, 
  "iob": 0.13713592261566004, 
  "activity": 0.0023235537918871252
}