{
  "bolusiob": 0, 
  "iob": -0.039742395633292224, 
  "activity": -0.0010037651675485002
}