{
  "bolusiob": 0, 
  "iob": -0.36250231300039054, 
  "activity": -0.0053335625220458545
}