{
  "bolusiob": 0, 
  "iob": 0.5377041901221689, 
  "activity": 0.009344546966490301
}