{
  "bolusiob": 1.4178310357866668, 
  "iob": 2.15290457528, 
  "activity": 0.017469559082892418
}