{
  "bolusiob": 0, 
  "iob": -0.028357735234791678, 
  "activity": -0.0030955643738977056
}