{
  "bolusiob": 0, 
  "iob": 0.38006834929845684, 
  "activity": 0.006742019382716047
}