{
  "bolusiob": 0, 
  "iob": 0.7605755736875, 
  "activity": 0.007910158730158729
}