{
  "bolusiob": 0, 
  "iob": -0.2778248629622222, 
  "activity": -0.0012823456790123455
}