{
  "bolusiob": 0, 
  "iob": -0.027563609354305567, 
  "activity": -0.0012873104056437396
}