{
  "bolusiob": 0.7073721472000001, 
  "iob": 0.6688848399163888, 
  "activity": -0.00011351851851851885
}