{
  "bolusiob": 0, 
  "iob": 0.7261224578596528, 
  "activity": 0.007525767195767194
}