{
  "bolusiob": 0, 
  "iob": 0.8230970120911114, 
  "activity": 0.007132786596119929
}