{
  "bolusiob": 0, 
  "iob": 0.13880307906391096, 
  "activity": 0.008579797072310399
}