{
  "bolusiob": 0, 
  "iob": 0.8594471244608466, 
  "activity": 0.010000624462081126
}