{
  "bolusiob": 0, 
  "iob": 0.28543231651252776, 
  "activity": 0.007776587301587302
}