{
  "bolusiob": 0, 
  "iob": 0.1925168634856192, 
  "activity": -0.004016719753086421
}