{
  "bolusiob": -0.0003381311999999803, 
  "iob": 0.8658392957387501, 
  "activity": 0.01717732804232804
}