{
  "bolusiob": 0, 
  "iob": 0.04471929987527106, 
  "activity": 0.004479047619047619
}