{
  "bolusiob": 0, 
  "iob": 0.6118105842049791, 
  "activity": 0.01605565589065255
}