{
  "bolusiob": 0.005238008639999991, 
  "iob": -0.390054461642629, 
  "activity": 0.009753841534391535
}