{
  "bolusiob": 0.23446772776000002, 
  "iob": 1.2919191907600003, 
  "activity": 0.02050384479717813
}