{
  "bolusiob": 0, 
  "iob": 0.23167284878025476, 
  "activity": 0.00020007957671957675
}