{
  "bolusiob": 0, 
  "iob": 0.26821155834, 
  "activity": -0.0013090123456790121
}