{
  "bolusiob": 0, 
  "iob": 0.3289363231126049, 
  "activity": 0.0032225745149911805
}