{
  "bolusiob": 0.04211262773333335, 
  "iob": 0.25838508401544136, 
  "activity": 0.0063757140211640195
}