{
  "bolusiob": 0, 
  "iob": -0.41199094625766175, 
  "activity": -0.0029272282186948847
}