{
  "bolusiob": 0, 
  "iob": 0.36413523939722237, 
  "activity": 0.005441428571428571
}