{
  "bolusiob": 0, 
  "iob": -0.04904794146024354, 
  "activity": -0.004987046067019402
}