{
  "bolusiob": 0, 
  "iob": -0.34524616971552885, 
  "activity": -0.0012966667901234575
}