{
  "bolusiob": 0, 
  "iob": 1.201853457443361, 
  "activity": 0.010206737213403878
}