{
  "bolusiob": 0, 
  "iob": -0.23663975180791672, 
  "activity": -0.0009899911816578489
}