{
  "bolusiob": 0.5227287788800001, 
  "iob": 2.4640365982028407, 
  "activity": 0.02396491763668429
}