{
  "bolusiob": 0, 
  "iob": 0.4045977554651041, 
  "activity": -0.0022224162257495576
}