{
  "bolusiob": 0, 
  "iob": -0.05982176487385418, 
  "activity": -0.003948633156966489
}