{
  "bolusiob": 0, 
  "iob": -0.29587097352222225, 
  "activity": -0.0020566666666666667
}