{
  "bolusiob": 0, 
  "iob": 0.46451931915699995, 
  "activity": 0.00881679894179894
}