{
  "bolusiob": 0.22510491299999996, 
  "iob": 1.647171897476751, 
  "activity": 0.03698899469135801
}