{
  "bolusiob": 0, 
  "iob": 0.4579914715783334, 
  "activity": 0.006822486772486771
}