{
  "bolusiob": 0, 
  "iob": -0.15396833070818056, 
  "activity": -0.0013631040564373899
}