{
  "bolusiob": 0, 
  "iob": 0.02634643367131946, 
  "activity": -0.00020399470899470863
}