{
  "bolusiob": 1.9644106200177778, 
  "iob": 2.8795269637987158, 
  "activity": 0.017339678130511463
}