{
  "bolusiob": 0, 
  "iob": -0.11709030834085912, 
  "activity": -0.00438297151675485
}