{
  "bolusiob": 0, 
  "iob": 0.3099273060394444, 
  "activity": 0.005058395061728394
}