{
  "bolusiob": 0, 
  "iob": -0.0508942172553014, 
  "activity": -0.0026774335978835984
}