{
  "bolusiob": 0, 
  "iob": -0.06837048430416182, 
  "activity": 0.0024211731746031735
}