{
  "bolusiob": 0, 
  "iob": -0.01358161860423611, 
  "activity": 0.000194232804232804
}