{
  "bolusiob": 0.31945793664000005, 
  "iob": 1.533663915809584, 
  "activity": 0.02235198412698412
}