{
  "bolusiob": 0, 
  "iob": -0.3612297211708889, 
  "activity": -0.005426296296296296
}