{
  "bolusiob": 0, 
  "iob": -0.11605259988611112, 
  "activity": 0.0005062169312169313
}