{
  "bolusiob": 0.5596431196977777, 
  "iob": 1.0692951474479022, 
  "activity": 0.00694126996472663
}