{
  "bolusiob": 0, 
  "iob": 0.42846654954563884, 
  "activity": 0.0031375044091710752
}