{
  "bolusiob": 0, 
  "iob": 0.9087117555172224, 
  "activity": 0.009761446208112874
}