{
  "bolusiob": 0, 
  "iob": 0.02554292550317084, 
  "activity": -0.002519509788359788
}