{
  "bolusiob": 0, 
  "iob": -0.05393863498055558, 
  "activity": 0.0013223721340388003
}