{
  "bolusiob": 0, 
  "iob": 0.19845138750263655, 
  "activity": 0.0020303791005291004
}