{
  "bolusiob": 0, 
  "iob": 0.48868923445491264, 
  "activity": 0.00509592619047619
}