{
  "bolusiob": 0, 
  "iob": 0.19975913310486113, 
  "activity": 0.0016150264550264548
}