{
  "bolusiob": 0, 
  "iob": 1.0107033364655558, 
  "activity": 0.04062245149911815
}