{
  "bolusiob": 0, 
  "iob": 0.5551020078069613, 
  "activity": 0.0097051233686067
}