{
  "bolusiob": 0, 
  "iob": -0.02025464995462161, 
  "activity": 0.0007241626278659585
}