{
  "bolusiob": 0, 
  "iob": 0.06848877622611124, 
  "activity": 0.0025799470899470884
}