{
  "bolusiob": 0, 
  "iob": 0.32759701135392366, 
  "activity": 0.003961366843033509
}