{
  "bolusiob": 0, 
  "iob": -0.07953559853166668, 
  "activity": 0.0022869753086419745
}