{
  "bolusiob": 0, 
  "iob": 0.19443412755833336, 
  "activity": 0.005035784832451498
}