{
  "bolusiob": 0, 
  "iob": -0.17978603298256424, 
  "activity": -0.005565527848324515
}