{
  "bolusiob": 0, 
  "iob": 0.39576582849811337, 
  "activity": 0.0024092771252204573
}