{
  "bolusiob": 0, 
  "iob": -0.013941179459812665, 
  "activity": 0.00015393306878306814
}