{
  "bolusiob": 0, 
  "iob": -0.28915928741986113, 
  "activity": -0.0018636596119929454
}