{
  "bolusiob": 0, 
  "iob": -0.2862874933865278, 
  "activity": -0.002936252204585538
}