{
  "bolusiob": 0, 
  "iob": -0.2921853944288889, 
  "activity": -0.0007045679012345678
}