{
  "bolusiob": 0.390510757, 
  "iob": 1.6550959779077776, 
  "activity": 0.022124991181657852
}