{
  "bolusiob": 0.04022623666666658, 
  "iob": 0.8734266102105556, 
  "activity": 0.023942610229276896
}