{
  "bolusiob": 0, 
  "iob": 0.22555926451097222, 
  "activity": 0.0014750440917107586
}