{
  "bolusiob": 0, 
  "iob": -0.3655003496481805, 
  "activity": -0.006514285714285713
}