{
  "bolusiob": 0.060791287960000016, 
  "iob": 0.22963268947204726, 
  "activity": 0.015828050881834213
}