{
  "bolusiob": 0, 
  "iob": 0.26280466073534725, 
  "activity": 0.006482248677248677
}