{
  "bolusiob": 1.2257409081244444, 
  "iob": 1.3838650835872222, 
  "activity": 0.007395123456790121
}