{
  "bolusiob": 0, 
  "iob": -0.004787860351994883, 
  "activity": 0.0021291597001763664
}