{
  "bolusiob": 0, 
  "iob": 0.41607667310951235, 
  "activity": 0.00821189587301587
}