{
  "bolusiob": 0, 
  "iob": 0.1482188535791158, 
  "activity": 0.006435564197530863
}