{
  "bolusiob": 0, 
  "iob": 1.1176689155291668, 
  "activity": 0.013342645502645498
}