{
  "bolusiob": 0, 
  "iob": 1.061297071809722, 
  "activity": 0.013048985890652554
}