{
  "bolusiob": 0, 
  "iob": 0.33578532835866665, 
  "activity": -0.0018254850088183418
}