{
  "bolusiob": 0, 
  "iob": 0.004434864111703567, 
  "activity": -0.0015661069664903
}