{
  "bolusiob": 0, 
  "iob": -0.33667308412447106, 
  "activity": -0.0017074957142857144
}