{
  "bolusiob": 0, 
  "iob": -0.5095474140185613, 
  "activity": -0.005076658218694883
}