{
  "bolusiob": 0, 
  "iob": 1.0399829469019086, 
  "activity": 0.02575392001763667
}