{
  "bolusiob": 0, 
  "iob": 0.22794695702285583, 
  "activity": 0.004609303086419753
}