{
  "bolusiob": 0, 
  "iob": 0.10970021720893805, 
  "activity": 0.002668950440917107
}