{
  "bolusiob": 0, 
  "iob": 0.555142994863794, 
  "activity": 0.0010273898589065252
}