{
  "bolusiob": 0, 
  "iob": -0.14990012831526273, 
  "activity": 0.005105758253968251
}