{
  "bolusiob": 0, 
  "iob": 0.8017122479574663, 
  "activity": 0.012585997089947088
}