{
  "bolusiob": 0, 
  "iob": -0.2629734218038403, 
  "activity": -0.0024485716049382723
}