{
  "bolusiob": 0, 
  "iob": 1.0543520118203777, 
  "activity": 0.010634982275132276
}