{
  "bolusiob": 0, 
  "iob": -0.28397289919055213, 
  "activity": -0.003791266843033508
}