{
  "bolusiob": 0, 
  "iob": 0.1742326116861827, 
  "activity": 0.005860193562610229
}