{
  "bolusiob": 0, 
  "iob": -0.08551472543977527, 
  "activity": -0.0008138005291005287
}