{
  "bolusiob": 0, 
  "iob": 0.12630014385671173, 
  "activity": 0.005316261393298057
}