{
  "bolusiob": 0.36125243666666673, 
  "iob": 0.5989051543355556, 
  "activity": 0.003330052910052908
}