{
  "bolusiob": 0, 
  "iob": 0.547790073987122, 
  "activity": 0.009781182081128747
}