{
  "bolusiob": 0.04696424408000003, 
  "iob": 1.4759701624757733, 
  "activity": 0.017542193633156962
}