{
  "bolusiob": 0, 
  "iob": -0.06140726554291667, 
  "activity": -0.0002856172839506174
}