{
  "bolusiob": 0, 
  "iob": -0.2633861513739854, 
  "activity": 0.0026352822751322755
}