{
  "bolusiob": 1.1275604220933335, 
  "iob": 2.975985257303132, 
  "activity": 0.033861040652557316
}