{
  "bolusiob": 0, 
  "iob": -0.6093267381647999, 
  "activity": -0.0034345766313932974
}