{
  "bolusiob": 0, 
  "iob": -0.11152980616722222, 
  "activity": -0.0016417548500881826
}