{
  "bolusiob": 0, 
  "iob": -0.11124152177028342, 
  "activity": -0.0004725488007054677
}