{
  "bolusiob": 0, 
  "iob": 0.13143875231901622, 
  "activity": 0.002572681146384479
}