{
  "bolusiob": 0, 
  "iob": 1.0947003608197812, 
  "activity": 0.012665423192239858
}