{
  "bolusiob": 0, 
  "iob": -0.10642174359077516, 
  "activity": -0.004272142504409171
}