{
  "bolusiob": 0, 
  "iob": -0.24427647722819443, 
  "activity": -0.0019025661375661374
}