{
  "bolusiob": 0, 
  "iob": 0.1932168267070725, 
  "activity": 0.002056199576719575
}