{
  "bolusiob": 0, 
  "iob": 0.07654310339568884, 
  "activity": 0.002966243509700176
}