{
  "bolusiob": 0.5165083051333332, 
  "iob": 2.1924289238819994, 
  "activity": 0.03784071428571427
}