{
  "bolusiob": 0, 
  "iob": 0.42486951658388894, 
  "activity": 0.0037558201058201066
}