{
  "bolusiob": 0, 
  "iob": 0.19729929009999997, 
  "activity": 0.005952142857142856
}