{
  "bolusiob": 0, 
  "iob": -0.38865453700055563, 
  "activity": -0.0020402910052910064
}