{
  "bolusiob": 0, 
  "iob": 0.017616340610833323, 
  "activity": 0.002786649029982363
}