{
  "bolusiob": 0, 
  "iob": 0.09982417259826223, 
  "activity": -0.00517432925925926
}