{
  "bolusiob": 0, 
  "iob": -0.017096201173445295, 
  "activity": 0.0019463753968253963
}