{
  "bolusiob": 0.17208719800000002, 
  "iob": 0.5491496236937501, 
  "activity": 0.01176201940035273
}