{
  "bolusiob": 0, 
  "iob": 0.8563579056762645, 
  "activity": 0.008857592239858905
}