{
  "bolusiob": 0, 
  "iob": 0.5993119217987135, 
  "activity": 0.00216992991181658
}