{
  "bolusiob": 0.022481562533333332, 
  "iob": 0.31050032415282897, 
  "activity": 0.007796578606701937
}