{
  "bolusiob": 0, 
  "iob": 0.3678579428705555, 
  "activity": 0.00630763668430335
}