{
  "bolusiob": 0, 
  "iob": 0.4119804350261474, 
  "activity": 0.0012936949735449733
}