{
  "bolusiob": 0, 
  "iob": -0.4858993788184009, 
  "activity": -0.011778298183421515
}