{
  "bolusiob": 0, 
  "iob": 0.7783146109341668, 
  "activity": 0.01056638447971781
}