{
  "bolusiob": 3.015765333334031e-05, 
  "iob": 0.5582824409609167, 
  "activity": 0.009523562610229271
}