{
  "bolusiob": 0, 
  "iob": 0.599491247718823, 
  "activity": 0.009247601322751318
}