{
  "bolusiob": 0, 
  "iob": -0.029358436660763883, 
  "activity": -0.0006644091710758396
}