{
  "bolusiob": 0, 
  "iob": -0.1544015093263889, 
  "activity": -0.0026317813051146377
}