{
  "bolusiob": 0, 
  "iob": -0.422755703805203, 
  "activity": -0.005746155026455026
}