{
  "bolusiob": 0, 
  "iob": -0.09512639512769194, 
  "activity": -0.0017575395061728393
}