{
  "bolusiob": 0, 
  "iob": 0.86976435899125, 
  "activity": 0.012852857142857136
}