{
  "bolusiob": 0, 
  "iob": 0.32702668663318174, 
  "activity": -0.0009138005467372132
}