{
  "bolusiob": 2.89258607616, 
  "iob": 3.430133164106172, 
  "activity": 0.014473000440917105
}