{
  "bolusiob": 0.28621183530666666, 
  "iob": -0.03930534954868175, 
  "activity": -0.0024430779717813053
}