{
  "bolusiob": 0, 
  "iob": 0.3799726918919238, 
  "activity": 0.007143394973544973
}