{
  "bolusiob": 0, 
  "iob": 0.38900201737999995, 
  "activity": 0.014402116402116399
}