{
  "bolusiob": 0.9402832779733334, 
  "iob": 1.727803635913481, 
  "activity": 0.01404514109347442
}