{
  "bolusiob": 0.17146285586666654, 
  "iob": 1.222485282367204, 
  "activity": 0.03915096985890653
}