{
  "bolusiob": 0.3235665434, 
  "iob": 1.3340543155040563, 
  "activity": 0.016358571640211643
}