{
  "bolusiob": 0, 
  "iob": 0.20907868919132758, 
  "activity": 0.0013480155731922397
}