{
  "bolusiob": 0, 
  "iob": 0.5338298216451668, 
  "activity": 0.009713051499118164
}