{
  "bolusiob": 0, 
  "iob": 0.022958153668333328, 
  "activity": 0.0010762786596119928
}