{
  "bolusiob": 1.1350086700622222, 
  "iob": 2.404146261760059, 
  "activity": 0.01332007633156966
}