{
  "bolusiob": 0, 
  "iob": 0.4983626214022014, 
  "activity": 0.008984708994708991
}