{
  "bolusiob": 0, 
  "iob": 0.04032750706156724, 
  "activity": -0.005457671746031743
}