{
  "bolusiob": 0, 
  "iob": -0.16492092195862063, 
  "activity": -0.0011282100881834212
}