{
  "bolusiob": 0, 
  "iob": 0.2721922309629971, 
  "activity": 0.012797301499118164
}