{
  "bolusiob": 0, 
  "iob": -0.25138438797086465, 
  "activity": 0.0018698940564373903
}