{
  "bolusiob": 0.40902766666666673, 
  "iob": 0.6785475272156944, 
  "activity": 0.0035790564373897717
}