{
  "bolusiob": 0, 
  "iob": 0.10490534576173803, 
  "activity": 0.0025144530864197523
}