{
  "bolusiob": 0, 
  "iob": 0.006738352090555559, 
  "activity": -4.315696649029992e-05
}