{
  "bolusiob": 0, 
  "iob": 0.6939846259225694, 
  "activity": 0.008619947089947089
}