{
  "bolusiob": 0, 
  "iob": 0.6160361572963334, 
  "activity": 0.006378641975308639
}