{
  "bolusiob": 0, 
  "iob": -0.40395752503428883, 
  "activity": -0.002847092768959435
}