{
  "bolusiob": 0, 
  "iob": 0.8476061985743056, 
  "activity": 0.016628950617283953
}