{
  "bolusiob": 0, 
  "iob": -0.07891995084503119, 
  "activity": 0.008881353615520279
}