{
  "bolusiob": 0.008003658560000003, 
  "iob": 0.45772029478769133, 
  "activity": 0.024898011728395054
}