{
  "bolusiob": 0, 
  "iob": -0.42842579202111325, 
  "activity": -0.006836103439153438
}