{
  "bolusiob": 0, 
  "iob": 0.7804163459934799, 
  "activity": 0.013217257760141092
}