{
  "bolusiob": 0, 
  "iob": -0.05474664484833748, 
  "activity": -0.0005355465608465608
}