{
  "bolusiob": 0, 
  "iob": -0.14933355882888888, 
  "activity": -0.00011617283950617283
}