{
  "bolusiob": 0, 
  "iob": 0.0971865781459027, 
  "activity": -0.0024102998236331568
}