{
  "bolusiob": 0, 
  "iob": 0.18859169747566665, 
  "activity": 0.0029743740211640207
}