{
  "bolusiob": 0, 
  "iob": 0.33850223518774997, 
  "activity": 0.0006343474426807758
}