{
  "bolusiob": 0, 
  "iob": 0.5281772828765049, 
  "activity": 0.0064446207231040565
}