{
  "bolusiob": 0, 
  "iob": 0.13016696131645833, 
  "activity": -0.00017284832451499118
}