{
  "bolusiob": 0, 
  "iob": 0.6008071082389658, 
  "activity": 0.005039136225749559
}