{
  "bolusiob": 0, 
  "iob": -0.34741751615284727, 
  "activity": -0.005447433862433859
}