{
  "bolusiob": 0, 
  "iob": 0.25599970851208337, 
  "activity": 0.0052306966490299825
}