{
  "bolusiob": 0, 
  "iob": 0.6172025110320506, 
  "activity": 0.005678930405643739
}