{
  "bolusiob": 0, 
  "iob": 0.29342146944999997, 
  "activity": 0.006484497354497352
}