{
  "bolusiob": 0, 
  "iob": -0.3675196232908889, 
  "activity": -0.004830229276895943
}