{
  "bolusiob": 0, 
  "iob": 0.4845219831084375, 
  "activity": 0.0065497354497354495
}