{
  "bolusiob": 1.4310138395733332, 
  "iob": 2.01970928379875, 
  "activity": 0.008277795414462078
}