{
  "bolusiob": 0, 
  "iob": -0.0036882199633333085, 
  "activity": 0.002423174603174603
}