{
  "bolusiob": 0, 
  "iob": 0.21560340449252358, 
  "activity": 0.0029099471428571423
}