{
  "bolusiob": 0.24466586995999998, 
  "iob": 1.987042528616947, 
  "activity": 0.0412766459435626
}