{
  "bolusiob": 0, 
  "iob": -0.08075286005777778, 
  "activity": -0.0002833862433862435
}