{
  "bolusiob": 0, 
  "iob": 0.14169354575111126, 
  "activity": 0.004360987654320981
}