{
  "bolusiob": 0, 
  "iob": -0.1338501781432436, 
  "activity": -0.0040983624338624325
}