{
  "bolusiob": 0, 
  "iob": -0.02348018414008335, 
  "activity": -0.002421199294532627
}