{
  "bolusiob": 0, 
  "iob": 0.013609625944742, 
  "activity": -0.0024920895943562607
}