{
  "bolusiob": 0, 
  "iob": 0.5939962350383331, 
  "activity": 0.002313306878306877
}