{
  "bolusiob": 0, 
  "iob": 0.24100886436944444, 
  "activity": 0.0026075573192239857
}