{
  "bolusiob": 0, 
  "iob": -0.14941545064277778, 
  "activity": -0.00024058201058201062
}