{
  "bolusiob": 1.0751431470000001, 
  "iob": 2.9035049110575004, 
  "activity": 0.030740132186948852
}