{
  "bolusiob": 0, 
  "iob": 0.6222974534620557, 
  "activity": 0.00668015873015873
}