{
  "bolusiob": 0, 
  "iob": 1.2772983270814022, 
  "activity": 0.020233019841269833
}