{
  "bolusiob": 0, 
  "iob": 0.31993206651453326, 
  "activity": 0.00329694897707231
}