{
  "bolusiob": 0, 
  "iob": 0.034782138078126724, 
  "activity": 0.020265220070546725
}