{
  "bolusiob": 0.0003260934399998749, 
  "iob": 1.0791305206105555, 
  "activity": 0.019902716049382718
}