{
  "bolusiob": 0, 
  "iob": -0.07702560921652776, 
  "activity": -0.0025436596119929452
}