{
  "bolusiob": 0, 
  "iob": -0.09457818256075003, 
  "activity": -0.0025902645502645493
}