{
  "bolusiob": 0, 
  "iob": 0.30958873509347473, 
  "activity": 0.003004206525573192
}