{
  "bolusiob": 0, 
  "iob": 0.21198814182468456, 
  "activity": 0.005942998218694884
}