{
  "bolusiob": 0, 
  "iob": -0.050476627215, 
  "activity": -0.00017052910052910045
}