{
  "bolusiob": 0, 
  "iob": -0.20211340585953358, 
  "activity": -0.0016051714109347442
}