{
  "bolusiob": 0, 
  "iob": 0.16792744180444447, 
  "activity": 0.005260987654320987
}