{
  "bolusiob": 0, 
  "iob": 0.33292598708861115, 
  "activity": 0.0052626895943562605
}