{
  "bolusiob": 0, 
  "iob": 0.6661986469703334, 
  "activity": 0.0038080335097001768
}