{
  "bolusiob": 0.0847899392, 
  "iob": 1.4403982580331536, 
  "activity": 0.03471435634920633
}