{
  "bolusiob": 0, 
  "iob": 0.27700255769582227, 
  "activity": 0.007447786596119929
}