{
  "bolusiob": 0, 
  "iob": 0.1143274419114669, 
  "activity": 0.006395820017636681
}