{
  "bolusiob": 0, 
  "iob": -0.3946776590297778, 
  "activity": -0.005031781305114637
}