{
  "bolusiob": 0, 
  "iob": 0.4810878922874962, 
  "activity": 0.007105053086419753
}