{
  "bolusiob": 0.7460752432, 
  "iob": 0.8300190976246667, 
  "activity": 0.0026561022927689584
}