{
  "bolusiob": 0, 
  "iob": -0.11380900876869504, 
  "activity": -0.004423245485008819
}