{
  "bolusiob": 0, 
  "iob": -0.22591847746222227, 
  "activity": -0.001935626102292769
}