{
  "bolusiob": 0.034926254626666896, 
  "iob": 1.0049569460416117, 
  "activity": 0.02784537037037037
}