{
  "bolusiob": 0, 
  "iob": 0.9063979121967827, 
  "activity": 0.009666578395061723
}