{
  "bolusiob": 0, 
  "iob": 0.4190519509924195, 
  "activity": 0.007101137354497354
}