{
  "bolusiob": 0.019425361466666624, 
  "iob": 0.5566469052309456, 
  "activity": 0.01647074065255732
}