{
  "bolusiob": 1.0351659748266666, 
  "iob": 0.6633317617438612, 
  "activity": -0.0011035626102292777
}