{
  "bolusiob": 0, 
  "iob": 0.521053132774364, 
  "activity": 0.005505952751322751
}