{
  "bolusiob": 0.4437004356666666, 
  "iob": 2.5770106469627776, 
  "activity": 0.038477901234567895
}