{
  "bolusiob": 0, 
  "iob": 0.11883820595131944, 
  "activity": -0.001231014109347442
}