{
  "bolusiob": 0, 
  "iob": 0.9079921111020837, 
  "activity": 0.008932883597883598
}