{
  "bolusiob": 0, 
  "iob": -0.4610280698663888, 
  "activity": -0.00256826278659612
}