{
  "bolusiob": 0, 
  "iob": 0.5520720327774975, 
  "activity": 0.0012678131393298055
}