{
  "bolusiob": 0, 
  "iob": -0.23580673087411377, 
  "activity": -0.0023082097883597875
}