{
  "bolusiob": 0, 
  "iob": -0.0074744930764532175, 
  "activity": -0.004691402310405643
}