{
  "bolusiob": 0, 
  "iob": 0.8114507369129443, 
  "activity": 0.012263827160493828
}