{
  "bolusiob": 0, 
  "iob": 0.2990045581733062, 
  "activity": 0.007063192204585536
}