{
  "bolusiob": 0, 
  "iob": -0.1594141245348472, 
  "activity": -0.0012875485008818337
}