{
  "bolusiob": 0, 
  "iob": 0.05546022384634078, 
  "activity": -0.0032696913932980594
}