{
  "bolusiob": 1.060158179226667, 
  "iob": 2.7167837825152774, 
  "activity": 0.028747364021164016
}