{
  "bolusiob": 0, 
  "iob": 0.7616670924986111, 
  "activity": 0.011352081128747794
}