{
  "bolusiob": 0, 
  "iob": -0.2953825529388256, 
  "activity": -0.00633881832451499
}