{
  "bolusiob": 0, 
  "iob": -0.545024806488, 
  "activity": -0.005675194003527337
}