{
  "bolusiob": 0, 
  "iob": 0.011387218899364192, 
  "activity": 0.003910043915343914
}