{
  "bolusiob": 0, 
  "iob": 0.9547983662709263, 
  "activity": 0.008324480564373895
}