{
  "bolusiob": 0, 
  "iob": 0.7928181988730556, 
  "activity": 0.007973492063492063
}