{
  "bolusiob": 0, 
  "iob": -0.2243678559752093, 
  "activity": -0.0015464990299823634
}