{
  "bolusiob": 0, 
  "iob": -0.33288948725965284, 
  "activity": -0.002943487654320987
}