{
  "bolusiob": 0, 
  "iob": 0.5434602549077778, 
  "activity": 0.002568077601410935
}