{
  "bolusiob": 0, 
  "iob": 0.31056919995799137, 
  "activity": 0.003680100264550264
}