{
  "bolusiob": 0, 
  "iob": -0.09412915301333334, 
  "activity": -0.0017441798941798946
}