{
  "bolusiob": 0, 
  "iob": 0.5785073298789565, 
  "activity": 0.004685803086419754
}