{
  "bolusiob": 0, 
  "iob": 0.22843135188203753, 
  "activity": 0.010687124867724867
}