{
  "bolusiob": 0, 
  "iob": -0.29846763459275694, 
  "activity": -0.0059147884832451494
}