{
  "bolusiob": 0, 
  "iob": -0.013734704665347222, 
  "activity": 8.69664902998235e-05
}