{
  "bolusiob": 0, 
  "iob": 0.47815166031777767, 
  "activity": 0.008624126984126977
}