{
  "bolusiob": 0, 
  "iob": -0.5180357104767939, 
  "activity": -0.005830453968253966
}