{
  "bolusiob": 0, 
  "iob": 0.578017344742398, 
  "activity": 0.012382557054673718
}