{
  "bolusiob": 0, 
  "iob": 0.5661651858357778, 
  "activity": 0.006666772486772485
}