{
  "bolusiob": 0.24735828282666666, 
  "iob": -0.10938698700175295, 
  "activity": -0.002555743298059964
}