{
  "bolusiob": 0, 
  "iob": 0.15033908905388887, 
  "activity": 0.001516552028218694
}