{
  "bolusiob": 0, 
  "iob": -0.04847815369328123, 
  "activity": 0.000887263298059964
}