{
  "bolusiob": 1.34560743684, 
  "iob": 2.9930438317576384, 
  "activity": 0.0347245414462081
}