{
  "bolusiob": 0, 
  "iob": 0.0963472515968993, 
  "activity": -0.00539231040564374
}