{
  "bolusiob": 0, 
  "iob": 0.04123597478935732, 
  "activity": -0.0024291355908289246
}