{
  "bolusiob": 0, 
  "iob": 0.050893448689692755, 
  "activity": 0.0002723280423280427
}