{
  "bolusiob": 0, 
  "iob": -0.11635763550533332, 
  "activity": -0.0021992680776014104
}