{
  "bolusiob": 0, 
  "iob": 0.08364958614777433, 
  "activity": 0.0014909169312169314
}