{
  "bolusiob": 0, 
  "iob": 0.034934836027168605, 
  "activity": 0.004703306701940034
}