{
  "bolusiob": 0, 
  "iob": 0.35982857716548483, 
  "activity": 0.00451395934744268
}