{
  "bolusiob": 0, 
  "iob": 0.015019066762645986, 
  "activity": 0.0009146119047619045
}