{
  "bolusiob": 0, 
  "iob": 0.051945054321944434, 
  "activity": 0.0004082980599647266
}