{
  "bolusiob": 0, 
  "iob": 0.13094593582357095, 
  "activity": 0.0022882450617283953
}