{
  "bolusiob": 0, 
  "iob": 0.06027686569116041, 
  "activity": 0.0012514990299823635
}