{
  "bolusiob": 0, 
  "iob": 0.08983166621999997, 
  "activity": 0.0013389417989417987
}