{
  "bolusiob": 0, 
  "iob": 0.34114969913158383, 
  "activity": 0.01867285723104056
}