{
  "bolusiob": 0, 
  "iob": -0.0020256102172359763, 
  "activity": 0.0011682187830687825
}