{
  "bolusiob": 0, 
  "iob": -0.5150350152240462, 
  "activity": -0.004287072504409171
}