{
  "bolusiob": 0, 
  "iob": -0.1742973155500776, 
  "activity": -0.004478976560846558
}