{
  "bolusiob": 0.1673502342400001, 
  "iob": 1.2095857788300002, 
  "activity": 0.021269770723104053
}