{
  "bolusiob": 0, 
  "iob": -0.0402850191844444, 
  "activity": 0.0018115784832451506
}