{
  "bolusiob": 2.1860376042666667, 
  "iob": 2.7198870860994453, 
  "activity": 0.015720017636684302
}