{
  "bolusiob": 0, 
  "iob": -0.032275753286984385, 
  "activity": -3.7945449735450056e-05
}