{
  "bolusiob": 0, 
  "iob": -0.4717711440742414, 
  "activity": -0.006312733509700176
}