{
  "bolusiob": 0, 
  "iob": 0.0943434376231158, 
  "activity": 0.005057786419753085
}