{
  "bolusiob": 0, 
  "iob": -0.058688450378333326, 
  "activity": -0.002756534391534391
}