{
  "bolusiob": 0, 
  "iob": -0.15961221334275177, 
  "activity": -0.0008845329982363319
}