{
  "bolusiob": 0, 
  "iob": -0.05454652360887645, 
  "activity": 0.0005974956790123466
}