{
  "bolusiob": 0, 
  "iob": 0.5160166156759376, 
  "activity": 0.006585026455026453
}