{
  "bolusiob": 0, 
  "iob": -0.2510200022756037, 
  "activity": -0.0028788094356261024
}