{
  "bolusiob": 0, 
  "iob": 0.11416749474275002, 
  "activity": 0.004889197530864196
}