{
  "bolusiob": 0, 
  "iob": 0.21790943900618398, 
  "activity": 0.005647800282186949
}