{
  "bolusiob": 0, 
  "iob": 0.18899481869810714, 
  "activity": -0.0003396910934744265
}