{
  "bolusiob": 0, 
  "iob": 0.500819394529528, 
  "activity": 0.0042281040564373885
}