{
  "bolusiob": 0, 
  "iob": -0.44607455193125, 
  "activity": -0.00010592592592592588
}