{
  "bolusiob": 0, 
  "iob": 0.33022371199978284, 
  "activity": 0.005131137936507936
}