{
  "bolusiob": 0, 
  "iob": -0.03345668320744093, 
  "activity": -0.00021049365079365043
}