{
  "bolusiob": 0, 
  "iob": -0.05781655566745165, 
  "activity": -0.0005242987654320985
}