{
  "bolusiob": 0.4254475753777778, 
  "iob": 0.4867914102605556, 
  "activity": -0.0001345855379188713
}