{
  "bolusiob": 0, 
  "iob": 0.41182622627143073, 
  "activity": 0.005706587671957672
}