{
  "bolusiob": 0, 
  "iob": 0.6430283969945038, 
  "activity": 0.004272598148148147
}