{
  "bolusiob": 0.03729882603999999, 
  "iob": 0.2658018059833333, 
  "activity": 0.011924620811287475
}