{
  "bolusiob": 0, 
  "iob": 0.5068181676289791, 
  "activity": 0.007396631393298059
}