{
  "bolusiob": 0.16605969563999998, 
  "iob": 0.774272807044448, 
  "activity": 0.019114259188712512
}