{
  "bolusiob": 0, 
  "iob": -0.2144756232915152, 
  "activity": -0.0035820699470899523
}