{
  "bolusiob": 0, 
  "iob": 0.25178856068752287, 
  "activity": 0.009573712892416228
}