{
  "bolusiob": 0, 
  "iob": 0.42798292100986113, 
  "activity": 0.007612751322751318
}