{
  "bolusiob": 0, 
  "iob": -0.15357515643034714, 
  "activity": 0.005075925643738974
}