{
  "bolusiob": 0, 
  "iob": -0.33414122470908597, 
  "activity": -0.0048324602292768954
}