{
  "bolusiob": 0, 
  "iob": -0.3047803522269942, 
  "activity": -0.004284585185185184
}