{
  "bolusiob": 0, 
  "iob": -0.4667732102270834, 
  "activity": -0.0018920458553791887
}