{
  "bolusiob": 0, 
  "iob": -0.11883449121111116, 
  "activity": -0.004488350970017636
}