{
  "bolusiob": 0, 
  "iob": 0.4693551393123654, 
  "activity": 0.007654206613756614
}