{
  "bolusiob": 0, 
  "iob": -0.5413909287344444, 
  "activity": -0.005729541446208113
}