{
  "bolusiob": 0.08108994133333336, 
  "iob": 0.7354167732365277, 
  "activity": 0.014540784832451496
}