{
  "bolusiob": 0, 
  "iob": 0.7963824639221458, 
  "activity": 0.01256317485008818
}