{
  "bolusiob": 0.06607532106666664, 
  "iob": 0.6219081035550558, 
  "activity": 0.009897883597883596
}