{
  "bolusiob": 0, 
  "iob": 0.10036410753525582, 
  "activity": 0.0023633419753086404
}