{
  "bolusiob": 0, 
  "iob": 0.3471468635266667, 
  "activity": 0.004937460317460317
}