{
  "bolusiob": 0.3621042367111111, 
  "iob": 0.5810456384177778, 
  "activity": 0.0009122751322751321
}