{
  "bolusiob": 0.9732751974400001, 
  "iob": 1.5454524521563315, 
  "activity": 0.026804850176366836
}