{
  "bolusiob": 0.13915362309333312, 
  "iob": 2.005843264298639, 
  "activity": 0.04132617075837742
}