{
  "bolusiob": 0, 
  "iob": 0.16482854244721742, 
  "activity": -0.0031224690476190473
}