{
  "bolusiob": 0, 
  "iob": 0.6218041468109933, 
  "activity": 0.011952354744268076
}