{
  "bolusiob": 0, 
  "iob": -0.18450922337042708, 
  "activity": -0.004216913492063492
}