{
  "bolusiob": 0, 
  "iob": 0.09871435574722223, 
  "activity": 0.00015993827160493826
}