{
  "bolusiob": 0, 
  "iob": -0.639871416760764, 
  "activity": 0.004624223985890645
}