{
  "bolusiob": 0.01310184373333334, 
  "iob": 0.7745029352153573, 
  "activity": 0.013672962874779539
}