{
  "bolusiob": 1.7026233241600002, 
  "iob": 3.121482194349456, 
  "activity": 0.025361036155202805
}