{
  "bolusiob": 0, 
  "iob": -0.35826547578867773, 
  "activity": -0.004059655996472662
}