{
  "bolusiob": 0, 
  "iob": 0.07135906245036319, 
  "activity": 0.0007436507054673718
}