{
  "bolusiob": 0, 
  "iob": 0.1144889611238889, 
  "activity": -0.0009631393298059965
}