{
  "bolusiob": 0, 
  "iob": 0.3215384145987685, 
  "activity": 0.005048147918871252
}