{
  "bolusiob": 0, 
  "iob": 0.20476323288759446, 
  "activity": 0.002419250440917107
}