{
  "bolusiob": 0.124482982, 
  "iob": 1.4812789760265825, 
  "activity": 0.015590089999999996
}