{
  "bolusiob": 0, 
  "iob": 0.18261477539300006, 
  "activity": 0.004103439153439152
}