{
  "bolusiob": 0, 
  "iob": 0.35692726309041656, 
  "activity": 0.0060261640211640155
}