{
  "bolusiob": 0, 
  "iob": -0.2566901066653855, 
  "activity": 0.0011592238624338622
}