{
  "bolusiob": 0, 
  "iob": 0.7049185448943611, 
  "activity": 0.008846490299823631
}