{
  "bolusiob": 0, 
  "iob": 0.07586634838871717, 
  "activity": 0.002627745326278659
}