{
  "bolusiob": 0, 
  "iob": -0.10908315411180557, 
  "activity": -0.0006867813051146382
}