{
  "bolusiob": 0, 
  "iob": 0.01870454291804626, 
  "activity": -0.00045825564373897616
}