{
  "bolusiob": 0, 
  "iob": 0.2552173126902359, 
  "activity": -0.00019543192239858886
}