{
  "bolusiob": 0.9465301957155556, 
  "iob": 1.8005334545120006, 
  "activity": 0.0162863492063492
}