{
  "bolusiob": 0.6047716212177778, 
  "iob": 1.4433611586952348, 
  "activity": 0.016013007054673716
}