{
  "bolusiob": 0, 
  "iob": -0.03685862173128432, 
  "activity": 0.004156719453262786
}