{
  "bolusiob": 0, 
  "iob": -0.20151781552819448, 
  "activity": -0.003512134038800706
}