{
  "bolusiob": 0, 
  "iob": 0.5140864280949999, 
  "activity": 0.009277425044091708
}