{
  "bolusiob": 0.10594027756, 
  "iob": -0.047806191300022484, 
  "activity": -0.002223729894179894
}