{
  "bolusiob": 0, 
  "iob": -0.07459411830277785, 
  "activity": -0.001576543209876543
}