{
  "bolusiob": 0, 
  "iob": -0.14152024158760415, 
  "activity": -0.003554739858906525
}