{
  "bolusiob": 0.6145721564266666, 
  "iob": 2.04507540982157, 
  "activity": 0.021610432204585528
}