{
  "bolusiob": 0, 
  "iob": 0.6133608363956201, 
  "activity": 0.004743571710758378
}