{
  "bolusiob": 0, 
  "iob": 0.8534704978759525, 
  "activity": 0.01876566477954144
}