{
  "bolusiob": 0, 
  "iob": 0.2972451386926847, 
  "activity": 0.00039723077601410935
}