{
  "bolusiob": 0, 
  "iob": 0.40223065574431954, 
  "activity": 0.008410132275132272
}