{
  "bolusiob": 0, 
  "iob": -0.24503040238197013, 
  "activity": -0.0017911905291005301
}