{
  "bolusiob": 0.09567830271999991, 
  "iob": 1.0696030207923812, 
  "activity": 0.026607072574955908
}