{
  "bolusiob": 0, 
  "iob": 0.3018759844844444, 
  "activity": 0.0015664726631393296
}