{
  "bolusiob": 0, 
  "iob": -0.6399117629200238, 
  "activity": -0.004668562980599647
}