{
  "bolusiob": 0, 
  "iob": 0.0748503083430308, 
  "activity": -0.002452530899470898
}