{
  "bolusiob": 0, 
  "iob": 0.2064320672974877, 
  "activity": 0.0018695237213403881
}