{
  "bolusiob": 0, 
  "iob": -0.8695665005805556, 
  "activity": -0.008365670194003529
}