{
  "bolusiob": 1.4745471510400001, 
  "iob": 2.1116268890644436, 
  "activity": 0.01699172839506172
}