{
  "bolusiob": 3.436500875573334, 
  "iob": 4.09192778712023, 
  "activity": 0.014660714320987655
}