{
  "bolusiob": 1.9710129962666667, 
  "iob": 2.603794753703889, 
  "activity": 0.017031269841269837
}