{
  "bolusiob": -0.00039486336000007507, 
  "iob": 1.126382981368594, 
  "activity": 0.020674841269841267
}