{
  "bolusiob": 1.2695148617955556, 
  "iob": 2.37278448005281, 
  "activity": 0.03151252213403879
}