{
  "bolusiob": 0.2256990764399999, 
  "iob": 0.8811753780259113, 
  "activity": 0.01974569638447972
}