{
  "bolusiob": 0, 
  "iob": -0.1311560556182291, 
  "activity": 0.0035348941798941788
}