{
  "bolusiob": 0, 
  "iob": -0.27600663435599204, 
  "activity": -0.003757404409171075
}