{
  "bolusiob": 0, 
  "iob": -0.38514725170916675, 
  "activity": -0.0005009435626102296
}