{
  "bolusiob": 0, 
  "iob": -0.10892577256010015, 
  "activity": -0.0052864397354497345
}