{
  "bolusiob": 0, 
  "iob": 0.7152730281833324, 
  "activity": 0.03301094356261024
}