{
  "bolusiob": 0, 
  "iob": -0.15869629661534124, 
  "activity": -0.0005519844268077605
}