{
  "bolusiob": 0, 
  "iob": 0.12266254430931947, 
  "activity": 0.006955264550264548
}