{
  "bolusiob": 0, 
  "iob": 0.034001285335000006, 
  "activity": 0.0019997354497354497
}