{
  "bolusiob": 0, 
  "iob": -0.04305486953827707, 
  "activity": -0.0017556436507936502
}