{
  "bolusiob": 0.050219833066666636, 
  "iob": 0.3200913851014526, 
  "activity": 0.006365696384479718
}