{
  "bolusiob": 0, 
  "iob": -0.27284250634925583, 
  "activity": -0.002446604761904761
}