{
  "bolusiob": 0, 
  "iob": -0.20074710673833346, 
  "activity": -0.0012322574955908312
}