{
  "bolusiob": 0.013254890666666698, 
  "iob": -0.2603565753829429, 
  "activity": -0.0018294095767195761
}