{
  "bolusiob": 0, 
  "iob": -0.26994826899696045, 
  "activity": -0.004976975220458553
}