{
  "bolusiob": 0, 
  "iob": 0.6866566414621476, 
  "activity": 0.016075388500881825
}