{
  "bolusiob": 0, 
  "iob": 0.5036625143172249, 
  "activity": 0.0016847706349206355
}