{
  "bolusiob": 0, 
  "iob": -0.17834014823361113, 
  "activity": 0.0013990211640211633
}