{
  "bolusiob": 0, 
  "iob": -0.41778837965387505, 
  "activity": -0.0003012433862433855
}