{
  "bolusiob": 0, 
  "iob": 1.03648143773, 
  "activity": 0.034419470899470894
}