{
  "bolusiob": 0, 
  "iob": 0.4165585701515278, 
  "activity": 0.007503615520282185
}