{
  "bolusiob": 0, 
  "iob": -0.4465591504779167, 
  "activity": 7.54673721340388e-05
}