{
  "bolusiob": 0, 
  "iob": -0.18544810872727696, 
  "activity": -0.0006913577601410932
}