{
  "bolusiob": 0, 
  "iob": -0.011161538959213489, 
  "activity": -0.002778935326278659
}