{
  "bolusiob": 0, 
  "iob": 0.7206170660341471, 
  "activity": 0.00295482380952381
}