{
  "bolusiob": 0.00021872876000000874, 
  "iob": 0.04852967843666662, 
  "activity": 0.017546913580246914
}