{
  "bolusiob": 0, 
  "iob": 0.20247058103194443, 
  "activity": 0.002862557319223986
}