{
  "bolusiob": 0, 
  "iob": 0.16398178636972227, 
  "activity": 0.0029237213403880058
}