{
  "bolusiob": 0.5250775546488888, 
  "iob": 0.6526632359955555, 
  "activity": 0.0028846913580246906
}