{
  "bolusiob": 0, 
  "iob": 0.1626006806602086, 
  "activity": -0.0016766049735449733
}