{
  "bolusiob": 0, 
  "iob": -0.08806247828925498, 
  "activity": 0.00031808407407407305
}