{
  "bolusiob": 0, 
  "iob": 0.33665206527399777, 
  "activity": 0.007505528395061726
}