{
  "bolusiob": 1.4480472021333335, 
  "iob": 2.426416758211667, 
  "activity": 0.026815061728395064
}