{
  "bolusiob": 0, 
  "iob": 0.43807369712000005, 
  "activity": 0.0072921693121693115
}