{
  "bolusiob": 0, 
  "iob": 0.2973559835972223, 
  "activity": 0.004958430335097001
}