{
  "bolusiob": 2.7969371542933334, 
  "iob": 3.908400960618241, 
  "activity": 0.020432354532627862
}