{
  "bolusiob": 0, 
  "iob": 1.0853333130891807, 
  "activity": 0.013318077848324514
}