{
  "bolusiob": 0, 
  "iob": 0.3008317052420883, 
  "activity": -0.0014616665432098763
}