{
  "bolusiob": 0, 
  "iob": 0.15498415149433134, 
  "activity": 0.0044176452380952375
}