{
  "bolusiob": 0, 
  "iob": 0.4317551884344349, 
  "activity": 0.004604620723104055
}