{
  "bolusiob": 0, 
  "iob": 0.6049331333163371, 
  "activity": 0.00476780414462081
}