{
  "bolusiob": 1.0497876553955556, 
  "iob": 2.4336979585909004, 
  "activity": 0.014698992257495588
}