{
  "bolusiob": -5.035000000042089e-06, 
  "iob": 1.249822996469167, 
  "activity": 0.04865958553791886
}