{
  "bolusiob": 0, 
  "iob": 0.5453110906660095, 
  "activity": 0.009191297971781302
}