{
  "bolusiob": 0, 
  "iob": -0.47793762874694456, 
  "activity": -0.0012615608465608465
}