{
  "bolusiob": 0, 
  "iob": -0.04299070883361111, 
  "activity": -0.002052380952380952
}