{
  "bolusiob": 0.005255600999999966, 
  "iob": 0.5797668591283334, 
  "activity": 0.01240326278659612
}