{
  "bolusiob": 1.2433696041777775, 
  "iob": 2.100703721226042, 
  "activity": 0.013087160493827158
}