{
  "bolusiob": 1.0073432575333334, 
  "iob": 2.15585900449938, 
  "activity": 0.027083985626102293
}