{
  "bolusiob": 0, 
  "iob": 0.9233394802990278, 
  "activity": 0.022392654320987655
}