{
  "bolusiob": 0, 
  "iob": -0.4386510982724021, 
  "activity": -0.0019936426807760136
}