{
  "bolusiob": 0, 
  "iob": 0.21910544811777777, 
  "activity": 0.0005646560846560846
}