{
  "bolusiob": 0, 
  "iob": -0.19006641004194447, 
  "activity": -0.002962257495590829
}