{
  "bolusiob": 0, 
  "iob": 0.28456139865597224, 
  "activity": 0.005559576719576719
}