{
  "bolusiob": 0, 
  "iob": 0.5798863878214202, 
  "activity": 0.012608712275132274
}