{
  "bolusiob": 0, 
  "iob": -0.5106731887780451, 
  "activity": -0.005620353104056437
}