{
  "bolusiob": 0, 
  "iob": 1.0941774414976388, 
  "activity": 0.0114571164021164
}