{
  "bolusiob": 5.576947855928889, 
  "iob": 6.192035539483888, 
  "activity": 0.017527107583774244
}