{
  "bolusiob": 0, 
  "iob": -0.5775174607359295, 
  "activity": -0.005557213774250438
}