{
  "bolusiob": 0.8638728780266668, 
  "iob": 1.543871876221401, 
  "activity": 0.010415140934744268
}