{
  "bolusiob": 3.573107776, 
  "iob": 3.8562725268887497, 
  "activity": 0.010622248677248675
}