{
  "bolusiob": 0, 
  "iob": 0.5909631823844983, 
  "activity": 0.00816534746031746
}