{
  "bolusiob": 0, 
  "iob": 0.18154688357111112, 
  "activity": 0.004946878306878307
}