{
  "bolusiob": 0, 
  "iob": 1.1019244710864347, 
  "activity": 0.018523573774250433
}