{
  "bolusiob": 0, 
  "iob": 0.58779675037463, 
  "activity": 0.009102266560846558
}