{
  "bolusiob": 0.15019111404000005, 
  "iob": 0.7415994427196128, 
  "activity": 0.018791596049382707
}