{
  "bolusiob": 0, 
  "iob": 0.8747327691847224, 
  "activity": 0.009993456790123454
}