{
  "bolusiob": 0, 
  "iob": 0.1372028662640126, 
  "activity": 0.0015961330335096992
}