{
  "bolusiob": 0, 
  "iob": -0.3084160149704167, 
  "activity": -0.002373165784832451
}