{
  "bolusiob": 0, 
  "iob": 0.1744179853276389, 
  "activity": 0.0031528218694885355
}