{
  "bolusiob": 0, 
  "iob": 0.7442201695406352, 
  "activity": 0.010346040881834212
}