{
  "bolusiob": 0, 
  "iob": -0.31491964729819444, 
  "activity": -0.002297186948853615
}