{
  "bolusiob": 0, 
  "iob": 0.022445786075521394, 
  "activity": 0.001060846296296296
}