{
  "bolusiob": 0, 
  "iob": 0.4833951387870557, 
  "activity": 0.007960670194003528
}