{
  "bolusiob": 0, 
  "iob": -0.1920613446225004, 
  "activity": -0.004042645414462081
}