{
  "bolusiob": 0, 
  "iob": 0.22542577288611113, 
  "activity": 0.0027170811287477955
}