{
  "bolusiob": 0, 
  "iob": 0.03761012613050138, 
  "activity": 0.001205819841269841
}