{
  "bolusiob": 0, 
  "iob": -0.8201320699159728, 
  "activity": -0.006671966137566137
}