{
  "bolusiob": 0, 
  "iob": -0.13629717464625002, 
  "activity": 0.001304559082892416
}