{
  "bolusiob": 1.6366327607466669, 
  "iob": 2.2541349502877774, 
  "activity": 0.016540123456790113
}