{
  "bolusiob": 0, 
  "iob": -0.007994083365277786, 
  "activity": -0.0016636772486772486
}