{
  "bolusiob": 0.2677201136133333, 
  "iob": 0.5668012554543657, 
  "activity": 0.003155873192239858
}