{
  "bolusiob": 0, 
  "iob": -0.12474273541049197, 
  "activity": -0.003877675343915347
}