{
  "bolusiob": 0, 
  "iob": 0.02735788614713804, 
  "activity": 0.0014885977072310401
}