{
  "bolusiob": 0, 
  "iob": 0.3796774214829018, 
  "activity": 0.005110317231040564
}