{
  "bolusiob": 0, 
  "iob": -0.1571636372206479, 
  "activity": -0.000625211940035274
}