{
  "bolusiob": 0, 
  "iob": 1.2250681767354443, 
  "activity": 0.01054352733686067
}