{
  "bolusiob": 0, 
  "iob": 0.1450932700973273, 
  "activity": -0.00048566982363315624
}