{
  "bolusiob": 0, 
  "iob": -0.1332978042146618, 
  "activity": 0.002094823192239858
}