{
  "bolusiob": 0.63988697216, 
  "iob": 1.0341591966851815, 
  "activity": 0.013350590740740739
}