{
  "bolusiob": 0, 
  "iob": -0.3283708857621667, 
  "activity": -0.006390414462081127
}