{
  "bolusiob": 0, 
  "iob": 0.9197608351489227, 
  "activity": 0.017240808641975306
}