{
  "bolusiob": 0, 
  "iob": 0.09385763711166664, 
  "activity": 0.0005941446208112874
}