{
  "bolusiob": 0, 
  "iob": 0.797016077445611, 
  "activity": 0.00872784832451499
}