{
  "bolusiob": 0, 
  "iob": 0.4204472515422223, 
  "activity": 0.00884084656084656
}