{
  "bolusiob": 0, 
  "iob": 0.6668778242322709, 
  "activity": 0.003620555802469135
}