{
  "bolusiob": 0, 
  "iob": 0.8151110501114984, 
  "activity": 0.007589753174603173
}