{
  "bolusiob": 0, 
  "iob": -0.7770261402320832, 
  "activity": -0.006313430335096999
}