{
  "bolusiob": 0, 
  "iob": 0.5488015934693543, 
  "activity": 0.004085255731922399
}