{
  "bolusiob": 0, 
  "iob": 0.43056195907256734, 
  "activity": -0.0012926537566137562
}