{
  "bolusiob": 0, 
  "iob": 0.22664790151111114, 
  "activity": 0.005948377425044091
}