{
  "bolusiob": 0, 
  "iob": 0.14470463542119444, 
  "activity": -0.0022942680776014113
}