{
  "bolusiob": 0, 
  "iob": -0.31093620126666666, 
  "activity": -0.0017054320987654318
}