{
  "bolusiob": 0.3060383766755556, 
  "iob": 0.8617564633266548, 
  "activity": 0.010978283068783063
}