{
  "bolusiob": 0, 
  "iob": 0.1871434665142114, 
  "activity": 0.007344788183421514
}