{
  "bolusiob": 0, 
  "iob": 0.675524438, 
  "activity": 0.01851864197530864
}