{
  "bolusiob": 0, 
  "iob": 0.3659812882386667, 
  "activity": 0.002848977072310404
}