{
  "bolusiob": 0, 
  "iob": 0.04993508676977268, 
  "activity": 0.00010292777777777833
}