{
  "bolusiob": 0, 
  "iob": 0.705901298080799, 
  "activity": 0.008699258994708994
}