{
  "bolusiob": 0.8230366038222222, 
  "iob": 1.7248540698703692, 
  "activity": 0.015276534126984124
}