{
  "bolusiob": 0, 
  "iob": -0.3653089281504561, 
  "activity": -0.005352658183421515
}