{
  "bolusiob": 0, 
  "iob": -0.8605884621905449, 
  "activity": -0.010638157460317458
}