{
  "bolusiob": 0, 
  "iob": 0.05599271893166666, 
  "activity": 0.00191800705467372
}