{
  "bolusiob": 0, 
  "iob": -0.11192994119033332, 
  "activity": -0.002197134038800705
}