{
  "bolusiob": 0, 
  "iob": 0.02464133383986138, 
  "activity": 0.001083068518518518
}