{
  "bolusiob": 0, 
  "iob": 0.11053371257035417, 
  "activity": 0.001688813932980599
}