{
  "bolusiob": 0, 
  "iob": 0.5389768732253389, 
  "activity": 0.006874938324514988
}