{
  "bolusiob": 0, 
  "iob": -0.08860075380888886, 
  "activity": 0.0024570017636684283
}