{
  "bolusiob": 0, 
  "iob": 0.4385607719042529, 
  "activity": 0.005575829294532627
}