{
  "bolusiob": 0, 
  "iob": 0.5862136114022223, 
  "activity": 0.003533430335097001
}