{
  "bolusiob": 0, 
  "iob": -0.07124924358283168, 
  "activity": -0.0017409488007054667
}