{
  "bolusiob": 0, 
  "iob": 0.07505942514944444, 
  "activity": 0.0015185802469135801
}