{
  "bolusiob": 0, 
  "iob": 0.23112389414075005, 
  "activity": 0.002882380952380952
}