{
  "bolusiob": 0, 
  "iob": 0.4075159509693195, 
  "activity": 0.008735493827160492
}