{
  "bolusiob": 0, 
  "iob": -0.052987050339166675, 
  "activity": -0.00457515873015873
}