{
  "bolusiob": 1.7173977216666667, 
  "iob": 3.2459487953347774, 
  "activity": 0.02924089947089947
}