{
  "bolusiob": 0.07948994533333337, 
  "iob": 0.753584779473996, 
  "activity": 0.01576726666666666
}