{
  "bolusiob": 0.6719040763066667, 
  "iob": 1.2614470071680555, 
  "activity": 0.01071800705467372
}