{
  "bolusiob": 0, 
  "iob": -0.02315063365160803, 
  "activity": -0.0015653348324514986
}