{
  "bolusiob": 0, 
  "iob": -0.08934875575559326, 
  "activity": 0.003725648589065255
}