{
  "bolusiob": 0, 
  "iob": -0.1663992537930556, 
  "activity": -0.001369338624338624
}