{
  "bolusiob": 0, 
  "iob": 0.5401590864929653, 
  "activity": 0.004256358024691358
}