{
  "bolusiob": 0, 
  "iob": 0.46235535246261106, 
  "activity": 0.008048994708994709
}