{
  "bolusiob": 1.7590980891733334, 
  "iob": 3.9481039442991066, 
  "activity": 0.040723880158730144
}