{
  "bolusiob": 0, 
  "iob": -0.4387798965367414, 
  "activity": -0.006765722927689592
}