{
  "bolusiob": 0, 
  "iob": 0.10257329780606303, 
  "activity": 0.002463662645502645
}