{
  "bolusiob": 0, 
  "iob": 0.040430105310694464, 
  "activity": -0.0009415255731922394
}