{
  "bolusiob": 0.21027753152000017, 
  "iob": 1.4709216760322217, 
  "activity": 0.023668007054673718
}