{
  "bolusiob": 0, 
  "iob": 0.40160661100255524, 
  "activity": 0.0068620811287477875
}