{
  "bolusiob": 0, 
  "iob": 0.9640693082766731, 
  "activity": 0.008902777689594356
}