{
  "bolusiob": 0, 
  "iob": 0.728231811390903, 
  "activity": 0.008112349206349203
}