{
  "bolusiob": 0, 
  "iob": -0.7011732153308446, 
  "activity": -0.005205542151675485
}