{
  "bolusiob": 0, 
  "iob": -0.37960089363155014, 
  "activity": 0.004342475432098765
}