{
  "bolusiob": 0, 
  "iob": -0.07777922342285402, 
  "activity": -0.0024938274074074074
}