{
  "bolusiob": 0, 
  "iob": 0.3950402982912897, 
  "activity": -0.004236589647266312
}