{
  "bolusiob": 0, 
  "iob": 0.23974907312239035, 
  "activity": 0.0030189149559082884
}