{
  "bolusiob": 0, 
  "iob": -0.3242635017881025, 
  "activity": -0.005240211798941799
}