{
  "bolusiob": 0, 
  "iob": -0.24482607329429898, 
  "activity": -0.004523500864197529
}