{
  "bolusiob": 0, 
  "iob": 0.9054143113343605, 
  "activity": 0.014162610335097001
}