{
  "bolusiob": 0, 
  "iob": 0.689404381561959, 
  "activity": 0.0069111905820105814
}