{
  "bolusiob": 0, 
  "iob": 0.15560042543154176, 
  "activity": 0.006988650793650794
}