{
  "bolusiob": 0.0033161908000001183, 
  "iob": 0.21521005729694437, 
  "activity": 0.008201534391534392
}