{
  "bolusiob": 0, 
  "iob": 0.1984165640105554, 
  "activity": 0.024478121693121687
}