{
  "bolusiob": 0, 
  "iob": -0.2201978742437971, 
  "activity": 0.002098253703703703
}