{
  "bolusiob": 0, 
  "iob": -0.3588819707362362, 
  "activity": -0.0037260229276895934
}