{
  "bolusiob": 0, 
  "iob": 0.6035619349518326, 
  "activity": 0.00811919987654321
}