{
  "bolusiob": 0, 
  "iob": 0.32138247964922684, 
  "activity": 0.004153544726631392
}