{
  "bolusiob": 0, 
  "iob": 0.9006377911449166, 
  "activity": 0.007962213403880068
}