{
  "bolusiob": 0, 
  "iob": 0.13198668162946137, 
  "activity": 0.006423174338624337
}