{
  "bolusiob": 0, 
  "iob": 0.026972225915000002, 
  "activity": 0.0012002645502645496
}