{
  "bolusiob": 0, 
  "iob": 0.17132875665175232, 
  "activity": 0.00035297442680776045
}