{
  "bolusiob": 0.47799824, 
  "iob": 0.11796646546802014, 
  "activity": -0.0019317286419753088
}