{
  "bolusiob": 0, 
  "iob": -0.05844473079739709, 
  "activity": -0.002148236243386243
}