{
  "bolusiob": 0, 
  "iob": 0.32731650786055555, 
  "activity": -0.0010182363315696657
}