{
  "bolusiob": 0, 
  "iob": -0.02098591752645833, 
  "activity": -0.0011877865961199292
}