{
  "bolusiob": 0, 
  "iob": -0.16757148558833332, 
  "activity": -0.004621552028218694
}