{
  "bolusiob": 0, 
  "iob": -0.019348927945786944, 
  "activity": -0.0014103436507936508
}