{
  "bolusiob": 0, 
  "iob": 0.3668297405820834, 
  "activity": 0.0058937654320987635
}