{
  "bolusiob": 0, 
  "iob": 0.23173997284382855, 
  "activity": 0.005677636331569664
}