{
  "bolusiob": 0, 
  "iob": 1.0944627622774998, 
  "activity": 0.0120160582010582
}