{
  "bolusiob": 0, 
  "iob": 0.7815666063441297, 
  "activity": 0.010959489523809523
}