{
  "bolusiob": 0.07130129515999999, 
  "iob": 0.2695992752117961, 
  "activity": 0.016374717548500884
}