{
  "bolusiob": 0.2988434695466667, 
  "iob": 1.1376058591644447, 
  "activity": 0.014149135802469133
}