{
  "bolusiob": 0, 
  "iob": 0.6492118315630435, 
  "activity": 0.01348283962962963
}