{
  "bolusiob": 0, 
  "iob": 0.06672379614610677, 
  "activity": 0.017253773862433857
}