{
  "bolusiob": 0, 
  "iob": 0.1834300921461111, 
  "activity": 0.004570141093474426
}