{
  "bolusiob": 0, 
  "iob": 0.0036331706828908765, 
  "activity": -0.002312451234567901
}