{
  "bolusiob": 0, 
  "iob": 1.0620841887689583, 
  "activity": 0.010400758377425044
}