{
  "bolusiob": 0, 
  "iob": 0.16015294701784508, 
  "activity": -0.0030769398236331564
}