{
  "bolusiob": 0, 
  "iob": 0.42942391225983323, 
  "activity": 0.008117372134038799
}