{
  "bolusiob": 0, 
  "iob": -0.20378129760290278, 
  "activity": -0.004325670194003526
}