{
  "bolusiob": 0, 
  "iob": 0.579970300798611, 
  "activity": 0.007178253968253966
}