{
  "bolusiob": 0, 
  "iob": 0.5129262637257207, 
  "activity": 0.006674727001763666
}