{
  "bolusiob": 0, 
  "iob": 7.055598999999303e-05, 
  "activity": 6.24338624338622e-05
}