{
  "bolusiob": 0, 
  "iob": 0.4246363983166484, 
  "activity": 0.005596852222222221
}