{
  "bolusiob": 0.29408841599999996, 
  "iob": -0.04970261517961067, 
  "activity": -0.002405741111111111
}