{
  "bolusiob": 0, 
  "iob": 0.9529074767513424, 
  "activity": 0.012555379312169308
}