{
  "bolusiob": 0, 
  "iob": -0.11874161246958295, 
  "activity": -0.00018385412698412708
}