{
  "bolusiob": 0, 
  "iob": 0.724482637684889, 
  "activity": 0.013518209876543206
}