{
  "bolusiob": 0, 
  "iob": -0.12616592766559095, 
  "activity": 0.021506269118165767
}