{
  "bolusiob": 0, 
  "iob": -0.5635570874871212, 
  "activity": -0.007942504656084653
}