{
  "bolusiob": 0, 
  "iob": -0.181291494471536, 
  "activity": -0.004423871164021164
}