{
  "bolusiob": 0, 
  "iob": 0.5529441640402222, 
  "activity": 0.006572098765432096
}