{
  "bolusiob": 0.3124355523999999, 
  "iob": 1.470851594251667, 
  "activity": 0.02864959435626102
}