{
  "bolusiob": 0, 
  "iob": -0.3118036309596389, 
  "activity": -0.0015330599647266315
}