{
  "bolusiob": 0, 
  "iob": 0.2464614061805557, 
  "activity": 0.006004947089947089
}