{
  "bolusiob": 1.0529026107333332, 
  "iob": 2.4870706275969225, 
  "activity": 0.031738210141093466
}