{
  "bolusiob": 0.011418627826666828, 
  "iob": 0.6046036179083333, 
  "activity": 0.012661463844797176
}