{
  "bolusiob": 0, 
  "iob": 1.03225575258082, 
  "activity": 0.013731455273368606
}