{
  "bolusiob": 0, 
  "iob": 0.0495347700399889, 
  "activity": -0.0014055487301587299
}