{
  "bolusiob": 0, 
  "iob": 0.7550383721859723, 
  "activity": 0.00942253086419753
}