{
  "bolusiob": 0, 
  "iob": -0.5718578456286405, 
  "activity": -0.00795801225749559
}