{
  "bolusiob": 0, 
  "iob": 0.15760797558489084, 
  "activity": 0.0030276749559082898
}