{
  "bolusiob": 0, 
  "iob": 0.17277871582471235, 
  "activity": 0.00304616377425044
}