{
  "bolusiob": 0, 
  "iob": 0.0022236591505442257, 
  "activity": -0.008750255379188707
}