{
  "bolusiob": 0, 
  "iob": 0.6865488217841635, 
  "activity": 0.01310213377425044
}