{
  "bolusiob": 0, 
  "iob": 0.013997813701666669, 
  "activity": 0.0007914462081128745
}