{
  "bolusiob": 0.029511733333333214, 
  "iob": 0.6534968481783335, 
  "activity": 0.013154585537918873
}