{
  "bolusiob": 0, 
  "iob": 0.061252125388970284, 
  "activity": 0.014433103668430333
}