{
  "bolusiob": 0.22145516549333316, 
  "iob": 2.1717103221442677, 
  "activity": 0.04024460770723103
}