{
  "bolusiob": 0, 
  "iob": 0.0859478093992947, 
  "activity": 0.002856119664902998
}