{
  "bolusiob": 0, 
  "iob": -0.023034158678472208, 
  "activity": 0.002376084656084656
}