{
  "bolusiob": 0.2620993269333333, 
  "iob": 0.49607738704313914, 
  "activity": 0.006516673456790122
}