{
  "bolusiob": 0, 
  "iob": -0.10754441023111111, 
  "activity": 0.0005050176366843038
}