{
  "bolusiob": 0.53473175, 
  "iob": 1.4630046135529773, 
  "activity": 0.012800855749559078
}