{
  "bolusiob": 1.599163652266667, 
  "iob": 2.6485653729862517, 
  "activity": 0.019675326190476187
}