{
  "bolusiob": 0, 
  "iob": 0.2580897655336111, 
  "activity": 0.0034283421516754856
}