{
  "bolusiob": 0, 
  "iob": -0.046735460389444455, 
  "activity": -0.0010938447971781309
}