{
  "bolusiob": 0.001760556266666713, 
  "iob": 0.359401611746586, 
  "activity": 0.011352610141093475
}