{
  "bolusiob": 1.298766554097778, 
  "iob": 2.1269925879860425, 
  "activity": 0.012583668430335093
}