{
  "bolusiob": 0, 
  "iob": -0.07689579474312502, 
  "activity": -0.0024038359788359784
}