{
  "bolusiob": 0, 
  "iob": -0.11183730730729154, 
  "activity": -0.0031272309523809523
}