{
  "bolusiob": 0, 
  "iob": -0.17757027139125, 
  "activity": -0.0011076102292768956
}