{
  "bolusiob": 0, 
  "iob": 0.6007933573868999, 
  "activity": 0.011430926172839508
}