{
  "bolusiob": 0, 
  "iob": 0.6303140740702353, 
  "activity": 0.006206640476190476
}