{
  "bolusiob": 0.06696065791999999, 
  "iob": 0.4943668387030582, 
  "activity": 0.0059241515873015875
}