{
  "bolusiob": 0, 
  "iob": -0.4687841394253534, 
  "activity": 0.01041840315696649
}