{
  "bolusiob": 0, 
  "iob": 0.29146706749090284, 
  "activity": 0.0047955471075837725
}