{
  "bolusiob": 0, 
  "iob": -0.529829577445464, 
  "activity": -0.004435052557319224
}