{
  "bolusiob": 0, 
  "iob": 0.6831017303700808, 
  "activity": 0.009016516737213402
}