{
  "bolusiob": 0, 
  "iob": 0.7962701828339447, 
  "activity": 0.008478289241622571
}