{
  "bolusiob": 0, 
  "iob": -0.18275422641685135, 
  "activity": -0.0011224603703703707
}