{
  "bolusiob": 0.47312851488, 
  "iob": 1.6716791743944444, 
  "activity": 0.021547213403880067
}