{
  "bolusiob": 0, 
  "iob": 0.4172587656471804, 
  "activity": 0.0018381392416225734
}