{
  "bolusiob": 0, 
  "iob": -0.2797732472932145, 
  "activity": -0.006205837724867724
}