{
  "bolusiob": 0, 
  "iob": 0.8756969684520836, 
  "activity": 0.008839197530864196
}