{
  "bolusiob": 1.7465151061866668, 
  "iob": 2.8111167470007303, 
  "activity": 0.0074127345679012345
}