{
  "bolusiob": 0, 
  "iob": -0.054260078009444435, 
  "activity": 0.00976292768959436
}