{
  "bolusiob": 0, 
  "iob": 1.0399828825104616, 
  "activity": 0.011880361287477948
}