{
  "bolusiob": 0, 
  "iob": -0.3752983467502128, 
  "activity": -0.004055229259259257
}