{
  "bolusiob": 0, 
  "iob": 0.09214089280294557, 
  "activity": 0.003224482275132275
}