{
  "bolusiob": 0, 
  "iob": -0.14294461072789544, 
  "activity": 0.00020229248677248597
}