{
  "bolusiob": 0, 
  "iob": 0.05488261376486114, 
  "activity": 0.0037670194003527314
}