{
  "bolusiob": 0, 
  "iob": 0.7185066362281064, 
  "activity": 0.009269314021164021
}