{
  "bolusiob": 0, 
  "iob": 0.7350014479906983, 
  "activity": 0.0021928315696649026
}