{
  "bolusiob": 0, 
  "iob": 0.006675524086666247, 
  "activity": 0.0026589065255731865
}