{
  "bolusiob": 0, 
  "iob": 0.5011398009528274, 
  "activity": 0.006574903368606702
}