{
  "bolusiob": 1.8207591598222224, 
  "iob": 1.5326948186032987, 
  "activity": 0.014116141975308633
}