{
  "bolusiob": -6.643603999997305e-05, 
  "iob": 1.442597586216724, 
  "activity": 0.027783483068783064
}