{
  "bolusiob": 0, 
  "iob": 0.6458101701513335, 
  "activity": 0.00979138271604938
}