{
  "bolusiob": 0, 
  "iob": 0.9033820669838887, 
  "activity": 0.010671570158730156
}