{
  "bolusiob": 0, 
  "iob": -0.366449746556514, 
  "activity": -0.006277213403880068
}