{
  "bolusiob": 0, 
  "iob": 0.009807880791666689, 
  "activity": -0.001299065255731922
}