{
  "bolusiob": 0, 
  "iob": 0.1007581860789214, 
  "activity": 0.0017872513756613767
}