{
  "bolusiob": 0, 
  "iob": -0.02128661555349247, 
  "activity": -0.00790008800705467
}