{
  "bolusiob": 0, 
  "iob": 0.3999489068821018, 
  "activity": 0.005110317231040565
}