{
  "bolusiob": 0, 
  "iob": 0.5527319070804743, 
  "activity": 0.007409691604938269
}