{
  "bolusiob": 1.3554901514311108, 
  "iob": 1.5051814203183334, 
  "activity": 0.00603674603174603
}