{
  "bolusiob": 1.979489991871111, 
  "iob": 2.961083341534408, 
  "activity": 0.02217372114638447
}