{
  "bolusiob": 0, 
  "iob": -0.13449173200095532, 
  "activity": 0.01926514991181658
}