{
  "bolusiob": 0, 
  "iob": 0.6745857299567467, 
  "activity": 0.004499012081128746
}