{
  "bolusiob": 1.2236545759822222, 
  "iob": 2.3905398632416937, 
  "activity": 0.011371071957671956
}