{
  "bolusiob": 0, 
  "iob": -0.11055889500805556, 
  "activity": 0.0006950529100529098
}