{
  "bolusiob": 0, 
  "iob": 0.3824013491744445, 
  "activity": 0.00224015873015873
}