{
  "bolusiob": 2.3941223596266665, 
  "iob": 4.264425487883795, 
  "activity": 0.02822293717813051
}