{
  "bolusiob": 0, 
  "iob": 0.21649061333975, 
  "activity": 0.008023051146384477
}