{
  "bolusiob": 0, 
  "iob": -0.08756679102598713, 
  "activity": 0.005521631269841268
}