{
  "bolusiob": 0, 
  "iob": 0.9647269430761113, 
  "activity": 0.01063164021164021
}