{
  "bolusiob": 0, 
  "iob": -0.4858717602401826, 
  "activity": -0.005711561093474427
}