{
  "bolusiob": 0, 
  "iob": 0.17263567252944445, 
  "activity": 0.004782592592592591
}