{
  "bolusiob": 0, 
  "iob": -0.09714421986388073, 
  "activity": 0.004082927601410934
}