{
  "bolusiob": 0.8487137817600002, 
  "iob": 1.7739714086829164, 
  "activity": 0.0196655467372134
}