{
  "bolusiob": 0, 
  "iob": 0.2054646394436111, 
  "activity": 0.005103747795414461
}