{
  "bolusiob": 0, 
  "iob": -0.2660138674411404, 
  "activity": -7.98764550264545e-05
}