{
  "bolusiob": 0, 
  "iob": -0.050428518157777776, 
  "activity": -0.00021262786596119935
}