{
  "bolusiob": 0, 
  "iob": 0.20583114607849043, 
  "activity": -0.0055074540564373905
}