{
  "bolusiob": 0, 
  "iob": 0.38535433742690006, 
  "activity": 0.0026949208641975303
}