{
  "bolusiob": 0.37280978092000006, 
  "iob": 1.5188620838723617, 
  "activity": 0.018898421516754846
}