{
  "bolusiob": 0, 
  "iob": 0.05134596355084377, 
  "activity": 0.0035122446913580237
}