{
  "bolusiob": 0.18215506720000002, 
  "iob": 1.1953913938627776, 
  "activity": 0.01625302469135802
}