{
  "bolusiob": 0, 
  "iob": 1.073022884780038, 
  "activity": 0.014181251940035269
}