{
  "bolusiob": 0.36074109777333346, 
  "iob": 1.1077967698062055, 
  "activity": 0.019670952204585528
}