{
  "bolusiob": 0, 
  "iob": -0.20891907070208335, 
  "activity": -0.004649021164021164
}