{
  "bolusiob": 0.20774021166666673, 
  "iob": 0.7021974151444239, 
  "activity": 0.018916115520282186
}