{
  "bolusiob": 0, 
  "iob": 0.031152842305352722, 
  "activity": 0.0028153643738977065
}