{
  "bolusiob": 0, 
  "iob": -0.17858070257527778, 
  "activity": -0.0028818342151675485
}