{
  "bolusiob": 0, 
  "iob": 0.6835317396155025, 
  "activity": 0.03288273797178129
}