{
  "bolusiob": 1.3730640440666668, 
  "iob": 2.2583474609105547, 
  "activity": 0.020330776014109344
}