{
  "bolusiob": 1.0591246013155555, 
  "iob": 1.5745570896872225, 
  "activity": 0.00892537918871252
}