{
  "bolusiob": 0, 
  "iob": -0.1896780921741667, 
  "activity": -0.004986675485008817
}