{
  "bolusiob": 0, 
  "iob": 0.6860964957684013, 
  "activity": 0.008529506172839504
}