{
  "bolusiob": 0, 
  "iob": 0.5075514015920229, 
  "activity": 0.0008099648148148145
}