{
  "bolusiob": 0, 
  "iob": -0.09114504188642014, 
  "activity": 0.01038776455026455
}