{
  "bolusiob": 0.5112726272755557, 
  "iob": 1.3362742850114007, 
  "activity": 0.012900529453262782
}