{
  "bolusiob": 0.6473038862400001, 
  "iob": 1.4500051827310563, 
  "activity": 0.014133412927689588
}