{
  "bolusiob": 0.5761605007333336, 
  "iob": 2.1994984263187503, 
  "activity": 0.027277222222222217
}