{
  "bolusiob": 0, 
  "iob": 0.3621863070235417, 
  "activity": 0.008213395061728395
}