{
  "bolusiob": 0, 
  "iob": 0.9582491414278844, 
  "activity": 0.015448139065255724
}