{
  "bolusiob": 0, 
  "iob": -0.09901141221277777, 
  "activity": -0.00015447971781305103
}