{
  "bolusiob": 0, 
  "iob": 0.5491300262287699, 
  "activity": 0.031053853492063486
}