{
  "bolusiob": 0, 
  "iob": -0.6759489368501927, 
  "activity": -0.006494660564373897
}