{
  "bolusiob": 0, 
  "iob": -0.06476748416655473, 
  "activity": -0.003130678747795414
}