{
  "bolusiob": 0, 
  "iob": -0.061459666873789294, 
  "activity": -0.0018541449735449739
}