{
  "bolusiob": 0, 
  "iob": 0.1657118341600144, 
  "activity": 0.004005573315696649
}