{
  "bolusiob": 0, 
  "iob": 0.3132232717821921, 
  "activity": 0.00881311291005291
}