{
  "bolusiob": 0, 
  "iob": 0.835883369515, 
  "activity": 0.011387971781305113
}