{
  "bolusiob": 0, 
  "iob": -0.12476680228936113, 
  "activity": -0.0013311287477954148
}