{
  "bolusiob": 0.03565183487999981, 
  "iob": 1.0025191468337504, 
  "activity": 0.025948174603174598
}