{
  "bolusiob": 0, 
  "iob": 0.014849199844723507, 
  "activity": -0.0003921514991181655
}