{
  "bolusiob": 0, 
  "iob": -0.4177970417568751, 
  "activity": 0.0005603968253968252
}