{
  "bolusiob": 0, 
  "iob": 0.7671190105542917, 
  "activity": 0.0034267548500881827
}