{
  "bolusiob": 0, 
  "iob": -0.17918923638401849, 
  "activity": -0.0007024765432098762
}