{
  "bolusiob": 1.1961241010400003, 
  "iob": 2.0113909643001495, 
  "activity": 0.0195593828042328
}