{
  "bolusiob": 0, 
  "iob": 0.3288403180496711, 
  "activity": 0.007609700299823638
}