{
  "bolusiob": 0, 
  "iob": -0.29965041433451367, 
  "activity": 0.004493677248677241
}