{
  "bolusiob": 0, 
  "iob": -0.2983821914330665, 
  "activity": 0.020018227425044093
}