{
  "bolusiob": 0, 
  "iob": 0.6089528041068751, 
  "activity": 0.007155485008818339
}