{
  "bolusiob": 0, 
  "iob": -0.6854617298926604, 
  "activity": -0.0055409259964726626
}