{
  "bolusiob": 0, 
  "iob": -0.4373502358465457, 
  "activity": -0.007043051216931217
}