{
  "bolusiob": 0, 
  "iob": 0.4295209988992224, 
  "activity": 0.004540793650793651
}