{
  "bolusiob": 0, 
  "iob": 0.07659261703787446, 
  "activity": -0.00257667492063492
}