{
  "bolusiob": 0, 
  "iob": 0.5090532621549202, 
  "activity": 0.003471989153439153
}