{
  "bolusiob": 0, 
  "iob": 0.5544248035127765, 
  "activity": 0.008696860793650788
}