{
  "bolusiob": 0.27635418749333324, 
  "iob": 1.5516984829247438, 
  "activity": 0.04341139313932979
}