{
  "bolusiob": 0, 
  "iob": -0.1973921268102371, 
  "activity": -0.005129744179894181
}