{
  "bolusiob": 0, 
  "iob": -0.05049691428666663, 
  "activity": 0.0044458201058201075
}