{
  "bolusiob": 0.25353882282666673, 
  "iob": 0.6843645640111112, 
  "activity": 0.006102839506172839
}