{
  "bolusiob": 0, 
  "iob": 0.10545763170164224, 
  "activity": 0.007322654197530862
}