{
  "bolusiob": 0, 
  "iob": 0.05268259771862016, 
  "activity": 0.013237460194003525
}