{
  "bolusiob": 0, 
  "iob": 0.04083150914351769, 
  "activity": -0.00038583269841269857
}