{
  "bolusiob": 0, 
  "iob": -0.23665458790111113, 
  "activity": -0.0013041975308641974
}