{
  "bolusiob": 0, 
  "iob": 0.8231670316288889, 
  "activity": 0.010887477954144619
}