{
  "bolusiob": 2.386171733333333, 
  "iob": 1.752284394800089, 
  "activity": -0.006346022574955906
}