{
  "bolusiob": 0, 
  "iob": 0.558515827085139, 
  "activity": 0.006920079365079365
}