{
  "bolusiob": 0, 
  "iob": 0.7553308117062795, 
  "activity": 0.0038115970017636685
}