{
  "bolusiob": 0, 
  "iob": -0.11201757250958339, 
  "activity": 0.004991693121693121
}