{
  "bolusiob": 0, 
  "iob": -0.8407330999129004, 
  "activity": -0.01074115569664903
}