{
  "bolusiob": 0.09304842926666662, 
  "iob": 0.5157241688274444, 
  "activity": 0.01756980599647266
}