{
  "bolusiob": 0, 
  "iob": 0.6004785610482696, 
  "activity": 0.022941075925925928
}