{
  "bolusiob": 0, 
  "iob": -0.06428686445606566, 
  "activity": -0.0003699738447971787
}