{
  "bolusiob": 0, 
  "iob": 1.0335827631888892, 
  "activity": 0.01570402116402116
}