{
  "bolusiob": 0, 
  "iob": -0.8769061021601389, 
  "activity": -0.007611225749559081
}