{
  "bolusiob": 0, 
  "iob": 0.5963189042719446, 
  "activity": 0.007295079365079365
}