{
  "bolusiob": 0, 
  "iob": -0.03322408967749915, 
  "activity": -0.0036624071428571427
}