{
  "bolusiob": 0, 
  "iob": -0.10459323064952776, 
  "activity": 0.001681895943562608
}