{
  "bolusiob": 0, 
  "iob": 0.890404149227339, 
  "activity": 0.010247054797178126
}