{
  "bolusiob": 0, 
  "iob": 0.3785212860903014, 
  "activity": 0.010294514726631392
}