{
  "bolusiob": 0.59976398112, 
  "iob": 1.508421013659296, 
  "activity": 0.004633812980599645
}