{
  "bolusiob": 2.973891607608889, 
  "iob": 3.3461241494961462, 
  "activity": 0.008333686331569664
}