{
  "bolusiob": 0, 
  "iob": -0.1481347153977778, 
  "activity": -0.002313818342151675
}