{
  "bolusiob": 0, 
  "iob": -0.12678486063822222, 
  "activity": -0.0020259788359788355
}