{
  "bolusiob": 0, 
  "iob": 0.5728935672518055, 
  "activity": 0.002727433862433862
}