{
  "bolusiob": 0, 
  "iob": 0.7197183743256736, 
  "activity": 0.009822720458553787
}