{
  "bolusiob": 0.03735019135999999, 
  "iob": 0.7559697149231035, 
  "activity": 0.03076769507936507
}