{
  "bolusiob": 0, 
  "iob": 0.33738082423974997, 
  "activity": 0.00548489417989418
}