{
  "bolusiob": 0, 
  "iob": -0.348065108551916, 
  "activity": 0.0038752552910052878
}