{
  "bolusiob": 0.48455254400000003, 
  "iob": -0.09768981697303158, 
  "activity": -0.004442495837742504
}