{
  "bolusiob": 1.78871450464, 
  "iob": 2.6699185422422227, 
  "activity": 0.01233553791887125
}