{
  "bolusiob": 0.3494265281200002, 
  "iob": 1.7489080188288335, 
  "activity": 0.026698024691358024
}