{
  "bolusiob": 0.04791476725333328, 
  "iob": 1.8118085842147018, 
  "activity": 0.03388846569664904
}