{
  "bolusiob": 0, 
  "iob": 0.05032740510030109, 
  "activity": 0.0018181039329805949
}