{
  "bolusiob": 0, 
  "iob": -0.1383340372668056, 
  "activity": -0.0009382804232804229
}