{
  "bolusiob": 0, 
  "iob": -0.2437679807267093, 
  "activity": -0.0035184126102292767
}