{
  "bolusiob": 0, 
  "iob": 0.4551868264928681, 
  "activity": 0.007341957671957672
}