{
  "bolusiob": 0, 
  "iob": 0.4106239325705555, 
  "activity": 0.0048141975308641964
}