{
  "bolusiob": 0, 
  "iob": 0.6894836007472284, 
  "activity": 0.011317227601410932
}