{
  "bolusiob": 0, 
  "iob": 0.4360476230084984, 
  "activity": 0.006234517636684303
}