{
  "bolusiob": 0, 
  "iob": -0.21742971227295044, 
  "activity": -0.0017807494708994708
}