{
  "bolusiob": 0, 
  "iob": 0.2668928173777778, 
  "activity": 0.0022224779541446206
}