{
  "bolusiob": 1.5308118, 
  "iob": 1.7212057406345482, 
  "activity": 0.0008824285714285706
}