{
  "bolusiob": 0, 
  "iob": 0.7950405026230165, 
  "activity": 0.00585044074074074
}