{
  "bolusiob": 0, 
  "iob": 0.5883809986738889, 
  "activity": 0.006155723104056437
}