{
  "bolusiob": 3.029681677511111, 
  "iob": 4.232256264045556, 
  "activity": 0.03317749559082891
}