{
  "bolusiob": 0, 
  "iob": 0.524981433119781, 
  "activity": 0.007235053156966488
}