{
  "bolusiob": 0, 
  "iob": 0.2754959461352741, 
  "activity": 0.0372419221340388
}