{
  "bolusiob": 0, 
  "iob": -0.031157576707914705, 
  "activity": -0.004754814550264549
}