{
  "bolusiob": 2.840221978542222, 
  "iob": 3.538565703769366, 
  "activity": 0.01420776005291005
}