{
  "bolusiob": 0, 
  "iob": -0.21302417316032377, 
  "activity": -0.001915775925925926
}