{
  "bolusiob": 0, 
  "iob": 0.4069785252206407, 
  "activity": 0.001211772574955909
}