{
  "bolusiob": 0, 
  "iob": -0.5672098160053333, 
  "activity": -0.00789308659611993
}