{
  "bolusiob": 0, 
  "iob": -0.18382965034, 
  "activity": -0.0018194885361552029
}