{
  "bolusiob": 0.2808269772088889, 
  "iob": 0.5511701897217683, 
  "activity": 0.004690511375661375
}