{
  "bolusiob": 0, 
  "iob": 0.6530479360190755, 
  "activity": 0.013188959559082893
}