{
  "bolusiob": 0, 
  "iob": -0.19107586959214357, 
  "activity": -0.0007799820987654318
}