{
  "bolusiob": 0, 
  "iob": -0.3050847732791666, 
  "activity": -0.003360731922398589
}