{
  "bolusiob": 0, 
  "iob": 0.07091202048182318, 
  "activity": 0.002401772398589065
}