{
  "bolusiob": 0, 
  "iob": -0.1551170626362436, 
  "activity": -0.0010113577601410927
}