{
  "bolusiob": 0, 
  "iob": 0.12113861759999703, 
  "activity": 0.01772818312169312
}