{
  "bolusiob": 0, 
  "iob": -0.46597174019936066, 
  "activity": -0.003299100546737213
}