{
  "bolusiob": 0, 
  "iob": -0.002352517064999971, 
  "activity": -0.00041507936507936426
}