{
  "bolusiob": 0, 
  "iob": -0.38678247768630636, 
  "activity": 0.008979550176366834
}