{
  "bolusiob": 0, 
  "iob": -0.10884731735691619, 
  "activity": 0.013650661428571421
}