{
  "bolusiob": 0, 
  "iob": -0.2001158206478611, 
  "activity": -0.0018124074074074073
}