{
  "bolusiob": 0, 
  "iob": -0.3219452378011458, 
  "activity": 0.0011584215167548505
}