{
  "bolusiob": 0, 
  "iob": -0.2653988968149915, 
  "activity": -0.004058871164021163
}