{
  "bolusiob": 0, 
  "iob": 1.1221547130669447, 
  "activity": 0.013351393298059963
}