{
  "bolusiob": 0, 
  "iob": 0.028484018513932122, 
  "activity": 0.0009573105291005286
}