{
  "bolusiob": 0, 
  "iob": 0.2999480129386111, 
  "activity": 0.0017402910052910054
}