{
  "bolusiob": 0.4025025838044445, 
  "iob": 1.2594216601348232, 
  "activity": 0.01143088209876543
}