{
  "bolusiob": 0, 
  "iob": -0.021079594532812496, 
  "activity": 0.00025559523809523787
}