{
  "bolusiob": 1.991174306986667, 
  "iob": 2.4761508788155564, 
  "activity": 0.014246895943562606
}