{
  "bolusiob": 0, 
  "iob": 0.11885646197538746, 
  "activity": -0.002693712557319223
}