{
  "bolusiob": 0, 
  "iob": 0.27937965957796845, 
  "activity": 0.004912698183421517
}