{
  "bolusiob": 0, 
  "iob": -0.26271913143472225, 
  "activity": -0.0019019929453262785
}