{
  "bolusiob": 0, 
  "iob": -0.25090829134949755, 
  "activity": -0.005187308165784831
}