{
  "bolusiob": 0, 
  "iob": 0.34324571346363436, 
  "activity": 0.014009307319223981
}