{
  "bolusiob": 0, 
  "iob": 0.15321505548888892, 
  "activity": 0.001645740740740739
}