{
  "bolusiob": 0, 
  "iob": 0.3717797783392051, 
  "activity": 0.005580458924162258
}