{
  "bolusiob": 0.061908236266666694, 
  "iob": 0.9492268797635949, 
  "activity": 0.012201146296296298
}