{
  "bolusiob": 0, 
  "iob": 0.5023132529099327, 
  "activity": 0.006275141410934743
}