{
  "bolusiob": 0, 
  "iob": 1.1023153851550003, 
  "activity": 0.013456701940035275
}