{
  "bolusiob": 0, 
  "iob": -0.19485129695515388, 
  "activity": -0.0045119227336860674
}