{
  "bolusiob": 0, 
  "iob": 0.09328114290240473, 
  "activity": 0.0018980642504409177
}