{
  "bolusiob": 0, 
  "iob": -0.03791233991769887, 
  "activity": -0.0009816487654320985
}