{
  "bolusiob": 0, 
  "iob": 0.2241993783119472, 
  "activity": 0.00673727492063492
}