{
  "bolusiob": 0, 
  "iob": -0.46602105871166677, 
  "activity": -0.005610987654320988
}