{
  "bolusiob": 0, 
  "iob": 0.1518293455191314, 
  "activity": 0.003922830511463843
}