{
  "bolusiob": 0, 
  "iob": -0.15932294901611596, 
  "activity": -0.0026231480599647264
}