{
  "bolusiob": 0.44386970282666677, 
  "iob": 0.6863567794490277, 
  "activity": 0.003260167548500881
}