{
  "bolusiob": 0, 
  "iob": 0.1714187809327778, 
  "activity": 0.0055408024691358014
}