{
  "bolusiob": 0, 
  "iob": -0.28724294285092783, 
  "activity": -0.0017700617283950616
}