{
  "bolusiob": 0, 
  "iob": 0.8465281310544749, 
  "activity": 0.011029665149911817
}