{
  "bolusiob": 0, 
  "iob": 0.581761100987301, 
  "activity": 0.007612019647266311
}