{
  "bolusiob": 0, 
  "iob": 0.5259792328052966, 
  "activity": 0.008510485132275128
}