{
  "bolusiob": 0, 
  "iob": 0.54558312463584, 
  "activity": 0.0068479272486772465
}