{
  "bolusiob": 0, 
  "iob": 0.9222860889509721, 
  "activity": 0.009491613756613754
}