{
  "bolusiob": 0, 
  "iob": -0.13146041622352586, 
  "activity": -0.009189752910052907
}