{
  "bolusiob": 0, 
  "iob": 0.13606399732301463, 
  "activity": -0.0020985972663139325
}