{
  "bolusiob": 0, 
  "iob": -0.13814096622559652, 
  "activity": -0.0012564811463844795
}