{
  "bolusiob": 0, 
  "iob": 0.46144782434420323, 
  "activity": 0.007001896190476187
}