{
  "bolusiob": 0, 
  "iob": 0.744018013032222, 
  "activity": 0.0068649208994709
}