{
  "bolusiob": 0, 
  "iob": -0.3652864880151945, 
  "activity": -0.0014157142857142858
}