{
  "bolusiob": 0, 
  "iob": 0.13220545239333537, 
  "activity": 0.0014978303880070546
}