{
  "bolusiob": 0, 
  "iob": 0.45371520293055556, 
  "activity": 0.007198774250440916
}