{
  "bolusiob": 0, 
  "iob": 0.3693003453604883, 
  "activity": 0.00514696894179894
}