{
  "bolusiob": 0, 
  "iob": 0.7483140078875018, 
  "activity": 0.0011017028218694887
}