{
  "bolusiob": 0, 
  "iob": 1.1030825137075002, 
  "activity": 0.01335024691358025
}