{
  "bolusiob": 0, 
  "iob": 0.06475226536455995, 
  "activity": 0.0007660094356261018
}