{
  "bolusiob": 0, 
  "iob": -0.03175439160466675, 
  "activity": 0.0031752821869488524
}