{
  "bolusiob": 0.005045930119999565, 
  "iob": 1.0792982294055555, 
  "activity": 0.02278664902998236
}