{
  "bolusiob": 0.0022316533333334165, 
  "iob": 0.4756529893760489, 
  "activity": 0.01523543199294532
}