{
  "bolusiob": 1.4171076567466667, 
  "iob": 2.5388869106617022, 
  "activity": 0.015509559171075835
}