{
  "bolusiob": 0.10928775756000013, 
  "iob": 0.5415033662711181, 
  "activity": 0.017865766931216928
}