{
  "bolusiob": 0.7500818278800001, 
  "iob": 1.851075641987778, 
  "activity": 0.020035626102292765
}