{
  "bolusiob": 0, 
  "iob": 0.1805166833312339, 
  "activity": -0.001163394850088183
}