{
  "bolusiob": 0.6186325862400002, 
  "iob": 1.4535249529916663, 
  "activity": 0.01270700176366843
}