{
  "bolusiob": 0, 
  "iob": -0.17683105815555553, 
  "activity": -0.0012990123456790123
}