{
  "bolusiob": 0, 
  "iob": -0.5629208423457948, 
  "activity": -0.006236093298059965
}