{
  "bolusiob": 0, 
  "iob": -0.4148472250105417, 
  "activity": -0.0006945590828924158
}