{
  "bolusiob": 0, 
  "iob": 0.5731421112804836, 
  "activity": 0.008957228412698413
}