{
  "bolusiob": 0, 
  "iob": -0.15870388890932993, 
  "activity": 0.0011530030864197525
}