{
  "bolusiob": 0, 
  "iob": 0.7807930588109029, 
  "activity": 0.007918871252204583
}