{
  "bolusiob": 0, 
  "iob": -0.2039465432894445, 
  "activity": 0.0026662786596119907
}