{
  "bolusiob": 0, 
  "iob": -0.15349557641458333, 
  "activity": -0.0008524250440917105
}