{
  "bolusiob": 0, 
  "iob": 0.4167769963860407, 
  "activity": 0.0008514903880070531
}