{
  "bolusiob": 0, 
  "iob": 0.03337079009055554, 
  "activity": 0.0030047442680776
}