{
  "bolusiob": 1.4512227648, 
  "iob": 1.223508002887682, 
  "activity": 0.007659919947089944
}