{
  "bolusiob": 0, 
  "iob": 0.5101418603434513, 
  "activity": 0.0062785626102292765
}