{
  "bolusiob": 0, 
  "iob": -0.03157276591632515, 
  "activity": -0.0029385072486772484
}