{
  "bolusiob": 0, 
  "iob": 0.2848813354302905, 
  "activity": 0.02870575828924162
}