{
  "bolusiob": 0, 
  "iob": 0.3903460689329315, 
  "activity": 0.0045640651675485
}