{
  "bolusiob": 0.38292699640888894, 
  "iob": 0.6413495494449459, 
  "activity": 0.004318412610229276
}