{
  "bolusiob": 0, 
  "iob": -0.02284364103222223, 
  "activity": -0.0008053174603174604
}