{
  "bolusiob": 0, 
  "iob": 0.6472562330681945, 
  "activity": 0.0031543033509700167
}