{
  "bolusiob": 0.4023255596266666, 
  "iob": 1.9105170871219466, 
  "activity": 0.024688121957671953
}