{
  "bolusiob": 0, 
  "iob": 1.062506341930373, 
  "activity": 0.02363832857142857
}