{
  "bolusiob": 0, 
  "iob": -0.22809861585138713, 
  "activity": -0.003129814726631393
}