{
  "bolusiob": 0, 
  "iob": -0.04034596166768953, 
  "activity": -0.0013507639329805997
}