{
  "bolusiob": 0, 
  "iob": 0.07387850955972217, 
  "activity": 0.020736878306878304
}