{
  "bolusiob": 0, 
  "iob": 0.3522231666959722, 
  "activity": 0.0058858818342151665
}