{
  "bolusiob": 0.05271188639999996, 
  "iob": 0.4900150125444444, 
  "activity": 0.0060064550264550265
}