{
  "bolusiob": 0, 
  "iob": 0.04048952166325272, 
  "activity": 0.005949523597883597
}