{
  "bolusiob": 0, 
  "iob": -0.08710724129450872, 
  "activity": -0.005386966261022927
}