{
  "bolusiob": 0, 
  "iob": 0.7264261307892917, 
  "activity": 0.002962151675485008
}