{
  "bolusiob": 0, 
  "iob": 0.055053837955833365, 
  "activity": -0.00198216049382716
}