{
  "bolusiob": 0, 
  "iob": 0.3098042865372917, 
  "activity": 0.002070335467372133
}