{
  "bolusiob": 0, 
  "iob": -0.5406855841686576, 
  "activity": -0.006211464215167547
}