{
  "bolusiob": 0.415297484, 
  "iob": 2.456709951838704, 
  "activity": 0.03826309315696648
}