{
  "bolusiob": 0, 
  "iob": 0.438850445676811, 
  "activity": 0.006703254162257493
}