{
  "bolusiob": 3.61092154096, 
  "iob": 3.9371691368544446, 
  "activity": 0.005461552028218695
}