{
  "bolusiob": 0, 
  "iob": 0.39299035409152777, 
  "activity": 0.005889920634920635
}