{
  "bolusiob": 0, 
  "iob": -0.08586512880611111, 
  "activity": -0.0010825573192239858
}