{
  "bolusiob": 0, 
  "iob": -0.07807423509445044, 
  "activity": -0.002151005537918871
}