{
  "bolusiob": 0, 
  "iob": -0.34139277157282805, 
  "activity": -0.0054511109347442676
}