{
  "bolusiob": 0, 
  "iob": 0.33091569960666667, 
  "activity": 0.008984091710758377
}