{
  "bolusiob": 0, 
  "iob": 0.8624913367880556, 
  "activity": 0.010869470899470896
}