{
  "bolusiob": 0, 
  "iob": 0.6814653960411111, 
  "activity": 0.00694563492063492
}