{
  "bolusiob": 0, 
  "iob": -0.5813465420748612, 
  "activity": -0.004774506172839505
}