{
  "bolusiob": 0, 
  "iob": -0.5162523389147515, 
  "activity": -0.006584603086419751
}