{
  "bolusiob": 0, 
  "iob": -0.06801678846365676, 
  "activity": -0.002179567636684302
}