{
  "bolusiob": 0, 
  "iob": 0.34682397438000007, 
  "activity": 0.013564373897707226
}