{
  "bolusiob": 0, 
  "iob": 0.40890121490444437, 
  "activity": 0.010591640211640206
}