{
  "bolusiob": 0, 
  "iob": -0.23185641445691996, 
  "activity": 0.002766428447971783
}