{
  "bolusiob": 0, 
  "iob": 0.0511059358903702, 
  "activity": 0.011298421305114636
}