{
  "bolusiob": 0, 
  "iob": 0.3305390017075556, 
  "activity": -0.002290388007054679
}