{
  "bolusiob": 0, 
  "iob": 0.8378722763671156, 
  "activity": 0.0088168787654321
}