{
  "bolusiob": 0, 
  "iob": 0.3161887007578614, 
  "activity": 0.0037296134920634916
}