{
  "bolusiob": 0.2370819052266667, 
  "iob": -0.10355534468596246, 
  "activity": -0.002565604603174603
}