{
  "bolusiob": 0, 
  "iob": 0.41480119584540653, 
  "activity": 0.039751040299823626
}