{
  "bolusiob": 0, 
  "iob": 0.12578903358986765, 
  "activity": 0.0023542238977072305
}