{
  "bolusiob": 0, 
  "iob": 0.25979779783682483, 
  "activity": 0.006207142328042326
}