{
  "bolusiob": 0, 
  "iob": 0.8134944849418079, 
  "activity": 0.00883396798941799
}