{
  "bolusiob": 0, 
  "iob": -0.09258272344629526, 
  "activity": -0.0007471514991181662
}