{
  "bolusiob": 0, 
  "iob": 0.028596877419166673, 
  "activity": 0.0031147795414462076
}