{
  "bolusiob": 0, 
  "iob": 0.14979606426444447, 
  "activity": 0.0011971252204585545
}