{
  "bolusiob": 0, 
  "iob": -0.38093835787024377, 
  "activity": -0.0013537498059964848
}