{
  "bolusiob": 0, 
  "iob": -0.1485545046261111, 
  "activity": -0.0003447089947089947
}