{
  "bolusiob": 0, 
  "iob": 0.45604990207118734, 
  "activity": 0.004523448342151674
}