{
  "bolusiob": 0, 
  "iob": 0.511361845848922, 
  "activity": 0.007236129012345677
}