{
  "bolusiob": 0, 
  "iob": 0.03279604775656687, 
  "activity": 0.006214929329805994
}