{
  "bolusiob": 0, 
  "iob": -0.8414404674432422, 
  "activity": -0.007978324338624337
}