{
  "bolusiob": 0.08289412379999994, 
  "iob": 1.0559797809205556, 
  "activity": 0.01827092592592592
}