{
  "bolusiob": 0, 
  "iob": 0.0991285044722222, 
  "activity": 0.0008325220458553792
}