{
  "bolusiob": 0, 
  "iob": 0.07354083409290169, 
  "activity": 0.0023677027336860665
}