{
  "bolusiob": 2.709277222684445, 
  "iob": 3.1692691500057784, 
  "activity": 0.01599340388007054
}