{
  "bolusiob": 0.8236470398800003, 
  "iob": 2.565912366110364, 
  "activity": 0.019701302539682535
}