{
  "bolusiob": 0, 
  "iob": -0.013453299887416675, 
  "activity": -0.0011599382716049379
}