{
  "bolusiob": 0, 
  "iob": 0.3212710890014583, 
  "activity": 0.016269038800705467
}