{
  "bolusiob": 0, 
  "iob": 0.5287532117109789, 
  "activity": 0.0067699201940035255
}