{
  "bolusiob": 0, 
  "iob": -0.1819268823540226, 
  "activity": 0.007904197125220455
}