{
  "bolusiob": 0, 
  "iob": 0.02378256384777786, 
  "activity": 0.007057407407407404
}