{
  "bolusiob": 0, 
  "iob": -0.03728023875744452, 
  "activity": 0.002868844797178128
}