{
  "bolusiob": 0, 
  "iob": 0.11870137169675934, 
  "activity": 0.0020277602821869496
}