{
  "bolusiob": 0, 
  "iob": 0.38313459667569594, 
  "activity": 0.0019869848324514986
}