{
  "bolusiob": 0, 
  "iob": 1.121696224753238, 
  "activity": 0.012374488447971775
}