{
  "bolusiob": 1.730096696888889, 
  "iob": 1.2868183113142837, 
  "activity": 0.0025135091887125197
}