{
  "bolusiob": 0, 
  "iob": 0.2633777323036983, 
  "activity": 0.004240687477954143
}