{
  "bolusiob": 0.6945457689600001, 
  "iob": 1.4849232136316666, 
  "activity": 0.012016208112874776
}