{
  "bolusiob": 0, 
  "iob": -0.06721356225630558, 
  "activity": -0.0033607936507936507
}