{
  "bolusiob": 0, 
  "iob": 0.31226054596300007, 
  "activity": 0.007008730158730157
}