{
  "bolusiob": 1.7607709360000001, 
  "iob": 2.5669204801799994, 
  "activity": 0.013426261022927688
}