{
  "bolusiob": 3.4027633824000003, 
  "iob": 4.456211942516111, 
  "activity": 0.03019910052910052
}