{
  "bolusiob": 0, 
  "iob": 0.7216513721974235, 
  "activity": 0.008028007760141096
}