{
  "bolusiob": 0, 
  "iob": -0.620065680640324, 
  "activity": -0.004463439523809523
}