{
  "bolusiob": 0.05883607879999997, 
  "iob": 1.5350469214240852, 
  "activity": 0.03277798994708994
}