{
  "bolusiob": 0, 
  "iob": 0.019415638477499997, 
  "activity": 0.00041788359788359807
}