{
  "bolusiob": 0, 
  "iob": 0.0783789527566797, 
  "activity": 0.0013380685185185178
}