{
  "bolusiob": 0, 
  "iob": 1.1097241305775, 
  "activity": 0.013328888888888885
}