{
  "bolusiob": 0.9997265436000001, 
  "iob": 3.137847178585186, 
  "activity": 0.04457373871252203
}