{
  "bolusiob": 0, 
  "iob": -0.014689318873333308, 
  "activity": 0.004825149911816576
}