{
  "bolusiob": 0.46075864063999994, 
  "iob": 0.49935119685472074, 
  "activity": -0.0008752291005291004
}