{
  "bolusiob": 0, 
  "iob": -0.46580972405165016, 
  "activity": -0.007213492134038799
}