{
  "bolusiob": 0, 
  "iob": 0.3518375942108887, 
  "activity": 0.0129887442680776
}