{
  "bolusiob": 0, 
  "iob": -0.06643380871850692, 
  "activity": 0.0005956349206349208
}