{
  "bolusiob": 3.86684876, 
  "iob": 4.049152000229656, 
  "activity": 0.008460211146384476
}