{
  "bolusiob": 0, 
  "iob": -0.16342911272624996, 
  "activity": 0.0028181481481481495
}