{
  "bolusiob": 0, 
  "iob": 0.12563622950425274, 
  "activity": 0.00900742492063492
}