{
  "bolusiob": 0, 
  "iob": 0.9041966867827538, 
  "activity": 0.016490894356261016
}