{
  "bolusiob": 0, 
  "iob": -0.6069463909035713, 
  "activity": -0.002792301410934744
}