{
  "bolusiob": 0, 
  "iob": -0.13009724443430914, 
  "activity": 0.004587971957671956
}