{
  "bolusiob": 0, 
  "iob": -0.3966551078679167, 
  "activity": 0.0002506349206349207
}