{
  "bolusiob": 0, 
  "iob": 0.2059890601493891, 
  "activity": 0.004070237830687829
}