{
  "bolusiob": 0, 
  "iob": 0.44900755131861114, 
  "activity": 0.0051780511463844795
}