{
  "bolusiob": 0, 
  "iob": 0.08993200040952776, 
  "activity": 0.005911119929453262
}