{
  "bolusiob": 0, 
  "iob": 1.090602387635, 
  "activity": 0.013721358024691356
}