{
  "bolusiob": 0, 
  "iob": 1.187755616081, 
  "activity": 0.014196578483245147
}