{
  "bolusiob": 0.32385929408, 
  "iob": 1.4028118305098458, 
  "activity": 0.011602146455026453
}