{
  "bolusiob": 0, 
  "iob": -0.5221162404418751, 
  "activity": 0.005929056437389776
}