{
  "bolusiob": 0, 
  "iob": 0.5857549102508275, 
  "activity": 0.0017569402116402108
}