{
  "bolusiob": 0, 
  "iob": -0.2369440315804722, 
  "activity": 0.00026785714285714325
}