{
  "bolusiob": 0, 
  "iob": -0.042444687752777786, 
  "activity": -0.0010860846560846562
}