{
  "bolusiob": 0.5804349154666668, 
  "iob": 1.3580218923291516, 
  "activity": 0.014996452151675478
}