{
  "bolusiob": 0, 
  "iob": 1.067174287014995, 
  "activity": 0.01821874132275132
}