{
  "bolusiob": 0, 
  "iob": 0.8463451579977017, 
  "activity": 0.009737892151675483
}