{
  "bolusiob": 0, 
  "iob": 0.44874617894719376, 
  "activity": 0.00611736299823633
}