{
  "bolusiob": 0, 
  "iob": -0.1334161925262499, 
  "activity": 0.013264320987654322
}