{
  "bolusiob": 0, 
  "iob": 0.4802243031744383, 
  "activity": 0.0022864729805996474
}