{
  "bolusiob": 0, 
  "iob": -0.13362836730611113, 
  "activity": -0.001077795414462081
}