{
  "bolusiob": 0, 
  "iob": 0.6454414206450347, 
  "activity": 0.00544649470899471
}