{
  "bolusiob": 0, 
  "iob": 0.7020156814152777, 
  "activity": 0.011507248677248675
}