{
  "bolusiob": 0, 
  "iob": 0.5353649444357093, 
  "activity": 0.009412045996472662
}