{
  "bolusiob": 0, 
  "iob": -0.238250685818736, 
  "activity": -0.002193703703703703
}