{
  "bolusiob": 2.528486827093333, 
  "iob": 2.9917884731228797, 
  "activity": 0.011110103439153437
}