{
  "bolusiob": 0.5082180413733335, 
  "iob": 2.353818122240612, 
  "activity": 0.04255555564373897
}