{
  "bolusiob": 0, 
  "iob": 0.40395960690543053, 
  "activity": 0.003057275132275136
}