{
  "bolusiob": 0, 
  "iob": -0.4191910126016451, 
  "activity": -0.005776649400352734
}