{
  "bolusiob": 0, 
  "iob": 0.842443215720611, 
  "activity": 0.01785872121693122
}