{
  "bolusiob": 0, 
  "iob": 0.43129800464999984, 
  "activity": 0.015682716049382702
}