{
  "bolusiob": 0, 
  "iob": -0.2733856483796528, 
  "activity": -0.0002247001763668432
}