{
  "bolusiob": 0, 
  "iob": -0.17014625396672922, 
  "activity": -0.00199235467372134
}