{
  "bolusiob": 0, 
  "iob": 0.08025645204333327, 
  "activity": 0.008957336860670191
}