{
  "bolusiob": 0, 
  "iob": 0.1119399584837096, 
  "activity": 0.002325982081128747
}