{
  "bolusiob": 0, 
  "iob": -0.17733853127418017, 
  "activity": 0.0027638270370370374
}