{
  "bolusiob": 0.9050124796977779, 
  "iob": 1.7298364731259868, 
  "activity": 0.02242949735449735
}