{
  "bolusiob": 0, 
  "iob": 0.323873098558863, 
  "activity": 0.0011012434744268069
}