{
  "bolusiob": 0, 
  "iob": -0.4597575908685143, 
  "activity": 0.00041244243386243367
}