{
  "bolusiob": 0, 
  "iob": -0.2859228219897449, 
  "activity": -0.0035328041446208106
}