{
  "bolusiob": 0, 
  "iob": -0.23240909514854874, 
  "activity": -0.00463712470899471
}