{
  "bolusiob": 0.0007142971733330671, 
  "iob": 1.523721410109725, 
  "activity": 0.03629163130511464
}