{
  "bolusiob": 1.3726837492444444, 
  "iob": 2.5264759847396254, 
  "activity": 0.02639165758377425
}