{
  "bolusiob": 0, 
  "iob": 0.2900387538476762, 
  "activity": 0.004523051516754849
}