{
  "bolusiob": 0, 
  "iob": 0.8085084877853335, 
  "activity": 0.0056331128747795405
}