{
  "bolusiob": 0, 
  "iob": 0.43786552479445395, 
  "activity": 0.007448448095238094
}