{
  "bolusiob": 3.127802193973334, 
  "iob": 4.031404464381111, 
  "activity": 0.024091455026455023
}