{
  "bolusiob": 1.1780943022933337, 
  "iob": 1.7011814733479216, 
  "activity": 0.01501232786596119
}