{
  "bolusiob": 0, 
  "iob": -0.11972532938217362, 
  "activity": -0.001266507936507936
}