{
  "bolusiob": 0, 
  "iob": 0.7263281344951382, 
  "activity": 0.021811886684303342
}