{
  "bolusiob": 0, 
  "iob": 0.6616740949079308, 
  "activity": 0.00893430042328042
}