{
  "bolusiob": 0, 
  "iob": 0.8413480021180578, 
  "activity": 0.009235537654320985
}