{
  "bolusiob": 0, 
  "iob": 0.9217947800038055, 
  "activity": 0.0078005908289241616
}