{
  "bolusiob": 1.2904592604000003, 
  "iob": 3.3784208703963454, 
  "activity": 0.043962310141093475
}