{
  "bolusiob": 0, 
  "iob": -0.03030274104480906, 
  "activity": -0.0022926363315696643
}