{
  "bolusiob": 0, 
  "iob": 0.7819103208127914, 
  "activity": 0.010865467830687823
}