{
  "bolusiob": 0.0008264980799999933, 
  "iob": 0.6038785728242877, 
  "activity": 0.008651640158730158
}