{
  "bolusiob": 1.22174574336, 
  "iob": 1.6379202723650002, 
  "activity": 0.007890634920634918
}