{
  "bolusiob": 0, 
  "iob": 0.0521922796295555, 
  "activity": 0.001757786719576719
}