{
  "bolusiob": 0, 
  "iob": -0.026726397188333313, 
  "activity": 0.002268333333333333
}