{
  "bolusiob": 0.03941163629333338, 
  "iob": 1.5619934786142662, 
  "activity": 0.03365762037037037
}