{
  "bolusiob": 0, 
  "iob": -0.4987235197723056, 
  "activity": -0.005951843033509699
}