{
  "bolusiob": 0, 
  "iob": -0.26604831425255376, 
  "activity": -0.0035448676366843022
}