{
  "bolusiob": 0, 
  "iob": -0.3180144506490834, 
  "activity": -0.0013173544973544972
}