{
  "bolusiob": 0, 
  "iob": -0.13956615148710075, 
  "activity": -0.004263298253968254
}