{
  "bolusiob": 0, 
  "iob": 0.12327617318819448, 
  "activity": 0.002993783068783069
}