{
  "bolusiob": 0.37595933866666653, 
  "iob": 1.955153060821111, 
  "activity": 0.027555432098765428
}