{
  "bolusiob": 0, 
  "iob": 1.0304346265175788, 
  "activity": 0.023864376807760133
}