{
  "bolusiob": 0, 
  "iob": 0.02476818952833334, 
  "activity": 0.0011323633156966487
}