{
  "bolusiob": 0.01873914071999998, 
  "iob": 0.7392540776015276, 
  "activity": 0.017480520282186947
}