{
  "bolusiob": 0, 
  "iob": -0.0020076822461147434, 
  "activity": -0.007434479541446207
}