{
  "bolusiob": 0, 
  "iob": 0.021075279671618073, 
  "activity": -0.000629955643738977
}