{
  "bolusiob": 0, 
  "iob": 1.1064350029116665, 
  "activity": 0.013315555555555554
}