{
  "bolusiob": 0, 
  "iob": 0.18055823607329544, 
  "activity": -0.00019772479717813062
}