{
  "bolusiob": 0, 
  "iob": 0.6857636128587502, 
  "activity": 0.005020017636684304
}