{
  "bolusiob": 1.5094510924266666, 
  "iob": 1.6981136077886525, 
  "activity": 0.005630564003527337
}