{
  "bolusiob": 0, 
  "iob": 0.8795385469391669, 
  "activity": 0.010568183421516757
}