{
  "bolusiob": 0, 
  "iob": 0.5328364785400833, 
  "activity": 0.00515637566137566
}