{
  "bolusiob": 0, 
  "iob": 0.6843728036668976, 
  "activity": 0.009065529082892414
}