{
  "bolusiob": 0.23423039929333317, 
  "iob": 1.795549525071369, 
  "activity": 0.025226252574955896
}