{
  "bolusiob": 0, 
  "iob": 0.07001252102010891, 
  "activity": 0.006844841146384478
}