{
  "bolusiob": 0, 
  "iob": -0.4787486672069953, 
  "activity": -0.004258739012345678
}