{
  "bolusiob": 0, 
  "iob": -0.44702923800847916, 
  "activity": -0.006493068606701939
}