{
  "bolusiob": 0, 
  "iob": -0.20269448806288934, 
  "activity": -0.0016689152557319222
}