{
  "bolusiob": 0, 
  "iob": -0.5627751678965931, 
  "activity": -0.003928844850088183
}