{
  "bolusiob": 0, 
  "iob": 1.236763067195024, 
  "activity": 0.013523718888888888
}