{
  "bolusiob": 0, 
  "iob": -0.25601220350736115, 
  "activity": -0.000445238095238096
}