{
  "bolusiob": 0, 
  "iob": 0.1850473516748766, 
  "activity": 0.004112963086419752
}