{
  "bolusiob": 0, 
  "iob": 0.49438391612742366, 
  "activity": 0.0038774249559082865
}