{
  "bolusiob": 0, 
  "iob": 0.8213557982957109, 
  "activity": 0.00822620811287478
}