{
  "bolusiob": 0, 
  "iob": 0.41485535485898734, 
  "activity": 0.004181808130511462
}