{
  "bolusiob": 0, 
  "iob": 0.15194149630486112, 
  "activity": 0.002895987654320987
}