{
  "bolusiob": 0, 
  "iob": 1.0783434352359724, 
  "activity": 0.011535599647266314
}