{
  "bolusiob": 0.08414194048000001, 
  "iob": 0.7642888864636945, 
  "activity": 0.011701393298059958
}