{
  "bolusiob": 3.2615950177777777, 
  "iob": 4.369076949267222, 
  "activity": 0.03138788359788359
}