{
  "bolusiob": 0, 
  "iob": 0.49474863983500006, 
  "activity": 0.0017908112874779542
}