{
  "bolusiob": 0, 
  "iob": -0.6303246005516948, 
  "activity": -0.004830185555555555
}