{
  "bolusiob": 0, 
  "iob": 0.733769962058889, 
  "activity": 0.009166331569664902
}