{
  "bolusiob": 0, 
  "iob": 0.701748941040401, 
  "activity": 0.01018096169312169
}