{
  "bolusiob": 0, 
  "iob": 0.6620340744738089, 
  "activity": 0.01076753098765432
}