{
  "bolusiob": 1.3794402325333333, 
  "iob": 1.8344290667474692, 
  "activity": 0.01258985869488536
}