{
  "bolusiob": 0, 
  "iob": -0.3312592293633334, 
  "activity": -0.0017647266313932997
}