{
  "bolusiob": 0, 
  "iob": -0.08241985137243751, 
  "activity": 0.0021522821869488524
}