{
  "bolusiob": 0.9264180582222222, 
  "iob": 2.4418309261056304, 
  "activity": 0.016351294726631386
}