{
  "bolusiob": 0, 
  "iob": 0.7566953920930255, 
  "activity": 0.009107328024691356
}