{
  "bolusiob": 0, 
  "iob": 0.34977334454666675, 
  "activity": 0.008652910052910053
}