{
  "bolusiob": 0, 
  "iob": 0.5649785330941179, 
  "activity": 0.007383447530864196
}