{
  "bolusiob": 0.00013586796000002453, 
  "iob": 1.5455611464929062, 
  "activity": 0.028252380776014108
}