{
  "bolusiob": 0, 
  "iob": -0.18320318820791665, 
  "activity": 0.0007658730158730137
}