{
  "bolusiob": 0, 
  "iob": 1.190006380726161, 
  "activity": 0.013097584144620807
}