{
  "bolusiob": 0, 
  "iob": 0.018492173027461353, 
  "activity": 0.001019576455026455
}