{
  "bolusiob": 2.9076886650666665, 
  "iob": 3.100758671269722, 
  "activity": 0.0053546208112874765
}