{
  "bolusiob": 0, 
  "iob": -0.33115885256828137, 
  "activity": -0.005070934567901234
}