{
  "bolusiob": 0, 
  "iob": 0.02389769210166643, 
  "activity": 0.004651763668430336
}