{
  "bolusiob": 0, 
  "iob": 0.7142205266799108, 
  "activity": 0.009305026190476188
}