{
  "bolusiob": 0, 
  "iob": -0.02268161546333331, 
  "activity": 0.0023642592592592587
}