{
  "bolusiob": 0, 
  "iob": 0.4281434830107473, 
  "activity": 0.005986684673721337
}