{
  "bolusiob": 0, 
  "iob": 0.02830052689611113, 
  "activity": 0.000755114638447972
}