{
  "bolusiob": 0, 
  "iob": -0.08653054026848775, 
  "activity": 0.0017806387830687806
}