{
  "bolusiob": 0, 
  "iob": 0.578687202068889, 
  "activity": 0.0036646472663139323
}