{
  "bolusiob": 0, 
  "iob": -0.2407484058676945, 
  "activity": -0.00487326278659612
}