{
  "bolusiob": 0, 
  "iob": 0.5506300777643234, 
  "activity": 0.007299496913580246
}