{
  "bolusiob": 0, 
  "iob": 0.10510864734019715, 
  "activity": 0.006163738765432099
}