{
  "bolusiob": 0.2849320432000001, 
  "iob": 1.2921395034627776, 
  "activity": 0.014697469135802466
}