{
  "bolusiob": 0, 
  "iob": 0.6680448119386215, 
  "activity": 0.006907416137566137
}