{
  "bolusiob": 0, 
  "iob": 0.38996550261914675, 
  "activity": 0.0025704764197530855
}