{
  "bolusiob": 0, 
  "iob": 0.46089268858508087, 
  "activity": 0.012180450229276892
}