{
  "bolusiob": 0, 
  "iob": -0.20836804667581327, 
  "activity": 0.00023622562610229234
}