{
  "bolusiob": 1.7267230842666668, 
  "iob": 3.6868111346442145, 
  "activity": 0.04316594329805996
}