{
  "bolusiob": 0, 
  "iob": -0.37379298718649223, 
  "activity": -0.0018935684303350968
}