{
  "bolusiob": 0, 
  "iob": -0.21268891450001892, 
  "activity": 6.605783068782989e-05
}