{
  "bolusiob": 0, 
  "iob": -0.07569546913499994, 
  "activity": -0.004550467372134039
}