{
  "bolusiob": 0, 
  "iob": 0.8617315610769419, 
  "activity": 0.01432937372134039
}