{
  "bolusiob": 0, 
  "iob": -0.09478456584722222, 
  "activity": -0.0006312522045855381
}