{
  "bolusiob": 0, 
  "iob": -0.047064863256187126, 
  "activity": 0.005098465149911816
}