{
  "bolusiob": 0, 
  "iob": 0.41300302099242636, 
  "activity": 0.00835311278659612
}