{
  "bolusiob": 0, 
  "iob": 0.16466909340143154, 
  "activity": 0.0022629099647266306
}