{
  "bolusiob": 0, 
  "iob": 0.5059656240383333, 
  "activity": 0.0035851322751322755
}