{
  "bolusiob": 0.7968171817066667, 
  "iob": 1.5795527177075452, 
  "activity": 0.012183507248677243
}