{
  "bolusiob": 0.0073492806399999885, 
  "iob": 0.6880224259375711, 
  "activity": 0.0168720373015873
}