{
  "bolusiob": 0, 
  "iob": -0.9446499142436038, 
  "activity": -0.00810051195767196
}