{
  "bolusiob": 0, 
  "iob": 0.5612537325805557, 
  "activity": 0.009284021164021163
}