{
  "bolusiob": 0, 
  "iob": 0.2880665698616667, 
  "activity": 0.007316887125220459
}