{
  "bolusiob": 0, 
  "iob": -0.26165114674, 
  "activity": -0.0020201940035273367
}