{
  "bolusiob": 0, 
  "iob": 0.4671257418508726, 
  "activity": 0.001712293227513226
}