{
  "bolusiob": 0, 
  "iob": -0.35167465644597223, 
  "activity": -0.0007563403880070544
}