{
  "bolusiob": 0, 
  "iob": -0.09620518417662252, 
  "activity": -0.0014944975308641977
}