{
  "bolusiob": 0, 
  "iob": -0.19248032939722226, 
  "activity": -0.0034789594356261022
}