{
  "bolusiob": 0, 
  "iob": 0.5087362814105695, 
  "activity": 0.006162178130511463
}