{
  "bolusiob": 0, 
  "iob": -0.19315568096445485, 
  "activity": -0.0043117106701940034
}