{
  "bolusiob": 0, 
  "iob": 0.15804782319914107, 
  "activity": -0.0018083863492063493
}