{
  "bolusiob": 0, 
  "iob": -0.02021775840822914, 
  "activity": 0.0004596604938271603
}