{
  "bolusiob": 1.1586519269600002, 
  "iob": 2.779728125680523, 
  "activity": 0.028285043033509698
}