{
  "bolusiob": 0, 
  "iob": 0.5485025197263195, 
  "activity": 0.0015172222222222223
}