{
  "bolusiob": 0, 
  "iob": 0.09970529520222221, 
  "activity": 0.0017425220458553777
}