{
  "bolusiob": 0, 
  "iob": 0.5738373747558889, 
  "activity": 0.00919210758377425
}