{
  "bolusiob": 0, 
  "iob": -0.052217017821111135, 
  "activity": -0.0010807054673721344
}