{
  "bolusiob": 0, 
  "iob": 1.1362146975411112, 
  "activity": 0.013062504409171076
}