{
  "bolusiob": 0, 
  "iob": 0.29325134342489845, 
  "activity": 0.0029842681657848316
}