{
  "bolusiob": 0, 
  "iob": 0.03670460007555556, 
  "activity": 0.0010587830687830686
}