{
  "bolusiob": 1.2529907714266668, 
  "iob": 3.0478175447092997, 
  "activity": 0.03259811296296296
}