{
  "bolusiob": 2.3527087793777777, 
  "iob": 3.8763099009494444, 
  "activity": 0.03522375661375661
}