{
  "bolusiob": 0, 
  "iob": 0.5682448299488181, 
  "activity": 0.017876878059964716
}