{
  "bolusiob": 0, 
  "iob": 0.27026007359197224, 
  "activity": 0.007630661375661374
}