{
  "bolusiob": 0, 
  "iob": 0.17094120265875, 
  "activity": 0.002685141093474427
}