{
  "bolusiob": 0, 
  "iob": 0.09542722995849476, 
  "activity": 0.0025366831746031744
}