{
  "bolusiob": 3.450621672728889, 
  "iob": 3.8840019010938893, 
  "activity": 0.009121287477954144
}