{
  "bolusiob": 0, 
  "iob": -0.08563148566472224, 
  "activity": 0.000769673721340388
}