{
  "bolusiob": 0, 
  "iob": -0.3436749839613251, 
  "activity": 0.0053225745855379186
}