{
  "bolusiob": 0, 
  "iob": -0.5403375282134167, 
  "activity": -0.006525536155202821
}