{
  "bolusiob": 0, 
  "iob": 0.7735219640914758, 
  "activity": 0.01034033906525573
}