{
  "bolusiob": 0, 
  "iob": 0.23164144294534728, 
  "activity": -3.9444444444444345e-05
}