{
  "bolusiob": 0, 
  "iob": -0.6692849981257658, 
  "activity": 0.009377601234567899
}