{
  "bolusiob": 1.5263935206400001, 
  "iob": 2.1470081950005553, 
  "activity": 0.01662204585537919
}