{
  "bolusiob": 0, 
  "iob": -0.09357566142111112, 
  "activity": 0.0021563139329805994
}