{
  "bolusiob": 0, 
  "iob": 0.8440312006199034, 
  "activity": 0.010931185097001762
}