{
  "bolusiob": 0, 
  "iob": -0.21082093869753818, 
  "activity": -0.001626393209876543
}