{
  "bolusiob": 0, 
  "iob": -0.2368911334678863, 
  "activity": -0.004508138977072309
}