{
  "bolusiob": 0, 
  "iob": 0.5380099054826916, 
  "activity": 0.009912510758377423
}