{
  "bolusiob": 2.0509638533688888, 
  "iob": 3.353971820037467, 
  "activity": 0.024748897689594356
}