{
  "bolusiob": 0, 
  "iob": 0.40107616927547224, 
  "activity": 0.003012760141093474
}