{
  "bolusiob": 0, 
  "iob": 0.21745481311950005, 
  "activity": 0.003623139329805996
}