{
  "bolusiob": 0, 
  "iob": 0.1297163591439825, 
  "activity": -8.419754850088178e-05
}