{
  "bolusiob": 0, 
  "iob": -0.11053720653536109, 
  "activity": -0.0023723544973544976
}