{
  "bolusiob": 0, 
  "iob": -0.24773274547311736, 
  "activity": -0.000322972222222223
}