{
  "bolusiob": 0, 
  "iob": -0.1694963256173612, 
  "activity": 0.002395855379188711
}