{
  "bolusiob": 0, 
  "iob": -0.2964375380711111, 
  "activity": -0.0004217283950617283
}