{
  "bolusiob": 0.353675885, 
  "iob": 0.8857342166770972, 
  "activity": 0.020005370370370364
}