{
  "bolusiob": 0, 
  "iob": 0.6747690038659038, 
  "activity": 0.006945732627865961
}