{
  "bolusiob": 0, 
  "iob": -0.1346191399981111, 
  "activity": -0.0005266049382716053
}