{
  "bolusiob": 0, 
  "iob": -0.44647120996533984, 
  "activity": -0.006894992328042327
}