{
  "bolusiob": 2.1861028553955557, 
  "iob": 2.0067587581939446, 
  "activity": 0.0024605820105820103
}