{
  "bolusiob": 0, 
  "iob": 0.764957892937014, 
  "activity": 0.007879911816578484
}