{
  "bolusiob": 0, 
  "iob": 0.8547206576438889, 
  "activity": 0.010862416225749556
}