{
  "bolusiob": 0, 
  "iob": 0.36638124569286207, 
  "activity": 0.007033598007054671
}