{
  "bolusiob": 0, 
  "iob": -0.390156623382091, 
  "activity": -0.004025723015873015
}