{
  "bolusiob": 0, 
  "iob": 0.8441247666327778, 
  "activity": 0.01087400352733686
}