{
  "bolusiob": 0, 
  "iob": 0.04397896069500001, 
  "activity": 0.002541234567901234
}