{
  "bolusiob": 0, 
  "iob": 0.2551053596657292, 
  "activity": -0.0005656611992945321
}