{
  "bolusiob": 0, 
  "iob": 0.043408398090005455, 
  "activity": 0.00278052922398589
}