{
  "bolusiob": 0, 
  "iob": 0.5959738843355074, 
  "activity": 0.010738942292768958
}