{
  "bolusiob": 0, 
  "iob": -0.4515326295788523, 
  "activity": -0.007135573262786595
}