{
  "bolusiob": 0, 
  "iob": 0.3753823144615278, 
  "activity": -0.0015385890652557315
}