{
  "bolusiob": 0, 
  "iob": -0.5710899172619219, 
  "activity": -0.003795440970017635
}