{
  "bolusiob": 0, 
  "iob": -0.10304905912833334, 
  "activity": -0.0010683509700176366
}