{
  "bolusiob": 0, 
  "iob": 0.09806004992766516, 
  "activity": 0.002158165661375661
}