{
  "bolusiob": 0.39121571472000005, 
  "iob": 2.256050986099185, 
  "activity": 0.03532749470899468
}