{
  "bolusiob": 0, 
  "iob": 0.1949924648454167, 
  "activity": 0.005115335097001762
}