{
  "bolusiob": 0, 
  "iob": -0.22008675545361175, 
  "activity": 0.006049797178130502
}