{
  "bolusiob": 0, 
  "iob": -0.5872382910169025, 
  "activity": -0.007461049664902997
}