{
  "bolusiob": 0, 
  "iob": 0.36091233209635776, 
  "activity": 0.0010016017813051148
}