{
  "bolusiob": 0, 
  "iob": 0.4443460723354734, 
  "activity": 0.006896657830687831
}