{
  "bolusiob": 0, 
  "iob": 0.8002146131908815, 
  "activity": 0.011091746843033504
}