{
  "bolusiob": 0, 
  "iob": 0.055990673694416675, 
  "activity": 0.00156231922398589
}