{
  "bolusiob": 0, 
  "iob": -0.35458538654736105, 
  "activity": -0.0016635097001763666
}