{
  "bolusiob": 0, 
  "iob": -0.02040739177005558, 
  "activity": -0.0025598059964726627
}