{
  "bolusiob": 1.8812073483733331, 
  "iob": 2.1819841644491493, 
  "activity": 0.006737469135802469
}