{
  "bolusiob": 0, 
  "iob": -0.4546646381254167, 
  "activity": -0.003435828924162257
}