{
  "bolusiob": 0, 
  "iob": 0.7940796516339728, 
  "activity": 0.0066218434038800705
}