{
  "bolusiob": 0, 
  "iob": 0.7335931281352087, 
  "activity": 0.008752010564373898
}