{
  "bolusiob": 0, 
  "iob": -0.3783112314169167, 
  "activity": -0.0013803703703703703
}