{
  "bolusiob": 1.1464465426266666, 
  "iob": 2.9925689957207777, 
  "activity": 0.02737428571428571
}