{
  "bolusiob": 0, 
  "iob": 0.4271313771303373, 
  "activity": 0.005711208483245151
}