{
  "bolusiob": 0, 
  "iob": 0.056318074249988866, 
  "activity": -0.0010277245502645503
}