{
  "bolusiob": 0, 
  "iob": 0.13564762361087077, 
  "activity": 0.00799101111111111
}