{
  "bolusiob": 0, 
  "iob": 0.6811900778498334, 
  "activity": 0.005784754850088183
}