{
  "bolusiob": 2.025248312888889, 
  "iob": 1.9576948873196673, 
  "activity": 0.004009506172839504
}