{
  "bolusiob": 0, 
  "iob": -0.2141394674838889, 
  "activity": -0.002752610229276895
}