{
  "bolusiob": 0, 
  "iob": 0.053451726969761734, 
  "activity": 0.008197839753086416
}