{
  "bolusiob": 0, 
  "iob": 0.03216531684152775, 
  "activity": 0.004337275132275131
}