{
  "bolusiob": 0, 
  "iob": -0.3235818053664879, 
  "activity": -0.006919144356261023
}