{
  "bolusiob": 0, 
  "iob": -0.2020740757218759, 
  "activity": 0.006563991005291003
}