{
  "bolusiob": 0, 
  "iob": 1.0112707157504448, 
  "activity": 0.01472043209876543
}