{
  "bolusiob": 0, 
  "iob": -0.12218391726661251, 
  "activity": -0.0022623365961199297
}