{
  "bolusiob": 0, 
  "iob": 0.27073281626620493, 
  "activity": 0.004369011992945324
}