{
  "bolusiob": 0.015334903999999993, 
  "iob": 1.4074303026544714, 
  "activity": 0.0222268566313933
}