{
  "bolusiob": 0, 
  "iob": 0.127599595814894, 
  "activity": 0.0007519930335097001
}