{
  "bolusiob": 0, 
  "iob": -0.47871947128383274, 
  "activity": -0.003398615343915345
}