{
  "bolusiob": 0, 
  "iob": -0.10564454250901194, 
  "activity": -0.0013535183421516754
}