{
  "bolusiob": 0, 
  "iob": 0.01959706511746053, 
  "activity": 0.0022399955026455027
}