{
  "bolusiob": 0, 
  "iob": 0.6020828616422222, 
  "activity": 0.00323889770723104
}