{
  "bolusiob": 0, 
  "iob": 0.11378051433371356, 
  "activity": -0.003547415255731924
}