{
  "bolusiob": 0, 
  "iob": 0.07369639856909722, 
  "activity": -0.0008485626102292762
}