{
  "bolusiob": 0, 
  "iob": 1.1718580012666433, 
  "activity": 0.030071772398589058
}