{
  "bolusiob": 0, 
  "iob": -0.09460240866166668, 
  "activity": -0.0011049559082892415
}