{
  "bolusiob": 0, 
  "iob": -0.14766740559236116, 
  "activity": 0.0036704585537918875
}