{
  "bolusiob": 0, 
  "iob": -0.14019634934573763, 
  "activity": -0.00324432971781305
}