{
  "bolusiob": 0, 
  "iob": -0.428782782335496, 
  "activity": -0.006614726543209875
}