{
  "bolusiob": 0, 
  "iob": -0.694685610553206, 
  "activity": -0.0043190090828924155
}