{
  "bolusiob": 0.7788638186400002, 
  "iob": 1.5160668695083335, 
  "activity": 0.011291834215167544
}