{
  "bolusiob": 0, 
  "iob": 0.16288700360558633, 
  "activity": -0.002231481146384479
}