{
  "bolusiob": 0, 
  "iob": 0.8223552623997223, 
  "activity": 0.011178906525573191
}