{
  "bolusiob": 0, 
  "iob": -0.6100351025686667, 
  "activity": -0.0054831111111111105
}