{
  "bolusiob": 0, 
  "iob": 0.5669006720321178, 
  "activity": 0.007624435185185184
}