{
  "bolusiob": 0, 
  "iob": -0.02565793131194445, 
  "activity": -0.0007489506172839509
}