{
  "bolusiob": 0.24128189806666667, 
  "iob": 0.48328021781952696, 
  "activity": 0.006419139065255731
}