{
  "bolusiob": 0, 
  "iob": 0.22101555466833336, 
  "activity": 0.004478483245149911
}