{
  "bolusiob": 1.3022871472, 
  "iob": 1.4453121067999999, 
  "activity": 0.004207407407407406
}