{
  "bolusiob": 0, 
  "iob": -0.20486266681055557, 
  "activity": 0.0005141093474426812
}