{
  "bolusiob": 0.004308898999999999, 
  "iob": 0.9615836365137304, 
  "activity": 0.02074255705467372
}