{
  "bolusiob": 0, 
  "iob": 0.23099727438444448, 
  "activity": 0.004937768959435625
}