{
  "bolusiob": 0, 
  "iob": -0.8997028744474198, 
  "activity": -0.005598638059964728
}