{
  "bolusiob": 0, 
  "iob": 0.20297706100454233, 
  "activity": 0.0008607141622574962
}