{
  "bolusiob": 0, 
  "iob": 0.5471558853942878, 
  "activity": 0.009088739100529097
}