{
  "bolusiob": 0.12351835669333336, 
  "iob": 0.8995210796061112, 
  "activity": 0.014306825396825394
}