{
  "bolusiob": 0, 
  "iob": 0.7308529232127777, 
  "activity": 0.008815502645502644
}