{
  "bolusiob": 0.0002788647333333283, 
  "iob": 0.4474409198743201, 
  "activity": 0.026632217372134035
}