{
  "bolusiob": 0, 
  "iob": 0.01942933733525329, 
  "activity": -0.0027163844797178133
}