{
  "bolusiob": 0, 
  "iob": 0.5254796581322222, 
  "activity": 0.00837668430335097
}