{
  "bolusiob": 0, 
  "iob": -0.5258109093814398, 
  "activity": -0.0032141533509700173
}