{
  "bolusiob": 0, 
  "iob": -0.15567936221111114, 
  "activity": 2.252204585537913e-05
}