{
  "bolusiob": 0, 
  "iob": -0.22975501351555558, 
  "activity": -0.0018742504409171073
}