{
  "bolusiob": 0.92482820612, 
  "iob": 2.6175781220723047, 
  "activity": 0.018461392345679
}