{
  "bolusiob": 0, 
  "iob": 0.5257048126894984, 
  "activity": 0.006363792257495591
}