{
  "bolusiob": 0, 
  "iob": -0.13410738286364932, 
  "activity": -0.0022641180776014104
}