{
  "bolusiob": 0, 
  "iob": -0.25632247223320737, 
  "activity": -0.0012570285890652557
}