{
  "bolusiob": 1.346501928177778, 
  "iob": 2.1503877552260415, 
  "activity": 0.012118906525573188
}