{
  "bolusiob": 0, 
  "iob": 0.6263006362892223, 
  "activity": 0.00922173721340388
}