{
  "bolusiob": 0, 
  "iob": 0.606712366019653, 
  "activity": 0.005249656084656085
}