{
  "bolusiob": 0, 
  "iob": 0.0038028590139902105, 
  "activity": 0.0005214286596119933
}