{
  "bolusiob": 0, 
  "iob": 0.28770429293505556, 
  "activity": 0.00403426807760141
}