{
  "bolusiob": 0, 
  "iob": -0.19307244286533332, 
  "activity": 0.0014419929453262786
}