{
  "bolusiob": 0, 
  "iob": -0.10806145565961812, 
  "activity": -0.0010609038800705466
}