{
  "bolusiob": 0, 
  "iob": 0.08098966480777789, 
  "activity": 0.0024629276895943553
}