{
  "bolusiob": 0, 
  "iob": 0.09927850899259298, 
  "activity": 0.005566545590828923
}