{
  "bolusiob": 0, 
  "iob": -0.2731016241809722, 
  "activity": -0.0009646472663139326
}