{
  "bolusiob": 0.4715137138666667, 
  "iob": 0.856886452061973, 
  "activity": 0.007372115943562609
}