{
  "bolusiob": 0, 
  "iob": -0.4662775382644184, 
  "activity": -0.005687972151675482
}