{
  "bolusiob": 0, 
  "iob": 0.3551126363153056, 
  "activity": 0.005010467372134038
}