{
  "bolusiob": 0, 
  "iob": -0.08918841997361396, 
  "activity": 0.0042226101410934745
}