{
  "bolusiob": 0.6886564999999999, 
  "iob": 0.39433452426023896, 
  "activity": 0.0005455551851851843
}