{
  "bolusiob": 0, 
  "iob": 0.4250979405612619, 
  "activity": 0.018106831216931216
}