{
  "bolusiob": 0, 
  "iob": -0.5004473537651187, 
  "activity": -0.004947107636684305
}