{
  "bolusiob": 2.197642279982222, 
  "iob": 3.3379906233667196, 
  "activity": 0.019541287389770717
}