{
  "bolusiob": 0.3382316426666668, 
  "iob": 1.0903426535380556, 
  "activity": 0.012593245149911813
}