{
  "bolusiob": 1.65149760224, 
  "iob": 2.22125773344, 
  "activity": 0.01675111111111111
}