{
  "bolusiob": 0, 
  "iob": 3.963971666670619e-06, 
  "activity": -2.7072310405643847e-05
}