{
  "bolusiob": 0.0006820399999999394, 
  "iob": 0.10840343140093694, 
  "activity": 0.005127706966490298
}