{
  "bolusiob": 0, 
  "iob": 0.8669356588824445, 
  "activity": 0.007416543209876543
}