{
  "bolusiob": 0, 
  "iob": -0.2675350255761112, 
  "activity": -0.0018015167548500878
}