{
  "bolusiob": 0.24702632362666668, 
  "iob": 0.27647396775263916, 
  "activity": -2.7028218694886012e-05
}