{
  "bolusiob": 0, 
  "iob": 0.4795284764294687, 
  "activity": 0.00850462074074074
}