{
  "bolusiob": 0, 
  "iob": 0.7564617157280558, 
  "activity": 0.01144301587301587
}