{
  "bolusiob": 0, 
  "iob": 0.5997681166127289, 
  "activity": 0.007494836419753086
}