{
  "bolusiob": 0, 
  "iob": 1.1013221439104168, 
  "activity": 0.011468439153439152
}