{
  "bolusiob": 0, 
  "iob": -0.23869303306653492, 
  "activity": -0.004482513139329806
}