{
  "bolusiob": 1.0417666497599998, 
  "iob": 2.9377669069146664, 
  "activity": 0.02831694885361552
}