{
  "bolusiob": 0, 
  "iob": -0.2562795205193055, 
  "activity": -0.0003935008818342153
}