{
  "bolusiob": 0, 
  "iob": -0.05534131946731506, 
  "activity": -0.006533571798941798
}