{
  "bolusiob": 0, 
  "iob": -0.5677189704131199, 
  "activity": -0.003317698324514991
}