{
  "bolusiob": 0, 
  "iob": 0.7939640322801667, 
  "activity": 0.01434416754850088
}