{
  "bolusiob": 0, 
  "iob": 0.9327592994055045, 
  "activity": 0.00870491172839506
}