{
  "bolusiob": 0, 
  "iob": -0.014708854728849023, 
  "activity": 0.00470748331569665
}