{
  "bolusiob": 0, 
  "iob": 0.43902543466012733, 
  "activity": 0.008187824567901235
}