{
  "bolusiob": 0, 
  "iob": 0.8387553745552778, 
  "activity": 0.008232892416225749
}