{
  "bolusiob": 1.8977365362666667, 
  "iob": 3.029616610017266, 
  "activity": 0.023952212504409157
}