{
  "bolusiob": 0, 
  "iob": 0.43313970888100006, 
  "activity": 0.004761419753086417
}