{
  "bolusiob": 0, 
  "iob": 0.7146889880226294, 
  "activity": 0.013829233192239854
}