{
  "bolusiob": 0, 
  "iob": -0.24853975217444446, 
  "activity": -0.001167574955908289
}