{
  "bolusiob": 0, 
  "iob": 0.08078880627688714, 
  "activity": 0.00747347476190475
}