{
  "bolusiob": 0, 
  "iob": -0.24913888680611737, 
  "activity": 0.0004940471781305105
}