{
  "bolusiob": 0, 
  "iob": 0.8007517354547223, 
  "activity": 0.011123192239858906
}