{
  "bolusiob": 0, 
  "iob": 0.4790107994678473, 
  "activity": 0.006721446208112875
}