{
  "bolusiob": 0, 
  "iob": 0.08421883420180556, 
  "activity": 0.0031443915343915335
}