{
  "bolusiob": 0, 
  "iob": -0.31274802442749744, 
  "activity": -0.002727253791887125
}