{
  "bolusiob": 0, 
  "iob": -0.07328538520611114, 
  "activity": -0.003890652557319223
}