{
  "bolusiob": 0, 
  "iob": 0.8027761414911389, 
  "activity": 0.012947786596119929
}