{
  "bolusiob": 0, 
  "iob": 0.14946768199902777, 
  "activity": 8.605820105820103e-05
}