{
  "bolusiob": 0, 
  "iob": 0.9706706021193334, 
  "activity": 0.014688227513227509
}