{
  "bolusiob": 0, 
  "iob": 0.22671801530333338, 
  "activity": 0.007900564373897707
}