{
  "bolusiob": 0, 
  "iob": 0.3352760983087792, 
  "activity": 0.009643086155202821
}