{
  "bolusiob": 0, 
  "iob": 0.48557338042294884, 
  "activity": 0.004989993932980599
}