{
  "bolusiob": 0, 
  "iob": 0.43550515476931684, 
  "activity": 0.004711110846560847
}