{
  "bolusiob": 2.63668471296, 
  "iob": 2.320434886226889, 
  "activity": 0.0028024338624338583
}