{
  "bolusiob": 0, 
  "iob": 0.5657768314318454, 
  "activity": 0.006839762169312169
}