{
  "bolusiob": 0, 
  "iob": -0.2639632896830282, 
  "activity": 0.0005256791005291004
}