{
  "bolusiob": 1.3674344161777778, 
  "iob": 1.5057011618131202, 
  "activity": 0.00018044985890652452
}