{
  "bolusiob": 0, 
  "iob": 0.07660098651944444, 
  "activity": 0.002212045855379188
}