{
  "bolusiob": 0, 
  "iob": 0.05986766261523822, 
  "activity": 0.003607636243386244
}