{
  "bolusiob": 0, 
  "iob": -0.3953067116986214, 
  "activity": -0.005317680934744267
}