{
  "bolusiob": 0, 
  "iob": -0.25125870579, 
  "activity": -0.0010474338624338623
}