{
  "bolusiob": 0, 
  "iob": 0.00029995066882019806, 
  "activity": 0.00012664391534391515
}