{
  "bolusiob": 0, 
  "iob": -0.05630899938547347, 
  "activity": -0.0045498155908289244
}