{
  "bolusiob": 0, 
  "iob": 0.46128283820240285, 
  "activity": 0.008293915132275129
}