{
  "bolusiob": 0, 
  "iob": 0.47549130547236107, 
  "activity": 0.006688756613756613
}