{
  "bolusiob": 0, 
  "iob": 0.46828305129887493, 
  "activity": 0.0016722486772486748
}