{
  "bolusiob": 0.4128581200000001, 
  "iob": 1.3809313531561112, 
  "activity": 0.013115987654320984
}