{
  "bolusiob": 0, 
  "iob": 0.4589918867130556, 
  "activity": 0.005139514991181657
}