{
  "bolusiob": 0, 
  "iob": 0.6491560183228077, 
  "activity": 0.009030398677248678
}