{
  "bolusiob": 2.06916019968, 
  "iob": 2.562989664136667, 
  "activity": 0.013194761904761904
}