{
  "bolusiob": 2.86798944, 
  "iob": 3.0869200986625005, 
  "activity": 0.006275978835978835
}