{
  "bolusiob": 0, 
  "iob": -0.0018262241097550952, 
  "activity": 0.0018804761022927687
}