{
  "bolusiob": 0, 
  "iob": 0.28648354470333326, 
  "activity": 0.009001887125220456
}