{
  "bolusiob": 1.1156254684933335, 
  "iob": 2.4371827017944447, 
  "activity": 0.023461111111111106
}