{
  "bolusiob": 0, 
  "iob": -0.2827140169551178, 
  "activity": -0.003785141005291005
}