{
  "bolusiob": 0, 
  "iob": -0.09028844401333336, 
  "activity": -0.0010873192239858906
}