{
  "bolusiob": 0, 
  "iob": 0.46112786192111116, 
  "activity": 0.006392592592592591
}