{
  "bolusiob": 0, 
  "iob": -0.08947940530023588, 
  "activity": -0.0016865786596119928
}