{
  "bolusiob": 0, 
  "iob": 0.8510520405644444, 
  "activity": 0.010519611992945321
}