{
  "bolusiob": 0, 
  "iob": 0.3478927330611804, 
  "activity": 0.008533664303350966
}