{
  "bolusiob": 0, 
  "iob": 0.5816636441595029, 
  "activity": 0.003067672045855379
}