{
  "bolusiob": 0, 
  "iob": 1.0018765244115753, 
  "activity": 0.015684797389770723
}