{
  "bolusiob": 1.8545170555733335, 
  "iob": 1.8690113114067595, 
  "activity": 0.008313112363315696
}