{
  "bolusiob": 0.014076029239999975, 
  "iob": 0.7519896000661476, 
  "activity": 0.013575784074074069
}