{
  "bolusiob": 0, 
  "iob": 0.6670854754509244, 
  "activity": 0.004238121763668429
}