{
  "bolusiob": 0.03284585130666674, 
  "iob": 0.8334893620708335, 
  "activity": 0.015629832451499116
}