{
  "bolusiob": 0, 
  "iob": 1.1644488363443057, 
  "activity": 0.012747680776014108
}