{
  "bolusiob": 2.0961487954488893, 
  "iob": 1.7671871586503478, 
  "activity": 0.0005619400352733673
}