{
  "bolusiob": 0, 
  "iob": 0.020351492783117396, 
  "activity": -0.00027196640211640143
}