{
  "bolusiob": 0.6244340348400004, 
  "iob": 2.053933199184389, 
  "activity": 0.022578977072310404
}