{
  "bolusiob": 0, 
  "iob": 0.9370716783218422, 
  "activity": 0.02074820587301588
}