{
  "bolusiob": 0, 
  "iob": -0.40631499276456595, 
  "activity": -0.007892125132275132
}