{
  "bolusiob": 0, 
  "iob": 0.2890751292509018, 
  "activity": 0.004944179664902997
}