{
  "bolusiob": 0.8661479590088892, 
  "iob": 3.2618463841240812, 
  "activity": 0.044533642151675476
}