{
  "bolusiob": 0, 
  "iob": 0.767442878054622, 
  "activity": 0.009157390017636683
}