{
  "bolusiob": -0.000130007679999955, 
  "iob": 0.5088124714626389, 
  "activity": 0.014397857142857141
}