{
  "bolusiob": 0, 
  "iob": 0.49298661290888884, 
  "activity": 0.008129488536155203
}