{
  "bolusiob": 0, 
  "iob": 0.04605970163393423, 
  "activity": -0.0027642766313932974
}