{
  "bolusiob": 0, 
  "iob": 0.13690105917097226, 
  "activity": 0.0031881216931216928
}