{
  "bolusiob": 0.047755347199999854, 
  "iob": 1.032336414322778, 
  "activity": 0.01874168430335097
}