{
  "bolusiob": 0, 
  "iob": 0.01924400651979167, 
  "activity": 0.0008390388007054672
}