{
  "bolusiob": 0, 
  "iob": 0.07071493611499982, 
  "activity": 0.0016621668077601423
}