{
  "bolusiob": 0.41044946204444444, 
  "iob": 0.536082860975, 
  "activity": 0.00014601410934744302
}