{
  "bolusiob": 1.3475914645822222, 
  "iob": 2.682103875576741, 
  "activity": 0.02642841250440917
}