{
  "bolusiob": 0, 
  "iob": -0.4189749765897777, 
  "activity": 0.0007590828924162253
}