{
  "bolusiob": 0, 
  "iob": -0.5478552826638317, 
  "activity": -0.003946763791887124
}