{
  "bolusiob": 0, 
  "iob": 0.4164316717983962, 
  "activity": 0.003608360158730158
}