{
  "bolusiob": 0, 
  "iob": 0.6126088195132611, 
  "activity": 0.011071322874779537
}