{
  "bolusiob": 0, 
  "iob": -0.18428333230861113, 
  "activity": -0.0029220458553791883
}