{
  "bolusiob": 0, 
  "iob": -0.08567518116349107, 
  "activity": -0.0022588941975308636
}