{
  "bolusiob": -4.92500000000895e-05, 
  "iob": 1.4403187370409365, 
  "activity": 0.018192587037037036
}