{
  "bolusiob": 0, 
  "iob": 0.057571383403333315, 
  "activity": 0.0021257495590828917
}