{
  "bolusiob": 0.019110273999999983, 
  "iob": 1.3796166507255139, 
  "activity": 0.030760970546737217
}