{
  "bolusiob": 0, 
  "iob": 0.17847679377628464, 
  "activity": 0.005553474409171075
}