{
  "bolusiob": 0, 
  "iob": -0.008831647183939195, 
  "activity": 0.0023493515520282204
}