{
  "bolusiob": 0, 
  "iob": -0.8789173289989958, 
  "activity": -0.007082107407407406
}