{
  "bolusiob": 0, 
  "iob": 0.8764157635221074, 
  "activity": 0.009405740652557316
}