{
  "bolusiob": 0, 
  "iob": 0.08511718916126071, 
  "activity": 0.0002720812169312164
}