{
  "bolusiob": 0, 
  "iob": 0.3708709773760899, 
  "activity": -0.0025661459082892413
}