{
  "bolusiob": 0, 
  "iob": 0.08790316372611118, 
  "activity": 0.009633368606701938
}