{
  "bolusiob": 1.9726477556622222, 
  "iob": 2.4412173809066133, 
  "activity": 0.012962486649029978
}