{
  "bolusiob": 0, 
  "iob": 0.44901953129270317, 
  "activity": 0.008720123456790121
}