{
  "bolusiob": 0, 
  "iob": -0.1824155579883889, 
  "activity": 0.00047710405643738987
}