{
  "bolusiob": 0, 
  "iob": 0.37852441532724934, 
  "activity": 0.007871957231040562
}