{
  "bolusiob": 0, 
  "iob": -0.22220730779603265, 
  "activity": -0.0023251233686067017
}