{
  "bolusiob": 0.09894914899999996, 
  "iob": 0.6201291606737463, 
  "activity": 0.016955881957671948
}