{
  "bolusiob": 0, 
  "iob": 0.7760984935499171, 
  "activity": 0.009832205149911817
}