{
  "bolusiob": 0, 
  "iob": -0.1800470279977292, 
  "activity": -0.00013662774250441017
}