{
  "bolusiob": 0, 
  "iob": -0.0679857995706488, 
  "activity": -0.0002600798059964729
}