{
  "bolusiob": 0, 
  "iob": 0.23914103627956346, 
  "activity": 0.006484709029982365
}