{
  "bolusiob": 0, 
  "iob": -0.39858482603979595, 
  "activity": 0.00270152544973545
}