{
  "bolusiob": 0, 
  "iob": 1.1384011920763863, 
  "activity": 0.0413615521164021
}