{
  "bolusiob": 0, 
  "iob": 0.26911899925037597, 
  "activity": 0.0047864725749559075
}