{
  "bolusiob": 0, 
  "iob": -0.022192785407638915, 
  "activity": -0.002620934744268078
}