{
  "bolusiob": 0, 
  "iob": -0.1427855654268355, 
  "activity": 0.002135096878306878
}