{
  "bolusiob": 0, 
  "iob": 0.2312079089043056, 
  "activity": 0.0014026631393298057
}