{
  "bolusiob": 0, 
  "iob": 0.21722650383094938, 
  "activity": 0.0055879360670194
}