{
  "bolusiob": 0, 
  "iob": 0.12341387873414258, 
  "activity": 0.0021007026455026456
}