{
  "bolusiob": 0, 
  "iob": -0.09614526947722221, 
  "activity": -0.0005466490299823635
}