{
  "bolusiob": 0, 
  "iob": 0.45057064029860083, 
  "activity": 0.008948130105820106
}