{
  "bolusiob": 0.23675416906666674, 
  "iob": 0.7882025717917502, 
  "activity": 0.00958296296296296
}