{
  "bolusiob": 0, 
  "iob": 0.8708206753629169, 
  "activity": 0.012445943562610228
}