{
  "bolusiob": 0, 
  "iob": -0.08321147601311527, 
  "activity": -0.000845035097001763
}