{
  "bolusiob": 1.15283859776, 
  "iob": 0.7791558488782752, 
  "activity": -0.005998121428571427
}