{
  "bolusiob": 0, 
  "iob": 0.6109479912938056, 
  "activity": 0.008300917107583773
}