{
  "bolusiob": 0.5008332049066666, 
  "iob": 1.0197569559693056, 
  "activity": 0.007804506172839506
}