{
  "bolusiob": 0, 
  "iob": -0.2554102897170695, 
  "activity": -0.0020225573192239853
}