{
  "bolusiob": 0, 
  "iob": -0.00757971698166688, 
  "activity": 0.014643932980599645
}