{
  "bolusiob": 0, 
  "iob": -0.3234944763642223, 
  "activity": -0.001122354497354498
}