{
  "bolusiob": 0, 
  "iob": -0.21334829067736116, 
  "activity": -0.0013423809523809528
}