{
  "bolusiob": 0, 
  "iob": 0.13171901476402775, 
  "activity": 0.0045093915343915325
}