{
  "bolusiob": 0.1337434633333333, 
  "iob": 1.147502986432778, 
  "activity": 0.024806102292768955
}