{
  "bolusiob": 1.685657884728889, 
  "iob": 2.2257574122337425, 
  "activity": 0.01859585546737213
}