{
  "bolusiob": 0, 
  "iob": -0.10634635473883139, 
  "activity": -0.0018731910405643737
}