{
  "bolusiob": 1.8189682822222222, 
  "iob": 2.7524555189704167, 
  "activity": 0.01686268959435626
}