{
  "bolusiob": 1.486300708266667, 
  "iob": 2.35033719304, 
  "activity": 0.019670846560846552
}