{
  "bolusiob": 0, 
  "iob": 0.4521454412518483, 
  "activity": 0.010500913509700173
}