{
  "bolusiob": 0, 
  "iob": 0.018074502338090274, 
  "activity": -0.001777239858906525
}