{
  "bolusiob": 0, 
  "iob": 0.34240086400666664, 
  "activity": 0.009322610229276895
}