{
  "bolusiob": 0, 
  "iob": -0.1593855368763889, 
  "activity": -0.0026703174603174597
}