{
  "bolusiob": 2.1474291938488888, 
  "iob": 3.55939726726736, 
  "activity": 0.020332324656084647
}