{
  "bolusiob": 0, 
  "iob": 0.3977329519177778, 
  "activity": 0.005735767195767195
}