{
  "bolusiob": 0, 
  "iob": -0.031069281063333357, 
  "activity": 0.0038846208112874774
}