{
  "bolusiob": 0.1783334395733334, 
  "iob": 0.5364710227220049, 
  "activity": 0.006111320546737212
}