{
  "bolusiob": 0, 
  "iob": -0.3692577356992223, 
  "activity": -0.004571428571428571
}