{
  "bolusiob": 0, 
  "iob": 0.9688390280273312, 
  "activity": 0.012364029717813052
}