{
  "bolusiob": 0, 
  "iob": 0.45125616835620136, 
  "activity": 0.00759549382716049
}