{
  "bolusiob": 0, 
  "iob": 0.6779949516905803, 
  "activity": 0.00509270758377425
}