{
  "bolusiob": 0, 
  "iob": -0.02104316972310232, 
  "activity": -0.001454468165784831
}