{
  "bolusiob": 0, 
  "iob": -0.27332177608027586, 
  "activity": -0.0022872664902998233
}