{
  "bolusiob": 1.5996884777777778, 
  "iob": 1.3618831357842365, 
  "activity": -7.525573192239758e-05
}