{
  "bolusiob": 0, 
  "iob": -0.24578447414502608, 
  "activity": 0.009957698412698408
}