{
  "bolusiob": 0, 
  "iob": -0.14079052352000002, 
  "activity": -0.001731075837742504
}