{
  "bolusiob": 0, 
  "iob": 0.8846778184313335, 
  "activity": 0.007271287477954144
}