{
  "bolusiob": 0.3251309632666667, 
  "iob": 1.3840901227349276, 
  "activity": 0.01867204858906525
}