{
  "bolusiob": 0, 
  "iob": 0.005879432928973596, 
  "activity": 0.0023631831569664906
}