{
  "bolusiob": 0, 
  "iob": -0.23189478009333336, 
  "activity": -0.0011760493827160491
}