{
  "bolusiob": 0, 
  "iob": -0.7799226902111225, 
  "activity": -0.006414364902998236
}