{
  "bolusiob": 0, 
  "iob": 0.24513094156575005, 
  "activity": 0.003970802469135803
}