{
  "bolusiob": 0, 
  "iob": -0.17623388680057966, 
  "activity": -0.004432583421516753
}