{
  "bolusiob": 0, 
  "iob": 0.9998835007882757, 
  "activity": 0.010095467619047616
}