{
  "bolusiob": 0, 
  "iob": 0.5444669934706742, 
  "activity": 0.007337178571428562
}