{
  "bolusiob": 1.49818430464, 
  "iob": 2.7848980185364, 
  "activity": 0.021877671957671957
}