{
  "bolusiob": 0, 
  "iob": 0.8489536631887779, 
  "activity": 0.013594409171075838
}