{
  "bolusiob": 0.01980534677333332, 
  "iob": 1.0392613854858157, 
  "activity": 0.022226613492063483
}