{
  "bolusiob": 0, 
  "iob": -0.15269512963777782, 
  "activity": -0.0023298148148148145
}