{
  "bolusiob": 0, 
  "iob": 0.12735097591944447, 
  "activity": 0.003022980599647266
}