{
  "bolusiob": 0, 
  "iob": 0.6739091957077684, 
  "activity": 0.005177180264550264
}