{
  "bolusiob": 0, 
  "iob": 0.5193618638963889, 
  "activity": 0.004629038800705466
}