{
  "bolusiob": 0, 
  "iob": 0.29011135656134746, 
  "activity": 0.0002582101940035265
}