{
  "bolusiob": 3.232803908693333, 
  "iob": 2.967954063007248, 
  "activity": 0.004267486649029981
}