{
  "bolusiob": 0, 
  "iob": 0.0047131821947574495, 
  "activity": -0.004579038835978835
}