{
  "bolusiob": 0, 
  "iob": 0.013279886595000012, 
  "activity": 0.001167989417989418
}