{
  "bolusiob": 0, 
  "iob": 0.07751122371134433, 
  "activity": 0.0029552191887125207
}