{
  "bolusiob": 0, 
  "iob": -0.024640184240555543, 
  "activity": -0.0007271516754850085
}