{
  "bolusiob": 0, 
  "iob": -0.35674202389700005, 
  "activity": -0.0046914991181657845
}