{
  "bolusiob": 0, 
  "iob": 0.11856445143388886, 
  "activity": 0.00433506172839506
}