{
  "bolusiob": 0.17820070112, 
  "iob": 1.4299945205554165, 
  "activity": 0.0265523897707231
}