{
  "bolusiob": 0, 
  "iob": 0.42430290338598997, 
  "activity": 0.00625585553791887
}