{
  "bolusiob": 0, 
  "iob": 0.3837291939220377, 
  "activity": 0.004688121816578482
}