{
  "bolusiob": 0, 
  "iob": -0.31849898712374997, 
  "activity": -0.002047433862433862
}