{
  "bolusiob": 0.24968685226666643, 
  "iob": 1.4480639336245915, 
  "activity": 0.021980511375661375
}