{
  "bolusiob": 0, 
  "iob": -0.15909641297661187, 
  "activity": 0.001682995714285713
}