{
  "bolusiob": 0, 
  "iob": -0.08255527052033335, 
  "activity": -0.0015324426807760143
}