{
  "bolusiob": 0, 
  "iob": 0.0414929127311475, 
  "activity": 0.012426534021164018
}