{
  "bolusiob": 0, 
  "iob": -0.4259315049827112, 
  "activity": -0.0025306086596119915
}