{
  "bolusiob": 0, 
  "iob": 0.48259184831055557, 
  "activity": 0.005607724867724866
}