{
  "bolusiob": 0, 
  "iob": 0.138780747957506, 
  "activity": 0.03142389731922401
}