{
  "bolusiob": 1.1144028942933333, 
  "iob": 4.675097090718875, 
  "activity": 0.07017027994708995
}