{
  "bolusiob": 0, 
  "iob": -0.1301902829456945, 
  "activity": -0.002065749559082893
}