{
  "bolusiob": 0, 
  "iob": -0.01178342002331708, 
  "activity": 0.0007059524691358026
}