{
  "bolusiob": 0, 
  "iob": -0.5596274777052086, 
  "activity": -0.0053237125220458635
}