{
  "bolusiob": 0, 
  "iob": -0.6292647202923597, 
  "activity": -0.0062094712698412685
}