{
  "bolusiob": 0, 
  "iob": -0.46982474146778735, 
  "activity": -0.003474655908289241
}