{
  "bolusiob": 0.4189743598044443, 
  "iob": 2.0234358003211237, 
  "activity": 0.045800846402116395
}