{
  "bolusiob": 0, 
  "iob": 0.65320819201, 
  "activity": 0.009544409171075834
}