{
  "bolusiob": 0, 
  "iob": 0.06678121798241665, 
  "activity": -0.002435299823633157
}