{
  "bolusiob": 0, 
  "iob": 0.03150941202999998, 
  "activity": 0.0013428571428571422
}