{
  "bolusiob": 0, 
  "iob": -0.25845222148236113, 
  "activity": 0.00041536155202821865
}