{
  "bolusiob": 0, 
  "iob": 0.43672389745790735, 
  "activity": 0.004367504779541445
}