{
  "bolusiob": 0, 
  "iob": -0.1514520576152778, 
  "activity": -0.00305753086419753
}