{
  "bolusiob": 0, 
  "iob": -0.37089053093261926, 
  "activity": -0.005294071164021165
}