{
  "bolusiob": 0.11353783455999991, 
  "iob": 0.6690384534061992, 
  "activity": 0.0185594621340388
}