{
  "bolusiob": 0, 
  "iob": 0.011332428620000024, 
  "activity": 0.003358730158730154
}