{
  "bolusiob": 0, 
  "iob": -0.06038285247899744, 
  "activity": -0.0003390378659611995
}