{
  "bolusiob": 0.014115765906666678, 
  "iob": 0.389658415788889, 
  "activity": 0.01442095238095238
}