{
  "bolusiob": 0, 
  "iob": -0.47647761511685727, 
  "activity": -0.007658562980599646
}