{
  "bolusiob": 0, 
  "iob": -0.11804198764772644, 
  "activity": 0.003656587107583774
}