{
  "bolusiob": 0, 
  "iob": -0.749005395031368, 
  "activity": -0.005812266049382717
}