{
  "bolusiob": 0, 
  "iob": -0.6408809697643283, 
  "activity": -0.004635688148148147
}