{
  "bolusiob": 0, 
  "iob": 0.7839374622346548, 
  "activity": 0.00944646738977072
}