{
  "bolusiob": 0, 
  "iob": -0.1254852231210519, 
  "activity": -0.0007858199294532629
}