{
  "bolusiob": 0, 
  "iob": 0.3035235721790658, 
  "activity": 0.006291896067019399
}