{
  "bolusiob": 0, 
  "iob": 0.8127265935900002, 
  "activity": 0.012097777777777777
}