{
  "bolusiob": 0.5156104845333334, 
  "iob": 2.1411213244523437, 
  "activity": 0.031986402010582
}