{
  "bolusiob": 0, 
  "iob": -0.018363100513026587, 
  "activity": 0.0006684654850088185
}