{
  "bolusiob": 0, 
  "iob": 0.16231252929222223, 
  "activity": 0.004362848324514989
}