{
  "bolusiob": 0, 
  "iob": -0.28738405828655295, 
  "activity": -0.002716613844797177
}