{
  "bolusiob": 0, 
  "iob": 0.6249934277932238, 
  "activity": 0.0041388711640211635
}