{
  "bolusiob": 0, 
  "iob": -0.029041408491666677, 
  "activity": -0.002710617283950617
}