{
  "bolusiob": 0, 
  "iob": -0.37521512332097223, 
  "activity": -0.003930899470899471
}