{
  "bolusiob": 0.8598288906533333, 
  "iob": 2.151697694773889, 
  "activity": 0.024562883597883594
}