{
  "bolusiob": 0, 
  "iob": 0.9682647538772577, 
  "activity": 0.009214190723104056
}