{
  "bolusiob": 0.0029644416000000895, 
  "iob": 0.774223333125916, 
  "activity": 0.02660723703703703
}