{
  "bolusiob": 0, 
  "iob": 0.27940741526938145, 
  "activity": 0.0029450530864197537
}