{
  "bolusiob": 0, 
  "iob": -0.3396075622155805, 
  "activity": 0.000993615661375655
}