{
  "bolusiob": 0, 
  "iob": 0.7569981110795823, 
  "activity": 0.005105750987654311
}