{
  "bolusiob": 0, 
  "iob": 0.5425658243769421, 
  "activity": 0.0118895062962963
}