{
  "bolusiob": 0, 
  "iob": -0.252079175285526, 
  "activity": -0.004827310317460316
}