{
  "bolusiob": 0, 
  "iob": -0.2496099936630578, 
  "activity": -0.006807591975308643
}