{
  "bolusiob": 0, 
  "iob": 0.5019001192395073, 
  "activity": 0.006183756984126982
}