{
  "bolusiob": 0, 
  "iob": 0.842013717596667, 
  "activity": 0.0114379012345679
}