{
  "bolusiob": 3.4682322609777776, 
  "iob": 3.618087116087065, 
  "activity": 0.01153090816578483
}