{
  "bolusiob": 0, 
  "iob": 0.2490068787018944, 
  "activity": 0.006630346472663138
}