{
  "bolusiob": 0, 
  "iob": 0.5242236183734236, 
  "activity": 0.007408253968253967
}