{
  "bolusiob": 0, 
  "iob": -0.30723207109475636, 
  "activity": -0.0014725888888888878
}