{
  "bolusiob": 0, 
  "iob": 1.0863223928922219, 
  "activity": 0.013784426807760134
}