{
  "bolusiob": 0, 
  "iob": 0.41358623092633334, 
  "activity": 0.007926569664902997
}