{
  "bolusiob": 0, 
  "iob": -0.000874235591666639, 
  "activity": -0.0002385361552028218
}