{
  "bolusiob": 0, 
  "iob": -0.16276706115111111, 
  "activity": -3.7398589065255894e-05
}