{
  "bolusiob": 0, 
  "iob": -0.09866912969159634, 
  "activity": -0.0031716047619047612
}