{
  "bolusiob": 0.27676808746666665, 
  "iob": 0.9280497895498613, 
  "activity": 0.010069338624338623
}