{
  "bolusiob": 0.014682623999999998, 
  "iob": 0.5055939787919295, 
  "activity": 0.02682566102292769
}