{
  "bolusiob": 0.8375745638400002, 
  "iob": 0.7513917286896665, 
  "activity": 0.002106666666666665
}