{
  "bolusiob": 2.5889223111111113, 
  "iob": 3.125643586199111, 
  "activity": 0.016391887125220453
}