{
  "bolusiob": 0.07551630428000018, 
  "iob": 1.665364210124643, 
  "activity": 0.03462084567901233
}