{
  "bolusiob": 0, 
  "iob": -0.3167093367893876, 
  "activity": -0.0010786065255731915
}