{
  "bolusiob": 0, 
  "iob": 0.017914818628333322, 
  "activity": 0.0013963844797178126
}