{
  "bolusiob": 0, 
  "iob": 0.48602531477487854, 
  "activity": 0.008802486331569662
}