{
  "bolusiob": 0.2554090831866665, 
  "iob": 1.128800642508334, 
  "activity": 0.016525714638447972
}