{
  "bolusiob": 0, 
  "iob": -0.24162892217377774, 
  "activity": -0.007838950617283949
}