{
  "bolusiob": 1.6622083810666666, 
  "iob": 2.756426570753816, 
  "activity": 0.02422082865961199
}