{
  "bolusiob": 0, 
  "iob": -0.06467839712933707, 
  "activity": 0.00046787486772486815
}