{
  "bolusiob": 0.011347336000000019, 
  "iob": 0.11422364015452774, 
  "activity": 0.004503395061728395
}