{
  "bolusiob": 0, 
  "iob": -0.09323134941944447, 
  "activity": -0.0007173015873015873
}