{
  "bolusiob": 0, 
  "iob": 0.5888572822224445, 
  "activity": 0.009599999999999997
}