{
  "bolusiob": 0, 
  "iob": -0.1648268461271131, 
  "activity": 4.532451499117624e-06
}