{
  "bolusiob": 0.15794326090666677, 
  "iob": 0.6278740050044446, 
  "activity": 0.007129135802469135
}