{
  "bolusiob": 0.021592196906666652, 
  "iob": 0.6426741315994444, 
  "activity": 0.0025620811287477953
}