{
  "bolusiob": -0.00035314847999980966, 
  "iob": 0.7406629315269445, 
  "activity": 0.022674382716049376
}