{
  "bolusiob": 0, 
  "iob": -0.6249753657290279, 
  "activity": -0.0019315520282186948
}