{
  "bolusiob": 0, 
  "iob": 0.42311123316359256, 
  "activity": 0.006266785555555554
}