{
  "bolusiob": 0, 
  "iob": 0.0011135572213889014, 
  "activity": -0.0019654761904761902
}