{
  "bolusiob": 0, 
  "iob": 0.5855306884231959, 
  "activity": 0.00763345652557319
}