{
  "bolusiob": 0, 
  "iob": 0.8944306936609738, 
  "activity": 0.009627424955908289
}