{
  "bolusiob": 0.8251101023822223, 
  "iob": 1.3940667505686015, 
  "activity": 0.02522060855379188
}