{
  "bolusiob": 0, 
  "iob": -0.15176978044183662, 
  "activity": -0.0056292680599647265
}