{
  "bolusiob": 0, 
  "iob": 0.4784426563933117, 
  "activity": 0.002231816948853615
}