{
  "bolusiob": 0.27201920951999997, 
  "iob": 1.4498899094632605, 
  "activity": 0.012466210899470897
}