{
  "bolusiob": 0, 
  "iob": 0.616994139287551, 
  "activity": 0.009393103968253966
}