{
  "bolusiob": 0, 
  "iob": 0.48938867910080136, 
  "activity": 0.006353088747795415
}