{
  "bolusiob": 0, 
  "iob": -0.02430996086819447, 
  "activity": -0.0012681746031746029
}