{
  "bolusiob": 2.0166076007466667, 
  "iob": 3.1840309948549614, 
  "activity": 0.023898548042328042
}