{
  "bolusiob": 0.3051879594, 
  "iob": 1.7953669564596844, 
  "activity": 0.0366089417813051
}