{
  "bolusiob": 0, 
  "iob": -0.04610087868394778, 
  "activity": -0.0026332754497354494
}