{
  "bolusiob": 0, 
  "iob": 0.5268286879044446, 
  "activity": 0.005543880070546737
}