{
  "bolusiob": 0, 
  "iob": 0.2713491110983889, 
  "activity": 0.004114250440917108
}