{
  "bolusiob": 0, 
  "iob": -0.07917202930611111, 
  "activity": -0.0010808465608465607
}