{
  "bolusiob": 0.040270999999999904, 
  "iob": 0.8375376093718788, 
  "activity": 0.025514233068783074
}