{
  "bolusiob": 0, 
  "iob": 0.23650307630446973, 
  "activity": 0.00507396807760141
}