{
  "bolusiob": 0.15777838686666673, 
  "iob": 1.5172305932654866, 
  "activity": 0.03314576746031746
}