{
  "bolusiob": 0, 
  "iob": -0.14612783366184862, 
  "activity": -0.0012775042328042325
}