{
  "bolusiob": 0, 
  "iob": 0.4000110279834722, 
  "activity": 0.006602178130511463
}