{
  "bolusiob": 0, 
  "iob": 0.446985899341527, 
  "activity": 0.006640670105820106
}