{
  "bolusiob": 0, 
  "iob": 0.8651248089902779, 
  "activity": 0.010116754850088184
}