{
  "bolusiob": 0, 
  "iob": 0.09709164037593346, 
  "activity": -0.002006534638447972
}