{
  "bolusiob": 0, 
  "iob": 0.2564550241716667, 
  "activity": 0.005860467372134037
}