{
  "bolusiob": 0, 
  "iob": 0.09486054886277777, 
  "activity": 0.0013543474426807754
}