{
  "bolusiob": 0.9861500031999999, 
  "iob": 0.534076151336111, 
  "activity": -0.0032478571428571417
}