{
  "bolusiob": 0, 
  "iob": -0.0970486207138886, 
  "activity": -0.0006854231040564374
}