{
  "bolusiob": 0, 
  "iob": 0.8807267083287502, 
  "activity": 0.016906375661375664
}