{
  "bolusiob": 0.0009267151600000245, 
  "iob": 0.8187686884239107, 
  "activity": 0.01164368902998236
}