{
  "bolusiob": 0, 
  "iob": -0.08058359799499998, 
  "activity": -0.002840299823633156
}