{
  "bolusiob": 0, 
  "iob": -0.2520921120754167, 
  "activity": -0.004319232804232804
}