{
  "bolusiob": 0.8562104002666666, 
  "iob": 1.1532529361203472, 
  "activity": 0.007801278659611991
}