{
  "bolusiob": 0, 
  "iob": 0.10802160283347229, 
  "activity": -0.0006058818342151677
}