{
  "bolusiob": 0, 
  "iob": 0.25527026633777783, 
  "activity": 0.0014076190476190475
}