{
  "bolusiob": 0, 
  "iob": -0.24868128785746738, 
  "activity": -0.00012297222222222245
}