{
  "bolusiob": 0.1699045512533334, 
  "iob": 0.8190627460943163, 
  "activity": 0.011512504320987655
}