{
  "bolusiob": 0, 
  "iob": -0.17168303279474278, 
  "activity": -0.0044884835802469145
}