{
  "bolusiob": 0, 
  "iob": 1.095805009676263, 
  "activity": 0.01259498227513227
}