{
  "bolusiob": 0, 
  "iob": 0.0011481942568213818, 
  "activity": 0.002287027954144621
}