{
  "bolusiob": 0, 
  "iob": -0.2937591556645833, 
  "activity": 0.0008411640211640212
}