{
  "bolusiob": 0, 
  "iob": 0.10618990643344371, 
  "activity": 0.018231057830687823
}