{
  "bolusiob": 0.17000125296000007, 
  "iob": 0.9895289134080645, 
  "activity": 0.014014684744268074
}