{
  "bolusiob": 0, 
  "iob": 0.7110697848544719, 
  "activity": 0.010015644109347441
}