{
  "bolusiob": 0.13455675391999983, 
  "iob": 1.312537823735972, 
  "activity": 0.02719671075837742
}