{
  "bolusiob": 0, 
  "iob": -0.11104557026397344, 
  "activity": -0.0040110522927689594
}