{
  "bolusiob": 2.2940056166933336, 
  "iob": 2.395431467206222, 
  "activity": 0.005872803862433862
}