{
  "bolusiob": 0, 
  "iob": 0.007228932388333331, 
  "activity": 0.0008080246913580245
}