{
  "bolusiob": 0.015274708133333315, 
  "iob": 0.7256232799770832, 
  "activity": 0.013807839506172837
}