{
  "bolusiob": 0, 
  "iob": 0.009893618004444438, 
  "activity": -0.00043059964726632034
}