{
  "bolusiob": 0.09300496025333338, 
  "iob": 1.5380332684211886, 
  "activity": 0.023904453633156953
}