{
  "bolusiob": 0, 
  "iob": -0.18061223996782919, 
  "activity": -0.002036799118165785
}