{
  "bolusiob": 0.33577430016, 
  "iob": 0.7196612146777779, 
  "activity": 0.005368271604938271
}