{
  "bolusiob": 0, 
  "iob": 0.5008630904356774, 
  "activity": 0.0015515609347442679
}