{
  "bolusiob": 0, 
  "iob": 0.05943801414569443, 
  "activity": -0.0005800970017636683
}