{
  "bolusiob": 0, 
  "iob": -0.02927431125758863, 
  "activity": 0.0026293648148148145
}