{
  "bolusiob": 0, 
  "iob": -0.061912804704444484, 
  "activity": -0.004488350970017637
}