{
  "bolusiob": 0, 
  "iob": -0.15468492545236112, 
  "activity": -0.000816199294532628
}