{
  "bolusiob": 0, 
  "iob": 0.1284170343236259, 
  "activity": 0.0020325474426807766
}