{
  "bolusiob": 0, 
  "iob": 1.0260731908335252, 
  "activity": 0.013183121940035273
}