{
  "bolusiob": 0, 
  "iob": 1.0607735566039584, 
  "activity": 0.010853818342151675
}