{
  "bolusiob": 0, 
  "iob": -0.1454324741863889, 
  "activity": -0.003001587301587301
}