{
  "bolusiob": 1.5217625216, 
  "iob": 3.3189083545598557, 
  "activity": 0.02988935477954145
}