{
  "bolusiob": 0.2627985706666666, 
  "iob": 0.48964991719300527, 
  "activity": 0.0014645945326278668
}