{
  "bolusiob": 0, 
  "iob": 0.8449715437825001, 
  "activity": 0.010044991181657846
}