{
  "bolusiob": 0, 
  "iob": 0.8808096526826389, 
  "activity": 0.009295194003527333
}