{
  "bolusiob": 0, 
  "iob": -0.24037878514160357, 
  "activity": -0.010104232627865964
}