{
  "bolusiob": 0, 
  "iob": 1.0383850947587467, 
  "activity": 0.023253353880070545
}