{
  "bolusiob": 0, 
  "iob": 0.31486053239333334, 
  "activity": 0.005073703703703704
}