{
  "bolusiob": 0, 
  "iob": 0.8022932850335578, 
  "activity": 0.014748999735449733
}