{
  "bolusiob": 0, 
  "iob": 0.4037308386849999, 
  "activity": 0.006161657848324514
}