{
  "bolusiob": 0, 
  "iob": 0.006477505055054282, 
  "activity": 0.002406675626102293
}