{
  "bolusiob": 0, 
  "iob": 0.020589753905072304, 
  "activity": 0.003469839682539682
}