{
  "bolusiob": 0.9777682248, 
  "iob": 1.6378796367485526, 
  "activity": 0.006349912398589064
}