{
  "bolusiob": 0, 
  "iob": 0.19447782572192307, 
  "activity": 0.0054616139329806005
}