{
  "bolusiob": 0, 
  "iob": 0.03756945316641303, 
  "activity": 0.0008622664373897708
}