{
  "bolusiob": 1.0831264963599998, 
  "iob": 2.8864741607525057, 
  "activity": 0.0346178799823633
}