{
  "bolusiob": 2.0769464528, 
  "iob": 1.8853940874782205, 
  "activity": 0.00409651455026455
}