{
  "bolusiob": 0, 
  "iob": -0.289817998864743, 
  "activity": 0.009832389823633153
}