{
  "bolusiob": 0, 
  "iob": 0.019554073056111166, 
  "activity": 0.0015492768959435633
}