{
  "bolusiob": 0, 
  "iob": -0.4869319453432249, 
  "activity": -0.007998721252204584
}