{
  "bolusiob": 0, 
  "iob": -0.3759410708257178, 
  "activity": -0.005033429982363313
}