{
  "bolusiob": 1.69290343936, 
  "iob": 1.8722868466441116, 
  "activity": 0.0061114814814814756
}