{
  "bolusiob": 0, 
  "iob": 1.2935163637660003, 
  "activity": 0.012988395061728395
}