{
  "bolusiob": 0, 
  "iob": -0.2346971929193722, 
  "activity": -0.0017225661375661386
}