{
  "bolusiob": 0, 
  "iob": 0.22651311243818084, 
  "activity": -0.0031644795414462064
}