{
  "bolusiob": 0, 
  "iob": 0.5375558055202058, 
  "activity": 0.008870599576719573
}