{
  "bolusiob": 0.3547288888888889, 
  "iob": 0.6786770920685115, 
  "activity": 0.009050581781305111
}