{
  "bolusiob": 0, 
  "iob": 0.7870050494596208, 
  "activity": 0.01571081141093474
}