{
  "bolusiob": 0, 
  "iob": 0.4407265529163146, 
  "activity": 0.008720387936507935
}