{
  "bolusiob": 0, 
  "iob": -0.30304273583464564, 
  "activity": -0.011187857266313933
}