{
  "bolusiob": 0.7100223228266667, 
  "iob": 2.5370012402275197, 
  "activity": 0.035209943298059966
}