{
  "bolusiob": 0, 
  "iob": 0.0288485630584, 
  "activity": 0.0040466474426807736
}