{
  "bolusiob": 0, 
  "iob": -0.1859796688299648, 
  "activity": -0.002040432275132276
}