{
  "bolusiob": 0, 
  "iob": -0.11931280001726292, 
  "activity": -8.480650793650818e-05
}