{
  "bolusiob": 0, 
  "iob": 0.48282106743359626, 
  "activity": 0.004785176455026455
}