{
  "bolusiob": 0, 
  "iob": 0.4400569639266667, 
  "activity": 0.006211604938271604
}