{
  "bolusiob": 0, 
  "iob": -0.3086078494795834, 
  "activity": 0.0002309700176366836
}