{
  "bolusiob": 0, 
  "iob": -0.1135276739329167, 
  "activity": -0.00299753086419753
}