{
  "bolusiob": 0, 
  "iob": 0.5607481766556076, 
  "activity": 0.008402672081128743
}