{
  "bolusiob": 0, 
  "iob": -0.07416634554771362, 
  "activity": -0.0014705112874779536
}