{
  "bolusiob": 0.8549815982933333, 
  "iob": 1.178601542669262, 
  "activity": 0.011220299735449735
}