{
  "bolusiob": -0.0004725436799999483, 
  "iob": 1.0516470784328493, 
  "activity": 0.021856966596119926
}