{
  "bolusiob": 0, 
  "iob": -0.14397118871462827, 
  "activity": -0.0031205551851851846
}