{
  "bolusiob": 0.7682418515200002, 
  "iob": 2.1304030580777424, 
  "activity": 0.022252980687830683
}