{
  "bolusiob": 0, 
  "iob": 0.3487704955062475, 
  "activity": 0.0009961553968253975
}