{
  "bolusiob": 0, 
  "iob": -0.31503539110543455, 
  "activity": -0.006272733756613756
}