{
  "bolusiob": 0, 
  "iob": 0.13577222167147168, 
  "activity": 0.00414342389770723
}