{
  "bolusiob": 0, 
  "iob": 0.13348647637444444, 
  "activity": -4.2574955908289294e-05
}