{
  "bolusiob": 0, 
  "iob": -0.2030745391371958, 
  "activity": -0.001745220194003527
}