{
  "bolusiob": 0, 
  "iob": 1.121914880486361, 
  "activity": 0.012179338536155201
}