{
  "bolusiob": 0, 
  "iob": -0.22037984283290274, 
  "activity": -0.003581419753086419
}