{
  "bolusiob": 0, 
  "iob": -0.0513007078204167, 
  "activity": -0.002252169312169312
}