{
  "bolusiob": 0, 
  "iob": -0.2220475126255682, 
  "activity": -0.0028027600529100527
}