{
  "bolusiob": 0, 
  "iob": 0.18922239757630555, 
  "activity": 0.002850776014109347
}