{
  "bolusiob": 0, 
  "iob": 0.7208907980432028, 
  "activity": 0.0030489514991181655
}