{
  "bolusiob": 0, 
  "iob": 0.4195728662132672, 
  "activity": 0.003503191887125219
}