{
  "bolusiob": 0, 
  "iob": 0.9041335600763335, 
  "activity": 0.007112345679012345
}