{
  "bolusiob": 0.64941027, 
  "iob": 3.2617780527374096, 
  "activity": 0.05062557839506172
}