{
  "bolusiob": 0, 
  "iob": -0.47268620748285073, 
  "activity": -0.0011085715167548505
}