{
  "bolusiob": 0, 
  "iob": 0.5109390334328527, 
  "activity": 0.008163756913580249
}