{
  "bolusiob": 0, 
  "iob": -0.25332757403319445, 
  "activity": -0.0032179100529100527
}