{
  "bolusiob": 0.14104566528, 
  "iob": 1.463282131820747, 
  "activity": 0.015211074973544974
}