{
  "bolusiob": 0.004888086933333313, 
  "iob": 0.1301644997221529, 
  "activity": 0.015433835978835984
}