{
  "bolusiob": 0, 
  "iob": 1.0973599024091665, 
  "activity": 0.01337216931216931
}