{
  "bolusiob": 0, 
  "iob": -0.18040133893166665, 
  "activity": -0.0022911816578483246
}