{
  "bolusiob": 0, 
  "iob": -0.11330722642111112, 
  "activity": 0.0008499911816578479
}