{
  "bolusiob": 0, 
  "iob": 0.649812356734931, 
  "activity": 0.006711578606701933
}