{
  "bolusiob": 0.17196568709333335, 
  "iob": 1.6594931517096125, 
  "activity": 0.024786111481481483
}