{
  "bolusiob": 0, 
  "iob": 0.09058762139174997, 
  "activity": -0.0023773015873015876
}