{
  "bolusiob": 0, 
  "iob": 0.5593601298794444, 
  "activity": 0.008273068783068783
}