{
  "bolusiob": 0, 
  "iob": 0.005563316394999996, 
  "activity": 0.00041031746031746014
}