{
  "bolusiob": 0, 
  "iob": -0.760176378824861, 
  "activity": -0.0065690917107583775
}