{
  "bolusiob": 0, 
  "iob": 0.13773681408611113, 
  "activity": -0.0026179453262786595
}