{
  "bolusiob": 0, 
  "iob": 0.050616655243442187, 
  "activity": 0.0029147179365079366
}