{
  "bolusiob": 0, 
  "iob": 0.1960074931393056, 
  "activity": 0.002980291005291005
}