{
  "bolusiob": 0, 
  "iob": 0.716913737948692, 
  "activity": 0.00982067275132275
}