{
  "bolusiob": 0, 
  "iob": -0.5007831976771985, 
  "activity": -0.0025167199118165777
}