{
  "bolusiob": 0, 
  "iob": -0.163465777745, 
  "activity": -0.0017382539682539678
}