{
  "bolusiob": 0, 
  "iob": -0.09139058518888282, 
  "activity": -0.001886799312169312
}