{
  "bolusiob": 0, 
  "iob": -0.3464681089211459, 
  "activity": 0.0014086772486772445
}