{
  "bolusiob": 0, 
  "iob": 0.01554117901611076, 
  "activity": -0.0012544268077601464
}