{
  "bolusiob": 0, 
  "iob": 0.026135845050763884, 
  "activity": -0.0004343474426807756
}