{
  "bolusiob": 1.2306436929200002, 
  "iob": 2.3636061007443887, 
  "activity": 0.016200299823633156
}