{
  "bolusiob": 0, 
  "iob": 0.8838158135784442, 
  "activity": 0.011073339329805993
}