{
  "bolusiob": 0, 
  "iob": -0.12354101213888888, 
  "activity": 0.0013983245149911815
}