{
  "bolusiob": 0, 
  "iob": -0.18460251714902787, 
  "activity": -0.0020154144620811282
}