{
  "bolusiob": 0, 
  "iob": 0.6704649041933335, 
  "activity": 0.009079770723104055
}