{
  "bolusiob": 0.14604277586666667, 
  "iob": 1.0685455060916578, 
  "activity": 0.03769393282186948
}