{
  "bolusiob": 0, 
  "iob": 0.6769563890095784, 
  "activity": 0.002610836860670194
}