{
  "bolusiob": 0, 
  "iob": 0.6726332834187502, 
  "activity": 0.005312081128747795
}