{
  "bolusiob": 0, 
  "iob": 0.2939310006393925, 
  "activity": 0.002161201234567901
}