{
  "bolusiob": 0, 
  "iob": -0.24203626706373615, 
  "activity": -0.0015125396825396817
}