{
  "bolusiob": 0, 
  "iob": -0.07556852288947194, 
  "activity": 0.0016625835097001755
}