{
  "bolusiob": 0, 
  "iob": -0.597236050638854, 
  "activity": -0.004954762028218697
}