{
  "bolusiob": 0, 
  "iob": 0.5549395082087647, 
  "activity": 0.009359357072310403
}