{
  "bolusiob": 0, 
  "iob": -0.0670445736430306, 
  "activity": -0.001764886807760141
}