{
  "bolusiob": 0.19661594496, 
  "iob": 0.9672656638029686, 
  "activity": 0.013743055555555552
}