{
  "bolusiob": 0, 
  "iob": -0.41028169515450186, 
  "activity": 0.003131583580246911
}