{
  "bolusiob": 0, 
  "iob": 0.8868911763371111, 
  "activity": 0.0138473721340388
}