{
  "bolusiob": 0, 
  "iob": 0.9012478399482748, 
  "activity": 0.004351201216931217
}