{
  "bolusiob": 0, 
  "iob": 0.7252062250834512, 
  "activity": 0.00650012389770723
}