{
  "bolusiob": 0, 
  "iob": -0.13739406666472226, 
  "activity": 0.00048410052910052875
}