{
  "bolusiob": 0, 
  "iob": -0.326805532537625, 
  "activity": -0.006015873015873016
}