{
  "bolusiob": 0, 
  "iob": -0.1290380004406444, 
  "activity": 0.002197495467372134
}