{
  "bolusiob": 0, 
  "iob": -0.12120582520684124, 
  "activity": 0.0028283508465608478
}