{
  "bolusiob": 0, 
  "iob": -0.18857625290527777, 
  "activity": -0.0033817283950617278
}