{
  "bolusiob": 0, 
  "iob": -0.30134063454319443, 
  "activity": -0.002669603174603175
}