{
  "bolusiob": 0, 
  "iob": 0.0742212386381198, 
  "activity": 0.0034462212169312175
}