{
  "bolusiob": 0, 
  "iob": -0.37080806550470713, 
  "activity": -0.0042558378659612
}