{
  "bolusiob": 0, 
  "iob": 0.0895372302630536, 
  "activity": 0.004672945061728393
}