{
  "bolusiob": 0, 
  "iob": 0.8461838007355554, 
  "activity": 0.008358350970017636
}