{
  "bolusiob": 0.8032630337866666, 
  "iob": 2.5654008272147215, 
  "activity": 0.026138403880070535
}