{
  "bolusiob": 0.22382257296, 
  "iob": -0.14665000735513486, 
  "activity": -0.0025814573721340385
}