{
  "bolusiob": 0, 
  "iob": 0.09694288260555559, 
  "activity": 0.0009723809523809524
}