{
  "bolusiob": 0.006579995333333154, 
  "iob": 0.6710507349254164, 
  "activity": 0.013299938271604934
}