{
  "bolusiob": 0, 
  "iob": 0.5979545909753515, 
  "activity": 0.0203164225749559
}