{
  "bolusiob": 0, 
  "iob": 1.0878851578914548, 
  "activity": 0.018829784497354486
}