{
  "bolusiob": 0, 
  "iob": 1.0072989208066667, 
  "activity": 0.015911358024691354
}