{
  "bolusiob": 0, 
  "iob": 0.30823791892028407, 
  "activity": 0.005082504056437389
}