{
  "bolusiob": 1.0565739341066667, 
  "iob": 2.9089546701512043, 
  "activity": 0.033248633068783055
}