{
  "bolusiob": 0, 
  "iob": -0.3145240381079033, 
  "activity": -0.006190687813051145
}