{
  "bolusiob": 0, 
  "iob": 0.8090123500624999, 
  "activity": 0.010536243386243383
}