{
  "bolusiob": 0, 
  "iob": -0.05112592591205844, 
  "activity": -0.002649876790123457
}