{
  "bolusiob": 0, 
  "iob": 0.21509455211871617, 
  "activity": 0.0035403795590828904
}