{
  "bolusiob": 0, 
  "iob": -0.17471030392184028, 
  "activity": -0.0025818386243386233
}