{
  "bolusiob": 0, 
  "iob": 0.38184379372304933, 
  "activity": 0.0036917456790123444
}