{
  "bolusiob": 2.387105540266667, 
  "iob": 2.834997717230555, 
  "activity": 0.014293915343915345
}