{
  "bolusiob": 0.86892499568, 
  "iob": 1.10615689204, 
  "activity": 0.006674814814814814
}