{
  "bolusiob": 0.20127069600000003, 
  "iob": 0.7060601640377778, 
  "activity": 0.006661604938271604
}