{
  "bolusiob": 0, 
  "iob": -0.27654571094972225, 
  "activity": -0.0024140564373897706
}