{
  "bolusiob": 0, 
  "iob": 0.921832961819965, 
  "activity": 0.013028448218694887
}