{
  "bolusiob": 0, 
  "iob": -0.15325331169252318, 
  "activity": -0.0011454645855379188
}