{
  "bolusiob": 0, 
  "iob": 1.0356159757481946, 
  "activity": 0.010904576719576719
}