{
  "bolusiob": 0, 
  "iob": 0.5333080372266205, 
  "activity": 0.0030675660493827152
}