{
  "bolusiob": 0, 
  "iob": -0.1651299898974331, 
  "activity": 0.0005313049382716046
}