{
  "bolusiob": 0, 
  "iob": 0.6488326957539203, 
  "activity": 0.0032099999118165787
}