{
  "bolusiob": 0, 
  "iob": 0.8553941724849999, 
  "activity": 0.010607195767195758
}