{
  "bolusiob": 0, 
  "iob": 0.8042018307877777, 
  "activity": 0.007835017636684304
}