{
  "bolusiob": 0, 
  "iob": 0.02326249770006418, 
  "activity": -0.0017152290123456783
}