{
  "bolusiob": 0.02129225113333333, 
  "iob": 0.3394088102141112, 
  "activity": 0.014966966490299818
}