{
  "bolusiob": 0, 
  "iob": 0.008186885635555627, 
  "activity": 0.004622962962962965
}