{
  "bolusiob": 0, 
  "iob": 0.6473599045882198, 
  "activity": 0.009026798924162256
}