{
  "bolusiob": 0, 
  "iob": 0.8586484897077129, 
  "activity": 0.007099314708994709
}