{
  "bolusiob": 0, 
  "iob": 0.8771757457482023, 
  "activity": 0.008670402433862431
}