{
  "bolusiob": 0, 
  "iob": -0.6047899305338948, 
  "activity": -0.007752046102292767
}