{
  "bolusiob": 0, 
  "iob": -0.18786139008083333, 
  "activity": -0.00156042328042328
}