{
  "bolusiob": 0, 
  "iob": 0.4303383095644444, 
  "activity": 0.007386234567901234
}