{
  "bolusiob": 0, 
  "iob": 0.32827015729255554, 
  "activity": 0.0015756437389770732
}