{
  "bolusiob": 0, 
  "iob": 0.19504996156152782, 
  "activity": 0.008463280423280423
}