{
  "bolusiob": 0, 
  "iob": 0.29612571264663895, 
  "activity": 0.006299761904761904
}