{
  "bolusiob": 0, 
  "iob": 0.20947757736193828, 
  "activity": 0.004758765343915342
}