{
  "bolusiob": 0, 
  "iob": -0.09071551443455322, 
  "activity": -0.003963571340388004
}