{
  "bolusiob": 0, 
  "iob": -0.4460447013763727, 
  "activity": -0.006654356172839505
}