{
  "bolusiob": 0, 
  "iob": 0.24313931025819444, 
  "activity": 0.004562389770723103
}