{
  "bolusiob": 0, 
  "iob": -0.5562510102969697, 
  "activity": -0.0071492676895943555
}