{
  "bolusiob": 2.237523964088889, 
  "iob": 2.8356972172502006, 
  "activity": 0.015587671869488532
}