{
  "bolusiob": 0, 
  "iob": 0.11004780912703419, 
  "activity": 0.0065261814814814795
}