{
  "bolusiob": 0, 
  "iob": 0.43638592968012363, 
  "activity": 0.028527477583774236
}