{
  "bolusiob": 0, 
  "iob": 0.2231388211520834, 
  "activity": 0.0054205643738977054
}