{
  "bolusiob": 0, 
  "iob": 0.5596537025500773, 
  "activity": 0.006318185961199293
}