{
  "bolusiob": 0, 
  "iob": 0.7900157048589251, 
  "activity": 0.009258050793650791
}