{
  "bolusiob": 0, 
  "iob": -0.13221197980697583, 
  "activity": -0.001875520458553792
}