{
  "bolusiob": 0, 
  "iob": -0.5404161966014696, 
  "activity": -0.004284362592592591
}