{
  "bolusiob": 0, 
  "iob": -0.8501170873095647, 
  "activity": -0.006890767019400352
}