{
  "bolusiob": 0, 
  "iob": 0.4792000751744444, 
  "activity": 0.007635167548500881
}