{
  "bolusiob": 0, 
  "iob": 1.0477261324927778, 
  "activity": 0.01357238095238095
}