{
  "bolusiob": 0, 
  "iob": 0.6186255663601351, 
  "activity": 0.007027675396825398
}