{
  "bolusiob": 0.017112218066666685, 
  "iob": 0.21259582453219353, 
  "activity": 0.006282839241622572
}