{
  "bolusiob": 0.9634710222222224, 
  "iob": 2.4185023949894617, 
  "activity": 0.015892893227513222
}