{
  "bolusiob": 0, 
  "iob": 0.2733434238464406, 
  "activity": 0.0036387040740740737
}