{
  "bolusiob": 0, 
  "iob": 0.26194261596616664, 
  "activity": 0.0028923809523809514
}