{
  "bolusiob": 0, 
  "iob": 0.039410770810000016, 
  "activity": 0.002602116402116402
}