{
  "bolusiob": 0, 
  "iob": -0.1353667062454167, 
  "activity": -0.001322495590828924
}