{
  "bolusiob": 0, 
  "iob": -0.053977542566217146, 
  "activity": 0.004949629171075836
}