{
  "bolusiob": 0.40956701162666664, 
  "iob": 2.1577739560314884, 
  "activity": 0.032145960758377425
}