{
  "bolusiob": 0, 
  "iob": -0.2078706991488889, 
  "activity": -0.0006782539682539682
}