{
  "bolusiob": 1.8474038490666669, 
  "iob": 2.517086575754445, 
  "activity": 0.017703439153439155
}