{
  "bolusiob": 1.3423306385066671, 
  "iob": 2.5495914928838888, 
  "activity": 0.022065661375661374
}