{
  "bolusiob": 0, 
  "iob": 0.8060454152544443, 
  "activity": 0.03491040564373897
}