{
  "bolusiob": 0, 
  "iob": -0.020988650113740875, 
  "activity": 0.0019779119576719584
}