{
  "bolusiob": 0, 
  "iob": -0.014609505118972247, 
  "activity": -0.002268641975308641
}