{
  "bolusiob": 0, 
  "iob": 0.31089475574388764, 
  "activity": 0.0021350364902998236
}