{
  "bolusiob": 0, 
  "iob": -0.01802105081289323, 
  "activity": 0.004763985767195767
}