{
  "bolusiob": 0, 
  "iob": 0.7187752505725696, 
  "activity": 0.006162486772486771
}