{
  "bolusiob": 0, 
  "iob": 0.2926630327767702, 
  "activity": 0.014482151587301588
}