{
  "bolusiob": 0, 
  "iob": 0.9575905399510147, 
  "activity": 0.04905722195767194
}