{
  "bolusiob": 0.022474055039999972, 
  "iob": -0.011308006226743612, 
  "activity": -0.00118949708994709
}