{
  "bolusiob": 0, 
  "iob": 0.897055080495927, 
  "activity": 0.005454445273368606
}