{
  "bolusiob": 0, 
  "iob": 0.4648624355287205, 
  "activity": 0.01192770714285714
}