{
  "bolusiob": 0, 
  "iob": 0.1493767363260929, 
  "activity": -0.0008951850970017633
}