{
  "bolusiob": 0, 
  "iob": 0.7914618962147842, 
  "activity": 0.008719700264550262
}