{
  "bolusiob": 0, 
  "iob": 0.022211413137951386, 
  "activity": -0.0015973633156966486
}