{
  "bolusiob": 0, 
  "iob": 0.05427742016397224, 
  "activity": 0.0032726543209876543
}