{
  "bolusiob": 0, 
  "iob": -0.38138697558422224, 
  "activity": -0.004449594356261023
}