{
  "bolusiob": -1.1568400000272483e-06, 
  "iob": 1.3291208364493832, 
  "activity": 0.027494855925925914
}