{
  "bolusiob": 0, 
  "iob": -0.15168930849516432, 
  "activity": -0.005066780687830686
}