{
  "bolusiob": 0, 
  "iob": 0.3518031474211115, 
  "activity": 0.0156813492063492
}