{
  "bolusiob": 0.36615082720000003, 
  "iob": 1.3514526431961111, 
  "activity": 0.01366043209876543
}