{
  "bolusiob": 0, 
  "iob": -0.022713638320358234, 
  "activity": -0.002429039065255732
}