{
  "bolusiob": 0, 
  "iob": 0.819036194461111, 
  "activity": 0.005063686067019397
}