{
  "bolusiob": 0, 
  "iob": 0.4339862315139415, 
  "activity": 0.006111851763668429
}