{
  "bolusiob": 0, 
  "iob": -0.49800465652381043, 
  "activity": -0.006380317372134039
}