{
  "bolusiob": 0, 
  "iob": 0.15271843252000003, 
  "activity": 0.003353386243386243
}