{
  "bolusiob": 0, 
  "iob": -0.08504024327498526, 
  "activity": -0.001560678835978835
}