{
  "bolusiob": 0, 
  "iob": -0.13911725183333598, 
  "activity": -0.0022972044973544967
}