{
  "bolusiob": 0, 
  "iob": -0.005490702060862607, 
  "activity": 0.0007504850970017642
}