{
  "bolusiob": 0, 
  "iob": 0.14207987955364326, 
  "activity": 0.00023090841269841238
}