{
  "bolusiob": 0, 
  "iob": 0.5260126846595834, 
  "activity": 0.0060277160493827165
}