{
  "bolusiob": 0, 
  "iob": 0.3166366116977778, 
  "activity": 0.00534379188712522
}