{
  "bolusiob": 0, 
  "iob": 0.6816856900888889, 
  "activity": 0.013481746031746029
}