{
  "bolusiob": 0, 
  "iob": 0.14817173007680556, 
  "activity": 0.00025445326278659595
}