{
  "bolusiob": 0, 
  "iob": 0.24657516421151982, 
  "activity": 0.008531613791887122
}