{
  "bolusiob": 1.1978348315555556, 
  "iob": 1.5015653910213884, 
  "activity": 0.008741499118165784
}