{
  "bolusiob": 0, 
  "iob": -0.055807901294322615, 
  "activity": -0.0018378310405643742
}