{
  "bolusiob": 0.17469822240000002, 
  "iob": 0.6414762179708913, 
  "activity": 0.004387178589065256
}