{
  "bolusiob": 0, 
  "iob": 0.02146623190666665, 
  "activity": -0.004083007054673721
}