{
  "bolusiob": 0, 
  "iob": 0.6112396392856323, 
  "activity": 0.004804215590828924
}