{
  "bolusiob": 3.968379133724444, 
  "iob": 4.046778755435252, 
  "activity": 0.0091399119047619
}