{
  "bolusiob": 0, 
  "iob": -0.20651719891, 
  "activity": -0.002789982363315696
}