{
  "bolusiob": 0, 
  "iob": 0.7166299533005309, 
  "activity": 0.012591878553791885
}