{
  "bolusiob": 1.1836189479644443, 
  "iob": 2.073195673063819, 
  "activity": 0.013594955908289234
}