{
  "bolusiob": 0.6039001936933335, 
  "iob": 1.3051307229612414, 
  "activity": 0.023265088395061712
}