{
  "bolusiob": 0, 
  "iob": -0.1978718954342222, 
  "activity": 0.001452980599647266
}