{
  "bolusiob": 0.692856836, 
  "iob": 0.697598419, 
  "activity": 0.0004925925925925924
}