{
  "bolusiob": 0, 
  "iob": 0.0511808384250366, 
  "activity": -0.00207728811287478
}