{
  "bolusiob": 0, 
  "iob": 0.7105708286426315, 
  "activity": 0.006523898289241623
}