{
  "bolusiob": 0, 
  "iob": 0.09529619548500001, 
  "activity": 0.00033722222222222216
}