{
  "bolusiob": 0, 
  "iob": -0.4718339432114459, 
  "activity": -0.0072230421516754845
}