{
  "bolusiob": 0, 
  "iob": -0.27944950708719446, 
  "activity": -0.0016664814814814812
}