{
  "bolusiob": 0, 
  "iob": 0.1343693273283056, 
  "activity": 0.0005939065255731915
}