{
  "bolusiob": 0, 
  "iob": 0.9541005861436224, 
  "activity": 0.021997763262786595
}