{
  "bolusiob": 0, 
  "iob": -0.016166984610555546, 
  "activity": 0.009398024691358023
}