{
  "bolusiob": 0, 
  "iob": -0.3009499632085435, 
  "activity": -0.005391772857142857
}