{
  "bolusiob": 0, 
  "iob": -0.48094653251361114, 
  "activity": -0.0020409700176366834
}