{
  "bolusiob": 0, 
  "iob": -0.2621387098238191, 
  "activity": 0.00905946176366843
}