{
  "bolusiob": 0, 
  "iob": -0.2590135397236111, 
  "activity": -0.0019580776014109344
}