{
  "bolusiob": 0, 
  "iob": 0.5901910624535555, 
  "activity": 0.006492469135802467
}