{
  "bolusiob": 0, 
  "iob": -0.011479820095555582, 
  "activity": 0.0037054673721340367
}