{
  "bolusiob": 0, 
  "iob": 0.4945087926298335, 
  "activity": 0.007905044091710757
}