{
  "bolusiob": 0, 
  "iob": 0.5876389174416667, 
  "activity": 0.006747574955908289
}