{
  "bolusiob": 0, 
  "iob": 0.2531950896808887, 
  "activity": -0.00020813051146384583
}