{
  "bolusiob": 0, 
  "iob": 0.042211385709027785, 
  "activity": -0.0011960758377425043
}