{
  "bolusiob": 0, 
  "iob": 0.4428729934911111, 
  "activity": 0.0065328747795414446
}