{
  "bolusiob": 0, 
  "iob": -0.25100422725374244, 
  "activity": -0.005096598677248676
}