{
  "bolusiob": 0, 
  "iob": 0.47746135543043056, 
  "activity": 0.008844735449735448
}