{
  "bolusiob": 0, 
  "iob": -0.09933878445333331, 
  "activity": -0.0008177072310405647
}