{
  "bolusiob": 0, 
  "iob": -0.06739102239794252, 
  "activity": -0.0010948675485008815
}