{
  "bolusiob": 0, 
  "iob": 0.3437214510846708, 
  "activity": 0.008266137689594348
}