{
  "bolusiob": 0, 
  "iob": 0.16052698037431629, 
  "activity": 0.002343915432098766
}