{
  "bolusiob": 0, 
  "iob": -0.3854692534120834, 
  "activity": -0.003613174603174603
}