{
  "bolusiob": 0, 
  "iob": 0.4107093567514935, 
  "activity": 0.003610926666666666
}