{
  "bolusiob": 2.815976491093333, 
  "iob": 3.1324461573763074, 
  "activity": 0.006227460194003526
}