{
  "bolusiob": 0, 
  "iob": 0.13511598850810738, 
  "activity": -0.0002843385361552033
}