{
  "bolusiob": 0, 
  "iob": 0.4817839064773791, 
  "activity": 0.007790044091710757
}