{
  "bolusiob": -0.00010411680000005363, 
  "iob": 0.46135130434659294, 
  "activity": 0.015119268165784832
}