{
  "bolusiob": 0.01636476288000006, 
  "iob": 0.6481422042322144, 
  "activity": 0.00934897701940035
}