{
  "bolusiob": 0, 
  "iob": 1.029163838549407, 
  "activity": 0.01783220813051145
}