{
  "bolusiob": 0, 
  "iob": 0.43290177828533033, 
  "activity": 0.0060089890123456715
}