{
  "bolusiob": 0, 
  "iob": 0.04443731782866645, 
  "activity": 0.005085573192239852
}