{
  "bolusiob": 0, 
  "iob": 0.6330317744860393, 
  "activity": 0.01277045828924162
}