{
  "bolusiob": 0, 
  "iob": 0.3517410231365278, 
  "activity": 0.0025790476190476193
}