{
  "bolusiob": 0, 
  "iob": 0.35429423683849537, 
  "activity": 0.009998968500881831
}