{
  "bolusiob": 0.8223715245200001, 
  "iob": 1.8903149349211112, 
  "activity": 0.019706243386243383
}