{
  "bolusiob": 0, 
  "iob": 0.09675406860638838, 
  "activity": 0.0019644176895943556
}