{
  "bolusiob": 0, 
  "iob": 0.32460441794643496, 
  "activity": 0.009981895238095237
}