{
  "bolusiob": 0, 
  "iob": 0.06302031433584708, 
  "activity": 0.0012905642857142857
}