{
  "bolusiob": 0, 
  "iob": 0.3158472577772897, 
  "activity": 0.025116621428571427
}