{
  "bolusiob": 0.011204270399999938, 
  "iob": 0.40724880970777777, 
  "activity": 0.007034850088183421
}