{
  "bolusiob": 0, 
  "iob": 0.8671877590364886, 
  "activity": 0.013531058818342148
}