{
  "bolusiob": 0, 
  "iob": 0.28521766206700006, 
  "activity": 0.003324144620811288
}