{
  "bolusiob": 0, 
  "iob": 0.3958987999937501, 
  "activity": 0.007317054673721338
}