{
  "bolusiob": 0, 
  "iob": -0.00725111652656843, 
  "activity": 0.0044765872134038785
}