{
  "bolusiob": 0, 
  "iob": 1.0737805984247222, 
  "activity": 0.013365925925925925
}