{
  "bolusiob": 0, 
  "iob": 0.3707563825394338, 
  "activity": 0.004493297971781304
}