{
  "bolusiob": 0, 
  "iob": -0.4493718364843748, 
  "activity": -0.005931340211640211
}