{
  "bolusiob": 0, 
  "iob": 0.4193869308780556, 
  "activity": 0.005077945326278658
}