{
  "bolusiob": 0.03839561769333323, 
  "iob": 1.4692027380308332, 
  "activity": 0.03372126111111111
}