{
  "bolusiob": 0, 
  "iob": 0.8744933961744445, 
  "activity": 0.01572537918871252
}