{
  "bolusiob": 0, 
  "iob": 0.11395538973277775, 
  "activity": 0.010313738977072308
}