{
  "bolusiob": 0, 
  "iob": 0.6520622167039006, 
  "activity": 0.006965405555555554
}