{
  "bolusiob": 0, 
  "iob": 0.17311840687333332, 
  "activity": -2.557319223985886e-05
}