{
  "bolusiob": 0, 
  "iob": -0.05168450445347224, 
  "activity": 0.001335970017636684
}