{
  "bolusiob": 0, 
  "iob": 0.2857263270065973, 
  "activity": -0.0013373368606701941
}