{
  "bolusiob": 0, 
  "iob": -0.10295229320333774, 
  "activity": 0.0035261374426807744
}