{
  "bolusiob": 0.8314210586266668, 
  "iob": 2.8128503759563337, 
  "activity": 0.03036077601410934
}