{
  "bolusiob": 0, 
  "iob": 0.25243944632094306, 
  "activity": 0.010711789999999997
}