{
  "bolusiob": 0, 
  "iob": 0.4549740845566666, 
  "activity": 0.009303315696649024
}