{
  "bolusiob": 0, 
  "iob": 0.8140774909949238, 
  "activity": 0.035295890493827156
}