{
  "bolusiob": 0, 
  "iob": 0.3000195807022223, 
  "activity": 0.005022716049382715
}