{
  "bolusiob": 0, 
  "iob": 0.54878847148, 
  "activity": 0.009495255731922395
}