{
  "bolusiob": 0, 
  "iob": -0.2124584527076071, 
  "activity": -0.002914488447971781
}