{
  "bolusiob": 0, 
  "iob": -0.29165530804281964, 
  "activity": -0.0009872046737213402
}