{
  "bolusiob": 0, 
  "iob": 0.2482296263955556, 
  "activity": 0.0014850705467372132
}