{
  "bolusiob": 0, 
  "iob": 0.2116169394474999, 
  "activity": 0.0313084479717813
}