{
  "bolusiob": 0, 
  "iob": -0.6082156524159966, 
  "activity": -0.0022406001234567914
}