{
  "bolusiob": 0.9866716773200002, 
  "iob": 2.6466376434852044, 
  "activity": 0.017682027266313925
}