{
  "bolusiob": 0, 
  "iob": -0.159457311885, 
  "activity": -0.0018640740740740742
}