{
  "bolusiob": 0, 
  "iob": 0.4536440038329445, 
  "activity": 0.006365299823633157
}