{
  "bolusiob": 0, 
  "iob": 0.28189580795838715, 
  "activity": -0.003914647266313931
}