{
  "bolusiob": 2.175417605582222, 
  "iob": 3.567223553748892, 
  "activity": 0.01951595779541446
}