{
  "bolusiob": 0, 
  "iob": 0.15342398154277775, 
  "activity": -0.000774268077601411
}