{
  "bolusiob": 0, 
  "iob": 0.024712345063749974, 
  "activity": 0.004191772486772486
}