{
  "bolusiob": 0, 
  "iob": 0.6565973983571392, 
  "activity": 0.005372239858906525
}