{
  "bolusiob": 0, 
  "iob": 0.7462195951004791, 
  "activity": 0.006326614779541444
}