{
  "bolusiob": 0, 
  "iob": -0.3745049666586666, 
  "activity": -0.004950123456790124
}