{
  "bolusiob": 0, 
  "iob": -0.140448447606256, 
  "activity": -0.0015477159611992943
}