{
  "bolusiob": 0, 
  "iob": 0.2471464156309416, 
  "activity": -0.00162452368606702
}