{
  "bolusiob": 0.006808928293333328, 
  "iob": 0.7558627130445555, 
  "activity": 0.004051587301587303
}