{
  "bolusiob": 0, 
  "iob": -0.12682415687711812, 
  "activity": -0.00223767195767196
}