{
  "bolusiob": 0, 
  "iob": -0.5900447080216946, 
  "activity": -0.007861728641975306
}