{
  "bolusiob": 0, 
  "iob": 0.08573440966718171, 
  "activity": 0.011076331287477956
}