{
  "bolusiob": 1.0726212355733333, 
  "iob": 2.5420692755968406, 
  "activity": 0.02808744248677248
}