{
  "bolusiob": 0, 
  "iob": 1.1323006111333336, 
  "activity": 0.013238007054673716
}