{
  "bolusiob": 0, 
  "iob": 0.6040407224098611, 
  "activity": 0.00287384479717813
}