{
  "bolusiob": 0, 
  "iob": -0.12824512443059805, 
  "activity": -0.001649100352733686
}