{
  "bolusiob": 0, 
  "iob": 0.0712552935995582, 
  "activity": 0.002466939947089947
}