{
  "bolusiob": 0, 
  "iob": 0.23157157033092088, 
  "activity": 0.0013569047089947084
}