{
  "bolusiob": 0, 
  "iob": 0.48527220439991664, 
  "activity": 0.007572345679012347
}