{
  "bolusiob": 0, 
  "iob": -0.256936706715375, 
  "activity": -0.002795564003527337
}