{
  "bolusiob": 0, 
  "iob": 0.03801341734824282, 
  "activity": -0.0019832221164021156
}