{
  "bolusiob": 0.04502503699999996, 
  "iob": 0.4087240030841109, 
  "activity": 0.01642539682539682
}