{
  "bolusiob": 0, 
  "iob": 0.03373803725070859, 
  "activity": 0.0015696381834215164
}