{
  "bolusiob": 0, 
  "iob": 0.81718079589875, 
  "activity": 0.01636986772486772
}