{
  "bolusiob": 0, 
  "iob": 0.9023425133205525, 
  "activity": 0.009654197442680775
}