{
  "bolusiob": 0, 
  "iob": 0.363434531832525, 
  "activity": 0.0007901801587301582
}