{
  "bolusiob": 0, 
  "iob": 0.7143146308212115, 
  "activity": 0.006724558994708995
}