{
  "bolusiob": 0, 
  "iob": 0.3893116127592362, 
  "activity": 0.007997169312169313
}