{
  "bolusiob": 0.10967546826666669, 
  "iob": 0.8485275520303335, 
  "activity": 0.011473156966490292
}