{
  "bolusiob": 0, 
  "iob": -0.11270212888027784, 
  "activity": -0.0014911199294532647
}