{
  "bolusiob": 0, 
  "iob": 0.18517629973335026, 
  "activity": 0.004648385978835978
}