{
  "bolusiob": 0, 
  "iob": -0.19665148869333962, 
  "activity": 0.0010025304232804226
}