{
  "bolusiob": 0.023587591720000047, 
  "iob": 0.7335859753542375, 
  "activity": 0.024792028483245153
}