{
  "bolusiob": 0, 
  "iob": 0.8276304569302777, 
  "activity": 0.011056631393298056
}