{
  "bolusiob": 0, 
  "iob": 1.0743673693731945, 
  "activity": 0.011397169312169306
}