{
  "bolusiob": 0, 
  "iob": 0.4066870832766667, 
  "activity": 0.00620358024691358
}