{
  "bolusiob": 0, 
  "iob": 0.6403699339997971, 
  "activity": 0.00478388024691358
}