{
  "bolusiob": 0, 
  "iob": -0.33649459680194443, 
  "activity": -0.0002741710758377424
}