{
  "bolusiob": 0, 
  "iob": -0.49389446333142284, 
  "activity": -0.002079003650793651
}