{
  "bolusiob": 0, 
  "iob": -0.002847076903954561, 
  "activity": 0.004486538359788359
}