{
  "bolusiob": 0, 
  "iob": 0.35790029669333334, 
  "activity": 0.004898483245149911
}