{
  "bolusiob": 0, 
  "iob": 0.2257553026465834, 
  "activity": 0.0005407407407407405
}