{
  "bolusiob": 0, 
  "iob": 0.09939749064055556, 
  "activity": 9.919753086419752e-05
}