{
  "bolusiob": 0.88279859912, 
  "iob": 2.3379494709633333, 
  "activity": 0.029144268077601405
}