{
  "bolusiob": 0, 
  "iob": -0.2927912054348577, 
  "activity": 0.0005592238624338617
}