{
  "bolusiob": 0, 
  "iob": 0.28720448733040493, 
  "activity": 0.0032456785714285695
}