{
  "bolusiob": 0.9714462288933333, 
  "iob": 2.4831340142443987, 
  "activity": 0.028739018059964722
}