{
  "bolusiob": 0, 
  "iob": 0.7110062208653026, 
  "activity": 0.005516217283950615
}