{
  "bolusiob": 0, 
  "iob": -0.307626161890316, 
  "activity": -0.004823518430335096
}