{
  "bolusiob": 0, 
  "iob": -0.3211572566315277, 
  "activity": -0.0022012433862433857
}