{
  "bolusiob": 2.731571389262222, 
  "iob": 3.277573546473597, 
  "activity": 0.015668941604938275
}