{
  "bolusiob": 0, 
  "iob": 0.867865758330417, 
  "activity": 0.009204982363315694
}