{
  "bolusiob": 0, 
  "iob": 0.6595013024243056, 
  "activity": 0.007699065255731922
}