{
  "bolusiob": 0, 
  "iob": 0.11440133895259802, 
  "activity": 0.0028205906525573185
}