{
  "bolusiob": 2.0540140669155558, 
  "iob": 3.4292966933505227, 
  "activity": 0.022007943033509694
}