{
  "bolusiob": 0.25465715733333355, 
  "iob": 1.9496549809724495, 
  "activity": 0.03335448809523809
}