{
  "bolusiob": 0, 
  "iob": -0.5584904687657902, 
  "activity": -0.004903575749559083
}