{
  "bolusiob": 0, 
  "iob": 0.1361352969187452, 
  "activity": 0.006037557142857141
}