{
  "bolusiob": 0, 
  "iob": -0.04288925622879135, 
  "activity": -0.002571772222222222
}