{
  "bolusiob": 0, 
  "iob": 0.8445955801495273, 
  "activity": 0.008297707442680774
}