{
  "bolusiob": 0, 
  "iob": 0.6261205894312005, 
  "activity": 0.003914355908289241
}