{
  "bolusiob": 0, 
  "iob": -0.19033354957388893, 
  "activity": -0.0023847619047619043
}