{
  "bolusiob": 0, 
  "iob": -0.10529794773222222, 
  "activity": -0.001120035273368607
}