{
  "bolusiob": 0, 
  "iob": 0.7377039852324309, 
  "activity": 0.011418298165784829
}