{
  "bolusiob": 0, 
  "iob": 0.039908723928333334, 
  "activity": 0.0016037918871252194
}