{
  "bolusiob": 0, 
  "iob": 1.1218537199098262, 
  "activity": 0.013122455908289239
}