{
  "bolusiob": 0.11435382711999997, 
  "iob": 1.0785151854633335, 
  "activity": 0.021235970017636677
}