{
  "bolusiob": 0, 
  "iob": 0.5814264253104674, 
  "activity": 0.0019369402116402102
}