{
  "bolusiob": 0, 
  "iob": 0.5710883814023339, 
  "activity": 0.003502327689594356
}