{
  "bolusiob": 0, 
  "iob": 0.2767674541290833, 
  "activity": 0.0023587742504409164
}