{
  "bolusiob": 0.5079350177111112, 
  "iob": 1.049426106070986, 
  "activity": 0.020812619047619035
}