{
  "bolusiob": 2.08316131968, 
  "iob": 2.5325515187303957, 
  "activity": -0.0019453080246913568
}