{
  "bolusiob": 0, 
  "iob": 0.0828104959892029, 
  "activity": -0.004537257407407407
}