{
  "bolusiob": 0, 
  "iob": -0.21532806845302704, 
  "activity": -0.0035516753968253966
}