{
  "bolusiob": 0.016090494666666632, 
  "iob": 0.6598310360170276, 
  "activity": 0.01136862433862434
}