{
  "bolusiob": 0, 
  "iob": -0.05100577566123081, 
  "activity": -0.0006107846560846563
}