{
  "bolusiob": 0, 
  "iob": 0.6451927476723323, 
  "activity": 0.014817474162257491
}