{
  "bolusiob": 0, 
  "iob": 0.013806228660888972, 
  "activity": 0.0061865961199294465
}