{
  "bolusiob": 0, 
  "iob": 0.5735790079186806, 
  "activity": 0.006888924162257494
}