{
  "bolusiob": 0, 
  "iob": 0.2956397889402159, 
  "activity": 0.0033376362433862427
}