{
  "bolusiob": 0, 
  "iob": 0.18586016489333335, 
  "activity": 0.0063686067019400345
}