{
  "bolusiob": 0, 
  "iob": 0.05902083705944434, 
  "activity": 0.0013604232804232755
}