{
  "bolusiob": 0, 
  "iob": -0.15068116390500003, 
  "activity": 3.8042328042328096e-05
}