{
  "bolusiob": 0, 
  "iob": -0.10241906619136704, 
  "activity": -0.0012670724867724868
}