{
  "bolusiob": 0, 
  "iob": 0.32835537802743064, 
  "activity": 0.008280079365079364
}