{
  "bolusiob": 0, 
  "iob": -0.24119604128758476, 
  "activity": -0.00203693139329806
}