{
  "bolusiob": 1.0465242281777778, 
  "iob": 2.012637039897153, 
  "activity": 0.014653580246913581
}