{
  "bolusiob": 0.08957176043999998, 
  "iob": 0.739242760862879, 
  "activity": 0.01726575202821869
}