{
  "bolusiob": 0, 
  "iob": 0.13006036273055555, 
  "activity": 0.0039433333333333325
}