{
  "bolusiob": 0.9035643022222223, 
  "iob": 1.2711870798412965, 
  "activity": 0.0032256002292768947
}