{
  "bolusiob": 0, 
  "iob": -0.03844673753836912, 
  "activity": -0.0002529164902998238
}