{
  "bolusiob": 0, 
  "iob": -0.3391206439238793, 
  "activity": -0.0048188447089947085
}