{
  "bolusiob": 0, 
  "iob": -0.33962022112444445, 
  "activity": -0.0008748148148148146
}