{
  "bolusiob": 0, 
  "iob": -0.09324147076611107, 
  "activity": 0.0013727336860670197
}