{
  "bolusiob": 0, 
  "iob": 0.23412514426486114, 
  "activity": 0.001986834215167548
}