{
  "bolusiob": 0, 
  "iob": 0.9485463665437778, 
  "activity": 0.014568686067019401
}