{
  "bolusiob": 0, 
  "iob": -0.058490340727222236, 
  "activity": 0.0011314726631393294
}