{
  "bolusiob": 0, 
  "iob": -0.2889784588559534, 
  "activity": -0.001996646472663139
}