{
  "bolusiob": 0.15019558333333327, 
  "iob": 0.7354567413229167, 
  "activity": 0.007808192239858895
}