{
  "bolusiob": 0, 
  "iob": 0.41902934628318234, 
  "activity": 0.0031300531393298053
}