{
  "bolusiob": 0, 
  "iob": -0.47846896092884067, 
  "activity": -0.0004610053791887126
}