{
  "bolusiob": 0, 
  "iob": 0.23353984205880804, 
  "activity": 0.008693086155202822
}