{
  "bolusiob": 0, 
  "iob": 0.5502503995747148, 
  "activity": 0.009192610229276895
}