{
  "bolusiob": 0, 
  "iob": -0.004926505317569434, 
  "activity": -0.0024024426807760135
}