{
  "bolusiob": 0, 
  "iob": -0.26268543817895834, 
  "activity": -0.002836851851851851
}