{
  "bolusiob": 0, 
  "iob": 0.14220780050843917, 
  "activity": 0.004156759682539682
}