{
  "bolusiob": 0.68688250624, 
  "iob": 0.69583907456, 
  "activity": 0.000705185185185185
}