{
  "bolusiob": 0, 
  "iob": 0.009087837660000004, 
  "activity": 0.0005820105820105815
}