{
  "bolusiob": 0, 
  "iob": 0.09398839069011404, 
  "activity": -0.004294929365079364
}