{
  "bolusiob": 0, 
  "iob": 0.4996513566982015, 
  "activity": 0.008221878306878306
}