{
  "bolusiob": 0, 
  "iob": 0.1581952176311111, 
  "activity": 0.003420405643738977
}