{
  "bolusiob": 0, 
  "iob": 0.9696665921433738, 
  "activity": 0.01615626957671957
}