{
  "bolusiob": 3.2839304268400005, 
  "iob": 4.362481604848889, 
  "activity": 0.023874320987654317
}