{
  "bolusiob": 0, 
  "iob": -0.15989015648023264, 
  "activity": 0.005408588624338625
}