{
  "bolusiob": 0, 
  "iob": 0.1613712612511111, 
  "activity": -0.0055284656084656075
}