{
  "bolusiob": 0.012027303999999983, 
  "iob": 0.5377862367133334, 
  "activity": 0.008940864197530865
}