{
  "bolusiob": 0, 
  "iob": -0.010399752151221218, 
  "activity": -0.0019946117283950607
}