{
  "bolusiob": 0, 
  "iob": 0.9074552226961771, 
  "activity": 0.023774188624338617
}