{
  "bolusiob": 0, 
  "iob": 0.809866279945608, 
  "activity": 0.009360740476190475
}