{
  "bolusiob": 0, 
  "iob": -0.24379351109894362, 
  "activity": -0.001783524338624338
}