{
  "bolusiob": 0, 
  "iob": 0.6796009344966666, 
  "activity": 0.00530058201058201
}