{
  "bolusiob": 0, 
  "iob": -0.08820517870271824, 
  "activity": 0.0010250832275132224
}