{
  "bolusiob": 0, 
  "iob": 0.2539117863714092, 
  "activity": -0.0009662961199294524
}