{
  "bolusiob": 0, 
  "iob": -0.18629185171156246, 
  "activity": -0.0015610229276895955
}