{
  "bolusiob": 0.12558449088, 
  "iob": 2.0678477695755433, 
  "activity": 0.05115447968253968
}