{
  "bolusiob": 0, 
  "iob": 0.11660126977199498, 
  "activity": 0.013249620440917107
}