{
  "bolusiob": 0, 
  "iob": 0.37068986629010414, 
  "activity": -0.004112134038800705
}