{
  "bolusiob": 0.1535655814399997, 
  "iob": 2.014375786641112, 
  "activity": 0.04333721340388007
}