{
  "bolusiob": 0, 
  "iob": 1.039102133853342, 
  "activity": 0.010000026366843034
}