{
  "bolusiob": 0, 
  "iob": 0.631834568956346, 
  "activity": 0.009423248589065252
}