{
  "bolusiob": 0, 
  "iob": -0.5064839231065139, 
  "activity": -0.006821992945326278
}