{
  "bolusiob": 0, 
  "iob": 0.12234709339985249, 
  "activity": 0.0030340318342151674
}