{
  "bolusiob": 0, 
  "iob": 0.47212927229444446, 
  "activity": 0.006311640211640213
}