{
  "bolusiob": 0, 
  "iob": 0.6104015921045999, 
  "activity": 0.0021879630864197527
}