{
  "bolusiob": 0.8969876462933335, 
  "iob": 1.202744966054042, 
  "activity": 0.01082029973544973
}