{
  "bolusiob": 0, 
  "iob": 0.693891832696528, 
  "activity": 0.004820388007054673
}