{
  "bolusiob": 0, 
  "iob": -0.5486743132253106, 
  "activity": 0.0018235088536155217
}