{
  "bolusiob": 0, 
  "iob": 0.03125825372111092, 
  "activity": -0.0024600176366843156
}