{
  "bolusiob": 0, 
  "iob": 0.48207070679666675, 
  "activity": 0.00579979717813051
}