{
  "bolusiob": 0, 
  "iob": 0.817309652024889, 
  "activity": 0.013387760141093472
}