{
  "bolusiob": 0, 
  "iob": -0.4328948634997778, 
  "activity": -0.005566649029982362
}