{
  "bolusiob": 0, 
  "iob": 0.34115355625880817, 
  "activity": 0.006918985679012346
}