{
  "bolusiob": 0, 
  "iob": 1.06244833769375, 
  "activity": 0.011032425044091708
}