{
  "bolusiob": 0, 
  "iob": 0.011473794463847109, 
  "activity": 0.0032247975132275123
}