{
  "bolusiob": 0, 
  "iob": -0.2427886372655434, 
  "activity": -6.094391534391537e-05
}