{
  "bolusiob": 0, 
  "iob": 0.8378855155487112, 
  "activity": 0.008083492063492063
}