{
  "bolusiob": 0, 
  "iob": 0.27656324828460904, 
  "activity": 0.0008973282539682545
}