{
  "bolusiob": 0, 
  "iob": -0.5116651047055759, 
  "activity": 0.00037562033509700257
}