{
  "bolusiob": 0, 
  "iob": -0.3082986950685674, 
  "activity": 0.001416525202821869
}