{
  "bolusiob": 1.6664825008888888, 
  "iob": 2.2067927673765415, 
  "activity": 0.014235793298059964
}