{
  "bolusiob": 0, 
  "iob": 0.22180337721892482, 
  "activity": 0.0055486767195767174
}