{
  "bolusiob": 0, 
  "iob": 0.08378548778590275, 
  "activity": -0.00265037037037037
}