{
  "bolusiob": 0, 
  "iob": -0.2186604575131945, 
  "activity": -0.0033392504409171073
}