{
  "bolusiob": 0.75218320632, 
  "iob": 1.561057943989276, 
  "activity": 0.010596728765432092
}