{
  "bolusiob": 0, 
  "iob": 0.6126928753848133, 
  "activity": 0.008003439276895941
}