{
  "bolusiob": 0, 
  "iob": -0.24336291336430557, 
  "activity": -0.0012669047619047618
}