{
  "bolusiob": 0, 
  "iob": 0.5308663392745485, 
  "activity": 0.006720335097001761
}