{
  "bolusiob": 0, 
  "iob": -0.1082460209896145, 
  "activity": 0.009722896825396819
}