{
  "bolusiob": 0, 
  "iob": 0.24992541219999995, 
  "activity": 0.004837142857142857
}