{
  "bolusiob": 0.06687279778666659, 
  "iob": 0.5879969419122908, 
  "activity": 0.01583934770723103
}