{
  "bolusiob": 0, 
  "iob": -0.537935922988853, 
  "activity": -0.010861243527336863
}