{
  "bolusiob": 0, 
  "iob": 0.3068171367925263, 
  "activity": 0.0007601940917107579
}