{
  "bolusiob": 0, 
  "iob": -0.1822570749554543, 
  "activity": -0.0001337740740740736
}