{
  "bolusiob": 0, 
  "iob": -0.5449149516179772, 
  "activity": 0.0026643377777777746
}