{
  "bolusiob": 0, 
  "iob": -0.09959902084635526, 
  "activity": -0.0012949821869488536
}