{
  "bolusiob": 0, 
  "iob": -0.027103724260277795, 
  "activity": -0.0006385097001763677
}