{
  "bolusiob": 0, 
  "iob": 0.9255002336633334, 
  "activity": 0.008876525573192238
}