{
  "bolusiob": 0, 
  "iob": 0.2556142583986666, 
  "activity": -0.0006649559082892438
}