{
  "bolusiob": 0, 
  "iob": -0.05926732474288911, 
  "activity": -0.0007419750440917103
}