{
  "bolusiob": 0, 
  "iob": 0.2837054395872223, 
  "activity": 0.0026765167548500886
}