{
  "bolusiob": 0.9172848903466667, 
  "iob": 1.4139914250311112, 
  "activity": 0.008697283950617283
}