{
  "bolusiob": 0, 
  "iob": -0.2798586428648611, 
  "activity": -0.002027204585537919
}