{
  "bolusiob": 0, 
  "iob": 0.76780494855215, 
  "activity": 0.005439811640211639
}