{
  "bolusiob": 0, 
  "iob": 0.7820683531212244, 
  "activity": 0.011346295379188713
}