{
  "bolusiob": 0, 
  "iob": -0.01768657423413266, 
  "activity": 0.0013006705643738964
}