{
  "bolusiob": 0, 
  "iob": 0.26826437096443545, 
  "activity": 0.006914894162257495
}