{
  "bolusiob": 0, 
  "iob": -0.09524914773222226, 
  "activity": -0.0012967019400352733
}