{
  "bolusiob": 0, 
  "iob": -0.05820500526065485, 
  "activity": -0.0022816228218694883
}