{
  "bolusiob": 0, 
  "iob": -0.20271653853138305, 
  "activity": -0.005787951693121692
}