{
  "bolusiob": 0, 
  "iob": 0.8546309123591667, 
  "activity": 0.010994126984126981
}