{
  "bolusiob": 0.30338900743999997, 
  "iob": 0.9411753203926515, 
  "activity": 0.009400886596119927
}