{
  "bolusiob": 0, 
  "iob": 0.9316094992157934, 
  "activity": 0.005887549329805996
}