{
  "bolusiob": 0.39166462400000013, 
  "iob": 1.1243829520269446, 
  "activity": 0.012193668430335095
}