{
  "bolusiob": 0, 
  "iob": 0.10734386337222224, 
  "activity": 0.001111569664902998
}