{
  "bolusiob": 2.4497130555555557, 
  "iob": 2.941892750512222, 
  "activity": 0.006937954144620807
}