{
  "bolusiob": 0, 
  "iob": 0.014788136241129957, 
  "activity": 0.0015107977954144619
}