{
  "bolusiob": 0.08231727850666669, 
  "iob": 0.32722788139000003, 
  "activity": 0.00040666666666666667
}