{
  "bolusiob": 0.008859476266666722, 
  "iob": 0.5632318303536111, 
  "activity": 0.00997516754850088
}