{
  "bolusiob": 0, 
  "iob": 0.13688302330373256, 
  "activity": -0.0026694871957671966
}