{
  "bolusiob": 0, 
  "iob": 0.08555968816397226, 
  "activity": -0.0024644268077601414
}