{
  "bolusiob": 0, 
  "iob": 0.6237625918028511, 
  "activity": 0.005188368677248675
}