{
  "bolusiob": 0, 
  "iob": 0.3582414908366667, 
  "activity": 0.007007583774250439
}