{
  "bolusiob": 0, 
  "iob": 0.04745211079597222, 
  "activity": 0.0035977072310405633
}