{
  "bolusiob": 0, 
  "iob": 0.027075715977500074, 
  "activity": 0.008187178130511464
}