{
  "bolusiob": 0, 
  "iob": 0.6032221397488888, 
  "activity": 0.005764144620811287
}