{
  "bolusiob": 0, 
  "iob": -0.13837979777313453, 
  "activity": 0.002137548624338624
}