{
  "bolusiob": 0, 
  "iob": -0.48943589310064095, 
  "activity": -0.003017363227513227
}