{
  "bolusiob": 0.4182879000711111, 
  "iob": 1.2325743753306901, 
  "activity": 0.011235644003527332
}