{
  "bolusiob": 1.1612948468622224, 
  "iob": 1.973506546361203, 
  "activity": 0.029256525661375654
}