{
  "bolusiob": 0, 
  "iob": 0.37054532659711176, 
  "activity": 0.005520600017636683
}