{
  "bolusiob": 0, 
  "iob": -0.19224980327368024, 
  "activity": -0.0007996646384479712
}