{
  "bolusiob": 0, 
  "iob": -0.05591894151562213, 
  "activity": 0.003253904638447972
}