{
  "bolusiob": 0, 
  "iob": 0.09581581275265186, 
  "activity": 0.005469896437389771
}