{
  "bolusiob": 0, 
  "iob": -0.3534067668052229, 
  "activity": -0.010490243809523809
}