{
  "bolusiob": 0, 
  "iob": 0.6739767825904166, 
  "activity": 0.003972804232804233
}