{
  "bolusiob": 0, 
  "iob": 0.6352012523810393, 
  "activity": 0.003829744532627866
}