{
  "bolusiob": 0, 
  "iob": -0.2631824447389514, 
  "activity": -0.002510255555555554
}