{
  "bolusiob": 0.19769696320000008, 
  "iob": 0.7407882596736114, 
  "activity": 0.009754744268077594
}