{
  "bolusiob": 0.43308463800000024, 
  "iob": 2.9111639172924817, 
  "activity": 0.05199228024691357
}