{
  "bolusiob": 0.025589892999999853, 
  "iob": 1.1729592703100002, 
  "activity": 0.023898941798941795
}