{
  "bolusiob": 0, 
  "iob": -0.05701704520041667, 
  "activity": -0.0023677248677248675
}