{
  "bolusiob": 0, 
  "iob": 0.21363893204833334, 
  "activity": 0.004884109347442679
}