{
  "bolusiob": 0, 
  "iob": -0.2729091985680526, 
  "activity": -0.00273658721340388
}