{
  "bolusiob": 0, 
  "iob": -0.35025389764734727, 
  "activity": -0.003776393298059964
}