{
  "bolusiob": 0, 
  "iob": 0.08506134674806021, 
  "activity": 0.014167689470899466
}