{
  "bolusiob": 0, 
  "iob": 0.2995722163782152, 
  "activity": -0.002639700176366842
}