{
  "bolusiob": 0.3515388314666664, 
  "iob": 1.959842334287, 
  "activity": 0.03947274250440918
}