{
  "bolusiob": 2.476431945066667, 
  "iob": 2.91535233018, 
  "activity": 0.013581146384479716
}