{
  "bolusiob": 0, 
  "iob": 1.4296276842559728, 
  "activity": 0.029429770546737205
}