{
  "bolusiob": 0.6702300814222223, 
  "iob": 1.0795256923911465, 
  "activity": 0.01704308641975309
}