{
  "bolusiob": 0, 
  "iob": -0.2001544632506945, 
  "activity": -0.001723368606701941
}