{
  "bolusiob": 0, 
  "iob": 0.0230411514298918, 
  "activity": 0.008263870864197526
}