{
  "bolusiob": 0, 
  "iob": 0.030775798800611133, 
  "activity": 0.0013293650793650795
}