{
  "bolusiob": 0, 
  "iob": -0.6573317839092222, 
  "activity": -0.0014865255731922398
}