{
  "bolusiob": 0, 
  "iob": -0.015996943253639893, 
  "activity": 0.0009116048148148149
}