{
  "bolusiob": 0, 
  "iob": 0.03067551917197303, 
  "activity": 0.0012047973015873023
}