{
  "bolusiob": 0, 
  "iob": 0.5375781858388893, 
  "activity": 0.03169398589065256
}