{
  "bolusiob": 1.1299038904355554, 
  "iob": 2.207546134492097, 
  "activity": 0.020971754850088172
}