{
  "bolusiob": 0, 
  "iob": 0.4698195907554294, 
  "activity": 0.002738554109347443
}