{
  "bolusiob": 0, 
  "iob": 0.1774954447722222, 
  "activity": -0.0004171957671957665
}