{
  "bolusiob": 0.0043879964799998115, 
  "iob": 1.669677668016722, 
  "activity": 0.031436084479717824
}