{
  "bolusiob": 1.4717716925333333, 
  "iob": 1.541005630211111, 
  "activity": 0.001586384479717813
}