{
  "bolusiob": 0.50027944424, 
  "iob": 0.8218537098340832, 
  "activity": 0.00714112828924162
}