{
  "bolusiob": 0, 
  "iob": -0.03985956183186981, 
  "activity": -2.3269312169312464e-05
}