{
  "bolusiob": 0, 
  "iob": -0.26093386256499995, 
  "activity": 0.000594462081128748
}