{
  "bolusiob": 0, 
  "iob": -0.1729827422363195, 
  "activity": -0.0028781040564373906
}