{
  "bolusiob": 0, 
  "iob": 0.5413306830111111, 
  "activity": 0.005546719576719577
}