{
  "bolusiob": 0, 
  "iob": -0.5794888812191111, 
  "activity": -0.005314241622574955
}