{
  "bolusiob": 0, 
  "iob": -0.6011823985162242, 
  "activity": -0.0035648764550264547
}