{
  "bolusiob": 3.15763572224, 
  "iob": 3.411841056892279, 
  "activity": 0.013665595414462078
}