{
  "bolusiob": 0, 
  "iob": -0.18159158885282764, 
  "activity": -8.349188712522001e-05
}