{
  "bolusiob": 0, 
  "iob": 0.37073026011604937, 
  "activity": 0.004028243421516755
}