{
  "bolusiob": 0, 
  "iob": 0.4640750448958171, 
  "activity": 0.0032606940035273357
}