{
  "bolusiob": 0, 
  "iob": 0.49004494789729924, 
  "activity": 0.014356948994708992
}