{
  "bolusiob": 0, 
  "iob": 0.7635870588278056, 
  "activity": 0.01415606878306878
}