{
  "bolusiob": 0, 
  "iob": -0.6193097441231609, 
  "activity": -0.004982187072310406
}