{
  "bolusiob": 0, 
  "iob": -0.5073370505275355, 
  "activity": -0.005367548412698412
}