{
  "bolusiob": 0, 
  "iob": 0.3360136619297221, 
  "activity": 0.01425235335097002
}