{
  "bolusiob": 0, 
  "iob": 0.05427394241691022, 
  "activity": 0.0008334917989417984
}