{
  "bolusiob": 0, 
  "iob": 0.4313537539703695, 
  "activity": 0.0033263495767195763
}