{
  "bolusiob": 0, 
  "iob": 0.5711178770738143, 
  "activity": 0.004686980793650792
}