{
  "bolusiob": 0, 
  "iob": -0.3450826998131379, 
  "activity": -0.006750167619047618
}