{
  "bolusiob": 0, 
  "iob": 0.6281881966520833, 
  "activity": 0.007956261022927688
}