{
  "bolusiob": 0, 
  "iob": 0.08593085852041002, 
  "activity": 0.005409126984126982
}