{
  "bolusiob": 0.13379028995999998, 
  "iob": 0.7873777950581251, 
  "activity": 0.012309814814814813
}