{
  "bolusiob": 0, 
  "iob": -0.06662155080979168, 
  "activity": -0.002232848324514991
}