{
  "bolusiob": 0.6063651188622221, 
  "iob": 0.5499801818913196, 
  "activity": -2.8306878306881295e-06
}