{
  "bolusiob": 0, 
  "iob": 0.3033409924747187, 
  "activity": 0.007167883544973544
}