{
  "bolusiob": 0, 
  "iob": -0.17747557182507398, 
  "activity": -0.0007453589065255727
}