{
  "bolusiob": 0, 
  "iob": 0.07297160710087498, 
  "activity": 0.0020282186948853607
}