{
  "bolusiob": 0, 
  "iob": 0.44324821395139813, 
  "activity": 0.017654999911816575
}