{
  "bolusiob": 0.17929203179999986, 
  "iob": 1.984316132605555, 
  "activity": 0.04598349206349205
}