{
  "bolusiob": 0, 
  "iob": -0.5615915414445471, 
  "activity": 0.00026953250440917004
}