{
  "bolusiob": 0, 
  "iob": -0.46817964665770384, 
  "activity": -0.0043925925044091705
}