{
  "bolusiob": 0.32828134108000045, 
  "iob": 2.1331428761753917, 
  "activity": 0.030782998324514987
}