{
  "bolusiob": 0, 
  "iob": -0.08929484078543262, 
  "activity": 0.00598262742504409
}