{
  "bolusiob": 0, 
  "iob": 0.05744601353621075, 
  "activity": 0.001232081216931217
}