{
  "bolusiob": 0, 
  "iob": 0.6958285315967512, 
  "activity": 0.0033221782010582003
}