{
  "bolusiob": 0, 
  "iob": 0.2501039957172892, 
  "activity": -0.0015740738977072294
}