{
  "bolusiob": 0, 
  "iob": -0.09701320368833334, 
  "activity": -0.001740687830687831
}