{
  "bolusiob": 0, 
  "iob": -0.0007017366503051219, 
  "activity": -0.00024312178130511447
}