{
  "bolusiob": 0, 
  "iob": -0.11695517164585814, 
  "activity": 0.0015097615520282181
}