{
  "bolusiob": 0, 
  "iob": 0.18523429953842419, 
  "activity": 0.03298624299823633
}