{
  "bolusiob": 0, 
  "iob": -0.33011288804889716, 
  "activity": -0.007505247283950616
}