{
  "bolusiob": 0, 
  "iob": -0.7748405655464445, 
  "activity": -0.0032508112874779535
}