{
  "bolusiob": 0, 
  "iob": 0.4183113855109445, 
  "activity": 0.008123156966490299
}