{
  "bolusiob": 0, 
  "iob": -0.014347659386473775, 
  "activity": 0.0022933418518518503
}