{
  "bolusiob": 0, 
  "iob": -0.5482017294062672, 
  "activity": -0.0017663934215167553
}