{
  "bolusiob": 0, 
  "iob": -0.17920480482563084, 
  "activity": -0.004491126384479719
}