{
  "bolusiob": 0, 
  "iob": 0.40522568400472225, 
  "activity": 0.008895679012345678
}