{
  "bolusiob": 0, 
  "iob": 0.1354894442902173, 
  "activity": -0.00027206340388007046
}