{
  "bolusiob": 1.297211571182222, 
  "iob": 1.514527870817639, 
  "activity": 0.008139576719576722
}