{
  "bolusiob": 0, 
  "iob": 0.29670756916768753, 
  "activity": -0.003720361552028219
}