{
  "bolusiob": 0, 
  "iob": 0.986496869791111, 
  "activity": 0.017078659611992935
}