{
  "bolusiob": 0, 
  "iob": 0.9836212046171339, 
  "activity": 0.008497727407407405
}