{
  "bolusiob": 0, 
  "iob": 0.7480505974847221, 
  "activity": 0.011537089947089945
}