{
  "bolusiob": 0, 
  "iob": -0.030490657233050812, 
  "activity": -0.0016260580246913578
}