{
  "bolusiob": 0.9913441958577779, 
  "iob": 3.233288020247843, 
  "activity": 0.046934761992945315
}