{
  "bolusiob": 0, 
  "iob": 0.5947799448788891, 
  "activity": 0.006287954144620808
}