{
  "bolusiob": 0, 
  "iob": 0.8737445364159444, 
  "activity": 0.009023005291005292
}