{
  "bolusiob": 0, 
  "iob": 0.32190714043722063, 
  "activity": 0.0016077605114638452
}