{
  "bolusiob": 0, 
  "iob": 0.3398881284688542, 
  "activity": -0.0011018342151675488
}