{
  "bolusiob": 0, 
  "iob": 0.1514967048014178, 
  "activity": 0.0008166666666666661
}