{
  "bolusiob": 0, 
  "iob": 0.21113602735912818, 
  "activity": -0.0036896559964726635
}