{
  "bolusiob": 0, 
  "iob": 0.02103665099333333, 
  "activity": 0.0010141093474426805
}