{
  "bolusiob": 0, 
  "iob": -0.29666003476100683, 
  "activity": -5.707231040564365e-05
}