{
  "bolusiob": 0, 
  "iob": 0.38438642454897226, 
  "activity": 0.003161155202821869
}