{
  "bolusiob": 0, 
  "iob": -0.3469683305050001, 
  "activity": -0.0016526719576719585
}