{
  "bolusiob": 0.7016951371733334, 
  "iob": 1.0787588281859721, 
  "activity": 0.006295864197530863
}