{
  "bolusiob": 0, 
  "iob": 0.7517459265614208, 
  "activity": 0.0006621577601410939
}