{
  "bolusiob": 0, 
  "iob": -0.08665780023972222, 
  "activity": 0.0006334832451499116
}