{
  "bolusiob": 0, 
  "iob": 0.1164408324343609, 
  "activity": 0.0030693386243386255
}