{
  "bolusiob": 0, 
  "iob": 0.41493753942333345, 
  "activity": 0.007475661375661374
}