{
  "bolusiob": 0, 
  "iob": 0.3732577824901327, 
  "activity": 0.00455059074074074
}