{
  "bolusiob": 0, 
  "iob": -0.20552876415944446, 
  "activity": 0.0003532275132275135
}