{
  "bolusiob": 0, 
  "iob": 0.5299487263373611, 
  "activity": 0.002507786596119929
}