{
  "bolusiob": 0, 
  "iob": 0.7055664191886327, 
  "activity": 0.008784023227513224
}