{
  "bolusiob": 0.3674987712933334, 
  "iob": 1.9120332950375163, 
  "activity": 0.025265617601410925
}