{
  "bolusiob": 0, 
  "iob": 0.5944733898479339, 
  "activity": 0.0050561286596119935
}