{
  "bolusiob": 0, 
  "iob": 0.6146571656851665, 
  "activity": 0.005940611657848324
}