{
  "bolusiob": 1.7761700937600002, 
  "iob": 2.5927717761088895, 
  "activity": 0.012922557319223983
}