{
  "bolusiob": 0, 
  "iob": 0.8124460847283057, 
  "activity": 0.00790231922398589
}