{
  "bolusiob": 1.7743227814400004, 
  "iob": 2.8764063787716667, 
  "activity": 0.020195573192239854
}