{
  "bolusiob": 0, 
  "iob": -0.1975213256372222, 
  "activity": -0.0004470723104056438
}