{
  "bolusiob": 0, 
  "iob": -0.098848871645, 
  "activity": -0.000968015873015873
}