{
  "bolusiob": 0.7876220551111112, 
  "iob": 0.7518431814894447, 
  "activity": 0.0005568430335097
}