{
  "bolusiob": 0.364588357, 
  "iob": 2.3646010619288327, 
  "activity": 0.026590311005291
}