{
  "bolusiob": 0, 
  "iob": -0.10030575383166666, 
  "activity": 0.00029234567901234576
}