{
  "bolusiob": 0, 
  "iob": 0.2228297721566754, 
  "activity": 0.0062570810405643724
}