{
  "bolusiob": 0, 
  "iob": 0.12369414848018245, 
  "activity": 0.007024788183421515
}