{
  "bolusiob": 0, 
  "iob": 0.024545185693794318, 
  "activity": 0.001803260282186948
}