{
  "bolusiob": 0, 
  "iob": 0.03868376326833333, 
  "activity": 0.002141358024691357
}