{
  "bolusiob": 0, 
  "iob": -0.03488174783309357, 
  "activity": -0.0019191884479717806
}