{
  "bolusiob": 0, 
  "iob": -0.3014146600397682, 
  "activity": -0.004719885273368606
}