{
  "bolusiob": 0, 
  "iob": 0.624022669606199, 
  "activity": 0.009178069029982364
}