{
  "bolusiob": 0, 
  "iob": 0.0651678493866667, 
  "activity": 0.004730793650793651
}