{
  "bolusiob": 0, 
  "iob": 0.011811667231364426, 
  "activity": -0.0027485185185185165
}