{
  "bolusiob": 0, 
  "iob": -0.013617122645451396, 
  "activity": -6.86507936507887e-06
}