{
  "bolusiob": 0, 
  "iob": -0.1368534942113889, 
  "activity": -0.0006404761904761902
}