{
  "bolusiob": 0.2963096700488889, 
  "iob": 1.1683693681550538, 
  "activity": 0.016599365432098764
}