{
  "bolusiob": 0, 
  "iob": 0.14655199115578096, 
  "activity": 0.0028328923104056426
}