{
  "bolusiob": 1.0868486885200002, 
  "iob": 2.689545357103326, 
  "activity": 0.016453751005291006
}