{
  "bolusiob": 0, 
  "iob": 0.483969914127919, 
  "activity": 0.0060343391534391526
}