{
  "bolusiob": 0, 
  "iob": 0.5004048555675653, 
  "activity": 0.0012403966490299823
}