{
  "bolusiob": 2.179005793848889, 
  "iob": 1.9152822369038538, 
  "activity": 0.0020987742504409157
}