{
  "bolusiob": 0, 
  "iob": 0.16290329040468976, 
  "activity": 0.00763134908289241
}