{
  "bolusiob": 0, 
  "iob": 0.032924339475972474, 
  "activity": 0.014804038800705466
}