{
  "bolusiob": 0, 
  "iob": -0.01886312936541667, 
  "activity": -0.00032199294532627863
}