{
  "bolusiob": 0, 
  "iob": -0.27464922262387487, 
  "activity": -0.004602971693121692
}