{
  "bolusiob": 0, 
  "iob": -0.542056461633154, 
  "activity": -0.006323659982363315
}