{
  "bolusiob": 0, 
  "iob": -0.21907844543353294, 
  "activity": 0.011168862433862432
}