{
  "bolusiob": 0, 
  "iob": -0.05711661513112777, 
  "activity": -0.0009575573192239854
}