{
  "bolusiob": 0.6969854333866666, 
  "iob": 1.5891987539886276, 
  "activity": 0.011148915820105819
}