{
  "bolusiob": 2.2409409363733332, 
  "iob": 2.928418628678235, 
  "activity": 0.01312066802469136
}