{
  "bolusiob": 0, 
  "iob": 0.6197828453608215, 
  "activity": 0.017878003015873008
}