{
  "bolusiob": 0, 
  "iob": 0.25520334132527783, 
  "activity": 0.0013464814814814815
}