{
  "bolusiob": 0, 
  "iob": 1.0196448017735136, 
  "activity": 0.00889734617283951
}