{
  "bolusiob": 0, 
  "iob": 0.5603025220513196, 
  "activity": 0.004071948853615521
}