{
  "bolusiob": 0, 
  "iob": -0.6419560896252697, 
  "activity": -0.003729897089947089
}