{
  "bolusiob": 3.1458324561777773, 
  "iob": 4.299924532227222, 
  "activity": 0.032301216931216924
}