{
  "bolusiob": 0, 
  "iob": -0.08554282792000001, 
  "activity": 0.0008719047619047621
}