{
  "bolusiob": 0, 
  "iob": 0.07940578861297089, 
  "activity": -0.0022186920105820096
}