{
  "bolusiob": 0, 
  "iob": 0.055915690758333275, 
  "activity": -0.0023901763668430324
}