{
  "bolusiob": 0, 
  "iob": 0.7951974371591669, 
  "activity": 0.011227636684303351
}