{
  "bolusiob": 0.12612428736, 
  "iob": 1.612768362998442, 
  "activity": 0.0242772755026455
}