{
  "bolusiob": 0, 
  "iob": 1.143798918772492, 
  "activity": 0.026033218906525567
}