{
  "bolusiob": 0, 
  "iob": 1.0224981435972342, 
  "activity": 0.022461719841269837
}