{
  "bolusiob": 3.1328629510933332, 
  "iob": 3.1794796941165857, 
  "activity": 0.0014730686596119919
}