{
  "bolusiob": 0, 
  "iob": 1.064599438279861, 
  "activity": 0.011566146384479717
}