{
  "bolusiob": 0, 
  "iob": -0.06677030735444447, 
  "activity": 9.325396825396801e-05
}