{
  "bolusiob": 0, 
  "iob": 0.07400844409747606, 
  "activity": -0.0009080245679012348
}