{
  "bolusiob": 0, 
  "iob": 0.31164851572833335, 
  "activity": 0.004560440917107583
}