{
  "bolusiob": 0, 
  "iob": 0.5414621041835865, 
  "activity": 0.008070000123456789
}