{
  "bolusiob": 0, 
  "iob": 0.7463812533397627, 
  "activity": 0.010027425608465607
}