{
  "bolusiob": 0, 
  "iob": 0.8744751423174489, 
  "activity": 0.0046373553262786605
}