{
  "bolusiob": 0, 
  "iob": -0.07242455915273134, 
  "activity": -0.0014568780423280417
}