{
  "bolusiob": 0, 
  "iob": 0.8287035429216668, 
  "activity": 0.012345485008818338
}