{
  "bolusiob": 2.5833904839644446, 
  "iob": 2.4385578082686923, 
  "activity": 0.0025486416049382717
}