{
  "bolusiob": 0, 
  "iob": -0.6231488503813913, 
  "activity": -0.006184858641975308
}