{
  "bolusiob": 0, 
  "iob": 0.915422281616998, 
  "activity": 0.008645308765432097
}