{
  "bolusiob": 0, 
  "iob": -0.1380959895652778, 
  "activity": -0.0005782010582010581
}