{
  "bolusiob": 0.00027617233333327996, 
  "iob": 0.30059249197766746, 
  "activity": 0.013179409047619042
}