{
  "bolusiob": 0, 
  "iob": -0.008837188902827038, 
  "activity": 0.0006112082363315704
}