{
  "bolusiob": 0, 
  "iob": -0.02109032734187502, 
  "activity": 0.0001686860670194002
}