{
  "bolusiob": 1.14214411264, 
  "iob": 0.7879764663461297, 
  "activity": -0.0056754406525573176
}