{
  "bolusiob": 0, 
  "iob": 0.16639525289874993, 
  "activity": 0.008885114638447971
}