{
  "bolusiob": 0.095241, 
  "iob": -0.0434101635539814, 
  "activity": -0.0021363753968253966
}