{
  "bolusiob": 0, 
  "iob": 0.10293688775074439, 
  "activity": 0.0038390647089947085
}