{
  "bolusiob": 0.027092253759999976, 
  "iob": 0.525224488328889, 
  "activity": 0.009206913580246914
}