{
  "bolusiob": 0, 
  "iob": 0.45746976607833345, 
  "activity": 0.017195088183421515
}