{
  "bolusiob": 1.196696237417778, 
  "iob": 1.711020998810798, 
  "activity": 0.01024609296296296
}