{
  "bolusiob": 0, 
  "iob": -0.851992544575784, 
  "activity": -0.0014153708641975284
}