{
  "bolusiob": 2.063274889386667, 
  "iob": 2.5831051819248003, 
  "activity": -0.0008177712874779558
}