{
  "bolusiob": 0, 
  "iob": -0.31956576944970544, 
  "activity": 0.002426868342151674
}