{
  "bolusiob": 0, 
  "iob": 0.5409773523813889, 
  "activity": 0.007485943562610228
}