{
  "bolusiob": 0, 
  "iob": -0.4466964713374566, 
  "activity": -0.0029247353615520274
}