{
  "bolusiob": 0.7067619318000001, 
  "iob": 1.4943164106229965, 
  "activity": 0.01348474405643739
}