{
  "bolusiob": 0, 
  "iob": -0.05088113044666667, 
  "activity": -0.0001961552028218693
}