{
  "bolusiob": 0, 
  "iob": -0.014595401137222228, 
  "activity": 0.0011429805996472668
}