{
  "bolusiob": 0, 
  "iob": -0.20955490750043937, 
  "activity": -0.0028981392416225745
}