{
  "bolusiob": 0, 
  "iob": -0.3553132476005555, 
  "activity": -0.0011324955908289247
}