{
  "bolusiob": 0, 
  "iob": 0.15351714412160516, 
  "activity": -0.004047010493827158
}