{
  "bolusiob": 0, 
  "iob": 0.575642902250389, 
  "activity": 0.007237213403880069
}