{
  "bolusiob": 0, 
  "iob": 0.3727022956790902, 
  "activity": 0.01516549902998236
}