{
  "bolusiob": 0.19747179776, 
  "iob": -0.7090057433881551, 
  "activity": -0.010058977442680776
}