{
  "bolusiob": 0, 
  "iob": -0.2986056060925, 
  "activity": -0.0034370811287477952
}