{
  "bolusiob": 0, 
  "iob": 0.24909615093132464, 
  "activity": 0.0027743031040564376
}