{
  "bolusiob": 0, 
  "iob": 0.32120185100230697, 
  "activity": 0.009121771781305113
}