{
  "bolusiob": 0, 
  "iob": 0.7083455872544504, 
  "activity": 0.005202328218694884
}