{
  "bolusiob": 0, 
  "iob": 0.3831379811862238, 
  "activity": 0.004515246825396825
}