{
  "bolusiob": 0, 
  "iob": -0.15179743897111114, 
  "activity": -0.0006043386243386239
}