{
  "bolusiob": 0, 
  "iob": -0.1676763411189099, 
  "activity": 0.0035731393121693107
}