{
  "bolusiob": 0.012123347093333337, 
  "iob": 0.39950690125185206, 
  "activity": 0.0059715786596119935
}