{
  "bolusiob": 0, 
  "iob": 0.37024556882560744, 
  "activity": 0.0071726809171075824
}