{
  "bolusiob": 0, 
  "iob": 0.13275541517555556, 
  "activity": 0.0012988183421516744
}