{
  "bolusiob": 0.365930608, 
  "iob": 0.09236810420787595, 
  "activity": 0.0017634035097001744
}