{
  "bolusiob": 0, 
  "iob": 0.0030700747765277786, 
  "activity": 0.001630202821869488
}