{
  "bolusiob": 0, 
  "iob": 0.7892868704749961, 
  "activity": 0.006703251128747795
}