{
  "bolusiob": 0, 
  "iob": 0.7182761412021839, 
  "activity": 0.02300454211640211
}