{
  "bolusiob": 0, 
  "iob": 0.4208961981530558, 
  "activity": 0.03762375661375659
}