{
  "bolusiob": 0, 
  "iob": 0.6436539422278199, 
  "activity": 0.012119673968253968
}