{
  "bolusiob": 1.0476601670577779, 
  "iob": 1.3155255262342387, 
  "activity": 0.003594259135802469
}