{
  "bolusiob": 0, 
  "iob": 0.47556214638679667, 
  "activity": 0.028357107671957666
}