{
  "bolusiob": 0, 
  "iob": -0.009609009866111205, 
  "activity": 0.013091199294532627
}