{
  "bolusiob": 0.49902296844444444, 
  "iob": 1.817627329946667, 
  "activity": 0.023698483245149907
}