{
  "bolusiob": 0, 
  "iob": -0.462378265930996, 
  "activity": -0.0065774955026455025
}