{
  "bolusiob": 0, 
  "iob": 0.2504372616365861, 
  "activity": -0.0037329889594356273
}