{
  "bolusiob": 0, 
  "iob": -0.39826130911638813, 
  "activity": -0.003273201234567901
}