{
  "bolusiob": 0, 
  "iob": -0.17229959826006827, 
  "activity": -0.0018246740740740742
}