{
  "bolusiob": 0, 
  "iob": -0.35007735546048135, 
  "activity": -0.004886401940035273
}