{
  "bolusiob": 1.1059013630666668, 
  "iob": 1.5369704370361235, 
  "activity": 0.011051179223985892
}