{
  "bolusiob": 0, 
  "iob": -0.18025699493458336, 
  "activity": -0.001057522045855379
}