{
  "bolusiob": 0, 
  "iob": 0.13149618963551657, 
  "activity": 0.002626190599647266
}