{
  "bolusiob": 0, 
  "iob": -0.08239653379777778, 
  "activity": 0.0001433686067019401
}