{
  "bolusiob": 0, 
  "iob": 0.5579387798540113, 
  "activity": 0.009741689276895936
}