{
  "bolusiob": 0, 
  "iob": 0.21739258906517134, 
  "activity": 0.014827336366843032
}