{
  "bolusiob": 0, 
  "iob": -0.3095525541917624, 
  "activity": -0.00411550250440917
}