{
  "bolusiob": 0, 
  "iob": 0.520403048996146, 
  "activity": 0.0038039241622574954
}