{
  "bolusiob": 0, 
  "iob": 0.15524476137666665, 
  "activity": 0.005178201058201057
}