{
  "bolusiob": 0, 
  "iob": 0.6412848426636539, 
  "activity": 0.0035316930335096996
}