{
  "bolusiob": 0, 
  "iob": 0.10409920105722956, 
  "activity": 0.011470528818342148
}