{
  "bolusiob": 0, 
  "iob": -0.01926814709907044, 
  "activity": 0.0009897005467372124
}