{
  "bolusiob": 0, 
  "iob": -0.10520992307046748, 
  "activity": -0.0008722837742504404
}