{
  "bolusiob": 0, 
  "iob": 0.27278540790558364, 
  "activity": 0.002970855555555556
}