{
  "bolusiob": 0, 
  "iob": -0.16306460110241391, 
  "activity": -0.0044852737037037035
}