{
  "bolusiob": 0, 
  "iob": 0.5176577037227779, 
  "activity": 0.009548888888888885
}