{
  "bolusiob": 0, 
  "iob": 0.44927749446667264, 
  "activity": 0.006491534603174603
}