{
  "bolusiob": 0, 
  "iob": 0.9103329820977489, 
  "activity": 0.009840356384479715
}