{
  "bolusiob": 0, 
  "iob": -0.0772959275077778, 
  "activity": -0.0010657495590828926
}