{
  "bolusiob": 0, 
  "iob": 0.7137683258950083, 
  "activity": 0.005151508289241623
}