{
  "bolusiob": 0, 
  "iob": -0.6098572500314305, 
  "activity": -0.004330520282186948
}