{
  "bolusiob": 0, 
  "iob": 0.2037497818456108, 
  "activity": 0.001329206349206347
}