{
  "bolusiob": 0.04382079093333338, 
  "iob": 0.4773451532555556, 
  "activity": 0.006252028218694882
}