{
  "bolusiob": 0, 
  "iob": -0.09403635859531749, 
  "activity": -0.0030683860670193993
}