{
  "bolusiob": 0, 
  "iob": 0.0796082023037718, 
  "activity": 0.0006564022045855377
}