{
  "bolusiob": 0, 
  "iob": 0.1712032272926996, 
  "activity": -0.003473412610229277
}