{
  "bolusiob": 0, 
  "iob": 0.672818657383879, 
  "activity": 0.0069742946384479705
}