{
  "bolusiob": 0, 
  "iob": 0.43965769455333337, 
  "activity": 0.007844462081128744
}