{
  "bolusiob": 0, 
  "iob": -0.2148171113119182, 
  "activity": -0.0027386330687830685
}