{
  "bolusiob": 0, 
  "iob": 0.14415013301299884, 
  "activity": 0.0017954763139329801
}