{
  "bolusiob": 2.14368083456, 
  "iob": 2.985022208448, 
  "activity": 0.018056190476190472
}