{
  "bolusiob": 0, 
  "iob": -0.16581309549535755, 
  "activity": 0.002398659417989417
}