{
  "bolusiob": 0.669456224, 
  "iob": 0.6617322134688892, 
  "activity": 0.004026437389770723
}