{
  "bolusiob": 0, 
  "iob": -0.47038666076536667, 
  "activity": -0.0026574516931216915
}