{
  "bolusiob": 1.7820904217600002, 
  "iob": 2.2771707738555396, 
  "activity": 0.018619276984126982
}