{
  "bolusiob": 0, 
  "iob": 0.6487610664453612, 
  "activity": 0.015394912310405639
}