{
  "bolusiob": 0.15716560040000035, 
  "iob": 1.1149016410600006, 
  "activity": 0.02995137566137567
}