{
  "bolusiob": 0, 
  "iob": 0.880642777662639, 
  "activity": 0.0092102733686067
}