{
  "bolusiob": 0, 
  "iob": 0.8549610018235556, 
  "activity": 0.006729241622574955
}