{
  "bolusiob": 0, 
  "iob": -0.47119954240875006, 
  "activity": -0.002140026455026456
}