{
  "bolusiob": 0, 
  "iob": 0.2512256142490796, 
  "activity": 0.004820105590828923
}