{
  "bolusiob": 0, 
  "iob": -0.09945881833673809, 
  "activity": -0.001382963139329806
}