{
  "bolusiob": 3.4166561241244446, 
  "iob": 4.936721621697778, 
  "activity": 0.029500740740740734
}