{
  "bolusiob": 0.0076163460266667656, 
  "iob": 0.8238894018228475, 
  "activity": 0.01915266313932981
}