{
  "bolusiob": 0, 
  "iob": 0.19639263336324914, 
  "activity": 0.003987839241622574
}