{
  "bolusiob": 0, 
  "iob": -0.019704464784305556, 
  "activity": -0.00024467372134038813
}