{
  "bolusiob": 2.1070931176933336, 
  "iob": 5.588597588316524, 
  "activity": 0.06020088220458554
}