{
  "bolusiob": 0, 
  "iob": 0.01598292292147971, 
  "activity": 0.0027517898589065255
}