{
  "bolusiob": 0, 
  "iob": 0.3104310360946691, 
  "activity": 0.004155855485008819
}