{
  "bolusiob": 0, 
  "iob": -0.04278842077833331, 
  "activity": -0.00021865961199294616
}