{
  "bolusiob": 0, 
  "iob": 0.004979746489999999, 
  "activity": 0.0003483245149911819
}