{
  "bolusiob": 0, 
  "iob": -0.11837228236111114, 
  "activity": -0.0014973456790123459
}