{
  "bolusiob": 0, 
  "iob": -0.33298064798228244, 
  "activity": -0.010331066666666666
}