{
  "bolusiob": 0, 
  "iob": -0.041463292527222195, 
  "activity": 0.0018114726631393292
}