{
  "bolusiob": 0, 
  "iob": 0.11460367084944442, 
  "activity": 0.0005310229276895944
}