{
  "bolusiob": 0, 
  "iob": 0.36842134103565793, 
  "activity": 0.0016803176895943566
}