{
  "bolusiob": 0, 
  "iob": 0.33205023926160593, 
  "activity": 0.0023860583774250443
}