{
  "bolusiob": 0, 
  "iob": 0.18160526206590277, 
  "activity": -0.00012528218694885348
}