{
  "bolusiob": 0, 
  "iob": 0.3024400893557908, 
  "activity": 0.001361895784832452
}