{
  "bolusiob": 0, 
  "iob": 0.5853484904578329, 
  "activity": 0.0086986151675485
}