{
  "bolusiob": 0, 
  "iob": 0.3254056503325895, 
  "activity": 0.0014528398765432085
}