{
  "bolusiob": 0, 
  "iob": -0.08758927544147108, 
  "activity": 0.001517848201058201
}