{
  "bolusiob": 0, 
  "iob": 0.9752562012730835, 
  "activity": 0.015199851851851852
}