{
  "bolusiob": 1.3538074227333332, 
  "iob": 4.946331598353981, 
  "activity": 0.06751547275132272
}