{
  "bolusiob": 0.9443041043555556, 
  "iob": 1.2108438407516666, 
  "activity": 0.002953518518518518
}