{
  "bolusiob": 0, 
  "iob": 0.13374112379833336, 
  "activity": 0.0035534215167548505
}