{
  "bolusiob": 0, 
  "iob": 0.002882844942000154, 
  "activity": 0.005578324514991181
}