{
  "bolusiob": 0, 
  "iob": -0.6653929196568056, 
  "activity": -0.0024173544973544975
}