{
  "bolusiob": 0, 
  "iob": -0.38550548292877407, 
  "activity": -0.0023522487654320987
}