{
  "bolusiob": 0, 
  "iob": -0.10152157795226172, 
  "activity": -0.001852414955908289
}