{
  "bolusiob": 1.1672372980266665, 
  "iob": 2.976170159392984, 
  "activity": 0.03440147587301586
}