{
  "bolusiob": 1.8712682278400001, 
  "iob": 2.5219478530431396, 
  "activity": 0.011309664902998236
}