{
  "bolusiob": 0, 
  "iob": -0.17517139298342047, 
  "activity": -0.005231807671957672
}