{
  "bolusiob": 0.82259692, 
  "iob": 1.2444145051040076, 
  "activity": 0.004294800793650792
}