{
  "bolusiob": 0, 
  "iob": -0.1311786812985549, 
  "activity": -0.00044206287477954276
}