{
  "bolusiob": 0.4687217777777778, 
  "iob": 0.4342493748694445, 
  "activity": -0.001162698412698412
}