{
  "bolusiob": 0.39293100000000014, 
  "iob": 1.4721393463707257, 
  "activity": 0.024092019664902996
}