{
  "bolusiob": 0, 
  "iob": 0.041035888205055604, 
  "activity": -0.0008789858906525563
}