{
  "bolusiob": 0, 
  "iob": 0.267512388499188, 
  "activity": 0.008387742239858902
}