{
  "bolusiob": 0, 
  "iob": 1.144590780289026, 
  "activity": 0.025355820194003516
}