{
  "bolusiob": 0, 
  "iob": -0.02709173481350871, 
  "activity": -0.005220334814814814
}