{
  "bolusiob": 0, 
  "iob": 0.04781730905032532, 
  "activity": -0.006055114462081129
}