{
  "bolusiob": 0.40306510183999994, 
  "iob": 0.8666740719976165, 
  "activity": 0.008028535696649026
}