{
  "bolusiob": 0, 
  "iob": -0.11389179746208333, 
  "activity": -0.0029610670194003524
}