{
  "bolusiob": 0, 
  "iob": 0.28132227935316023, 
  "activity": 0.002711267389770723
}