{
  "bolusiob": 0, 
  "iob": -0.08666861827727818, 
  "activity": -0.0012227071428571425
}