{
  "bolusiob": 0, 
  "iob": 0.7387848157537172, 
  "activity": 0.009353233774250437
}