{
  "bolusiob": 0.003610700133333311, 
  "iob": 0.6755806512711111, 
  "activity": 0.014472786596119927
}