{
  "bolusiob": 0, 
  "iob": 0.0002871615105825287, 
  "activity": 0.0024789966137566143
}