{
  "bolusiob": 0, 
  "iob": 0.6805851626108057, 
  "activity": 0.004996910141093474
}