{
  "bolusiob": 0, 
  "iob": -0.3118418700411778, 
  "activity": -0.0005370634920634923
}