{
  "bolusiob": 0.4109361143333334, 
  "iob": 1.127683518737535, 
  "activity": 0.021243383456790117
}