{
  "bolusiob": 0, 
  "iob": 0.8317736789840882, 
  "activity": 0.013018589682539682
}