{
  "bolusiob": 0, 
  "iob": 0.6920397080826389, 
  "activity": 0.006743756613756614
}