{
  "bolusiob": 0, 
  "iob": -0.368939843653281, 
  "activity": -0.004129761816578483
}