{
  "bolusiob": 0, 
  "iob": -0.1646493815322025, 
  "activity": -0.0020395416225749557
}