{
  "bolusiob": 0, 
  "iob": 0.2663165432189722, 
  "activity": -0.0016292416225749573
}