{
  "bolusiob": 0, 
  "iob": 0.9104571937815278, 
  "activity": 0.009355476190476188
}