{
  "bolusiob": 0, 
  "iob": 0.06156160854, 
  "activity": 0.003205820105820104
}