{
  "bolusiob": 0, 
  "iob": 0.11317799591319447, 
  "activity": 0.0027218430335096996
}