{
  "bolusiob": 0, 
  "iob": 0.2695410084129547, 
  "activity": 0.0033476716931216924
}