{
  "bolusiob": 0, 
  "iob": 0.1857468813240003, 
  "activity": 0.0061434654320987655
}