{
  "bolusiob": 0, 
  "iob": -0.08210745023403916, 
  "activity": -0.0024327422398589065
}