{
  "bolusiob": 0, 
  "iob": 0.04927246904576391, 
  "activity": -0.0022512786596119915
}