{
  "bolusiob": 0, 
  "iob": 0.15182603838444433, 
  "activity": 0.0035016049382716047
}