{
  "bolusiob": 0, 
  "iob": -0.29419757702442195, 
  "activity": -0.0007587249559082899
}