{
  "bolusiob": 0.8641283144000002, 
  "iob": 1.6078582540163893, 
  "activity": 0.01250022927689594
}