{
  "bolusiob": 0.003992730000000155, 
  "iob": 1.6095157710734866, 
  "activity": 0.029211851675485002
}