{
  "bolusiob": 0, 
  "iob": 0.1742451863127778, 
  "activity": 0.004475343915343915
}