{
  "bolusiob": 0, 
  "iob": -0.37976907644375, 
  "activity": -0.003516869488536154
}