{
  "bolusiob": 0, 
  "iob": -0.19774913467234617, 
  "activity": -0.007309197901234566
}