{
  "bolusiob": 0, 
  "iob": 0.03309651040554431, 
  "activity": -0.004743280299823633
}