{
  "bolusiob": 0.003208914773333227, 
  "iob": 0.5030044938622222, 
  "activity": 0.008690088183421516
}