{
  "bolusiob": 0, 
  "iob": 0.0732509582694837, 
  "activity": 0.002161111146384479
}