{
  "bolusiob": 0, 
  "iob": 0.8225726314844445, 
  "activity": 0.008136746031746031
}