{
  "bolusiob": 0, 
  "iob": -0.10899424685722224, 
  "activity": 0.00019191358024691398
}