{
  "bolusiob": 0, 
  "iob": -0.38562739704755555, 
  "activity": -0.004837548500881833
}