{
  "bolusiob": 0, 
  "iob": -0.2958730185020833, 
  "activity": -0.0018315079365079365
}