{
  "bolusiob": 0, 
  "iob": 0.21293953809288554, 
  "activity": 0.004302381075837742
}