{
  "bolusiob": 0, 
  "iob": 0.5213722385764629, 
  "activity": 0.009655608959435623
}