{
  "bolusiob": 0, 
  "iob": -0.4079528946988889, 
  "activity": -0.0033591534391534386
}