{
  "bolusiob": 0, 
  "iob": 0.29519167067468066, 
  "activity": 0.0055495241798941795
}