{
  "bolusiob": 0, 
  "iob": 0.4327920048826529, 
  "activity": 0.008607116402116399
}