{
  "bolusiob": 0, 
  "iob": 1.120271323039722, 
  "activity": 0.012390308641975307
}