{
  "bolusiob": 0, 
  "iob": 0.6039754935957277, 
  "activity": 0.00962159624338624
}