{
  "bolusiob": 0, 
  "iob": 0.36727825815611126, 
  "activity": 0.004855202821869489
}