{
  "bolusiob": 0, 
  "iob": -0.32902093569916896, 
  "activity": -0.005920855449735449
}