{
  "bolusiob": 2.7661662330666665, 
  "iob": 3.053311924009722, 
  "activity": 0.00813821869488536
}