{
  "bolusiob": 0, 
  "iob": -0.04925880377784725, 
  "activity": 0.010706340388007055
}