{
  "bolusiob": 0.7349751465333334, 
  "iob": 2.3244870865452487, 
  "activity": 0.03034113446208113
}