{
  "bolusiob": 0.7591437831600001, 
  "iob": 1.5244362378170278, 
  "activity": 0.013236025061728392
}