{
  "bolusiob": 0, 
  "iob": -0.6147247172253154, 
  "activity": -0.006223368977072308
}