{
  "bolusiob": 0, 
  "iob": -0.3011572085421955, 
  "activity": 0.011195046278659608
}