{
  "bolusiob": 0, 
  "iob": 0.668073457374253, 
  "activity": 0.009060872998236328
}