{
  "bolusiob": 0, 
  "iob": 0.48944556896388897, 
  "activity": 0.007094153439153438
}