{
  "bolusiob": 0, 
  "iob": 0.44315160549526883, 
  "activity": 0.00485531758377425
}