{
  "bolusiob": 0, 
  "iob": 0.024856178743124985, 
  "activity": 0.0006446119929453265
}