{
  "bolusiob": 0, 
  "iob": -0.332860407344132, 
  "activity": 0.0006133068783068652
}