{
  "bolusiob": 0, 
  "iob": -0.18505315549610218, 
  "activity": 0.0017329452028218683
}