{
  "bolusiob": 0, 
  "iob": -0.13249154676973549, 
  "activity": -0.00014745162257495588
}