{
  "bolusiob": 0, 
  "iob": 0.9976161561063912, 
  "activity": 0.014690079100529089
}