{
  "bolusiob": 0, 
  "iob": 0.3912467316822223, 
  "activity": 0.004496225749559084
}