{
  "bolusiob": 0, 
  "iob": -0.38829615342378343, 
  "activity": -0.0028649096119929447
}