{
  "bolusiob": 0, 
  "iob": -0.2297447992023008, 
  "activity": -0.0029731079188712517
}