{
  "bolusiob": 0, 
  "iob": 0.2657059730379863, 
  "activity": 0.01073716931216931
}