{
  "bolusiob": 0, 
  "iob": 0.29404407455222226, 
  "activity": 0.002338112874779541
}