{
  "bolusiob": 0.67517704056, 
  "iob": 2.425789883754481, 
  "activity": 0.030639090388007047
}