{
  "bolusiob": 0, 
  "iob": -0.18556386556479218, 
  "activity": -0.005986410917107583
}