{
  "bolusiob": 0, 
  "iob": 0.10703174767194444, 
  "activity": 0.004801913580246913
}