{
  "bolusiob": 0, 
  "iob": -0.3580902013814038, 
  "activity": -0.004789708906525573
}