{
  "bolusiob": 0, 
  "iob": -0.20604676062513885, 
  "activity": -0.005238068783068782
}