{
  "bolusiob": 0, 
  "iob": -0.30646380939574286, 
  "activity": -0.0018897181834215166
}