{
  "bolusiob": 1.8684388820266669, 
  "iob": 2.3108952468549013, 
  "activity": 0.00970437352733686
}