{
  "bolusiob": 0, 
  "iob": 0.36774529812329815, 
  "activity": 0.028169277125220445
}