{
  "bolusiob": 0.7274088353733336, 
  "iob": 4.128274585201245, 
  "activity": 0.07505102708994706
}