{
  "bolusiob": 0, 
  "iob": 0.5228261312888681, 
  "activity": 0.006262442680776014
}