{
  "bolusiob": 0, 
  "iob": 0.1974008380104167, 
  "activity": 0.005426410934744268
}