{
  "bolusiob": 0.4251143388444445, 
  "iob": 0.9787853368443196, 
  "activity": 0.00905833333333333
}