{
  "bolusiob": 0, 
  "iob": -0.44265800791666665, 
  "activity": -0.0057096472663139336
}