{
  "bolusiob": 0.1699744300000001, 
  "iob": 1.819332535830732, 
  "activity": 0.0354344357142857
}