{
  "bolusiob": 1.77519342304, 
  "iob": 1.6391704321379037, 
  "activity": -0.0007924870370370376
}