{
  "bolusiob": 0, 
  "iob": -0.2398018796376737, 
  "activity": -0.0012297354497354549
}