{
  "bolusiob": 0.21547132992, 
  "iob": 2.2214031898860496, 
  "activity": 0.029554867548500893
}