{
  "bolusiob": 0.0020232348666666677, 
  "iob": 0.5688295846924044, 
  "activity": 0.02785754118165785
}