{
  "bolusiob": 0, 
  "iob": -0.16734847758939542, 
  "activity": -0.0034632186067019397
}