{
  "bolusiob": 2.0362392593333336, 
  "iob": 3.353307157770905, 
  "activity": 0.028223888800705456
}