{
  "bolusiob": 0, 
  "iob": -0.3470470205267525, 
  "activity": 0.007535634603174601
}