{
  "bolusiob": 0, 
  "iob": 0.0031285449924478986, 
  "activity": 0.008223059964726628
}