{
  "bolusiob": 0, 
  "iob": 0.36010974572121535, 
  "activity": -0.0014830864197530865
}