{
  "bolusiob": 0, 
  "iob": -0.10543765492348789, 
  "activity": -0.0018984565255731915
}