{
  "bolusiob": 0.9228582768, 
  "iob": 1.6561543656999422, 
  "activity": 0.011611763791887122
}