{
  "bolusiob": 0, 
  "iob": 0.854512602455, 
  "activity": 0.012088024691358019
}