{
  "bolusiob": 0, 
  "iob": 0.29193594702508846, 
  "activity": 0.0007985715167548506
}