{
  "bolusiob": 0, 
  "iob": 0.5344843298717015, 
  "activity": 0.005599351851851851
}