{
  "bolusiob": 4.070298438879999, 
  "iob": 4.14496525802732, 
  "activity": 0.005859418077601411
}