{
  "bolusiob": 0, 
  "iob": 0.5861508574004779, 
  "activity": 0.00885618989417989
}