{
  "bolusiob": 0, 
  "iob": 0.7473632002375, 
  "activity": 0.010564532627865962
}