{
  "bolusiob": 0, 
  "iob": 1.094110064312631, 
  "activity": 0.02458410074074074
}