{
  "bolusiob": 0, 
  "iob": 0.10279937187205387, 
  "activity": 0.00039203192239858854
}