{
  "bolusiob": 0, 
  "iob": 0.8067011112838881, 
  "activity": 0.01152250465608465
}