{
  "bolusiob": 0, 
  "iob": 0.08212172115612626, 
  "activity": 0.00778163164021164
}