{
  "bolusiob": 0, 
  "iob": 0.665390038050389, 
  "activity": 0.006059664902998237
}