{
  "bolusiob": 0, 
  "iob": 0.7764222439422853, 
  "activity": 0.007072504673721338
}