{
  "bolusiob": 0, 
  "iob": 1.2378564557516665, 
  "activity": 0.043538183421516746
}