{
  "bolusiob": 0, 
  "iob": 0.12296180892489515, 
  "activity": 0.0009449030864197531
}