{
  "bolusiob": 0.006186365240000003, 
  "iob": 0.24012545595388882, 
  "activity": 0.02099227513227513
}