{
  "bolusiob": 0.42668119796000004, 
  "iob": 0.9417931262609026, 
  "activity": 0.00975327160493827
}