{
  "bolusiob": 0, 
  "iob": -0.3239756754222223, 
  "activity": -0.0013770370370370369
}