{
  "bolusiob": -2.8593706666757407e-05, 
  "iob": 1.0469024201875894, 
  "activity": 0.03310906476190476
}