{
  "bolusiob": -5.5109333332858945e-06, 
  "iob": 1.395646867984722, 
  "activity": 0.050202160493827155
}