{
  "bolusiob": 0, 
  "iob": -0.24599078001180083, 
  "activity": 0.0016017197530864185
}