{
  "bolusiob": 0, 
  "iob": 0.49878828274132575, 
  "activity": 0.003246511640211639
}