{
  "bolusiob": 0, 
  "iob": 0.8190226010561666, 
  "activity": 0.008354126984126985
}