{
  "bolusiob": 0, 
  "iob": 0.03370584568950003, 
  "activity": 0.001294973544973545
}