{
  "bolusiob": 0, 
  "iob": -0.00633691921305559, 
  "activity": 0.0017297883597883596
}