{
  "bolusiob": 0, 
  "iob": 1.162495217994861, 
  "activity": 0.012960873015873016
}