{
  "bolusiob": 0, 
  "iob": 0.5620860975217282, 
  "activity": 0.005962636754850087
}