{
  "bolusiob": 0, 
  "iob": 0.5410013104650834, 
  "activity": 0.005056322751322749
}