{
  "bolusiob": 0, 
  "iob": 0.6364564753812681, 
  "activity": 0.0051319473721340375
}