{
  "bolusiob": 0, 
  "iob": 1.091480398425972, 
  "activity": 0.01161886243386243
}