{
  "bolusiob": 0, 
  "iob": -0.15702462464131153, 
  "activity": -0.0014636771604938272
}