{
  "bolusiob": 0, 
  "iob": 0.2155317041888889, 
  "activity": 0.0008358377425044093
}