{
  "bolusiob": 0, 
  "iob": -0.3813476477843055, 
  "activity": -0.0029349999999999997
}