{
  "bolusiob": 0, 
  "iob": -0.12242003757408959, 
  "activity": -0.0025571254673721336
}