{
  "bolusiob": 0, 
  "iob": 1.0091637099789679, 
  "activity": 0.009850308553791888
}