{
  "bolusiob": 0.16164929592000005, 
  "iob": 1.4996408483013537, 
  "activity": 0.014751022063492065
}