{
  "bolusiob": 0, 
  "iob": 0.18764084634400005, 
  "activity": 0.006002645502645501
}