{
  "bolusiob": 0, 
  "iob": 0.48381173301746216, 
  "activity": 0.006188398130511464
}