{
  "bolusiob": 0, 
  "iob": 0.3130342262582431, 
  "activity": -0.002322345679012345
}