{
  "bolusiob": 0.031405362666666735, 
  "iob": -0.21909216124152614, 
  "activity": -0.0015829369135802458
}