{
  "bolusiob": 0, 
  "iob": 1.3851731808582082, 
  "activity": 0.03436417098765431
}