{
  "bolusiob": 1.7406927691733334, 
  "iob": 2.282022911292817, 
  "activity": 0.010751886754850087
}