{
  "bolusiob": 0, 
  "iob": 0.7020596251617015, 
  "activity": 0.006470537830687831
}