{
  "bolusiob": 0, 
  "iob": -0.11603588928480554, 
  "activity": -0.005077821869488535
}