{
  "bolusiob": 0.07214012501333336, 
  "iob": 0.15820437712713706, 
  "activity": 0.0005424511287477947
}