{
  "bolusiob": 3.6432867966400004, 
  "iob": 3.9487603493877788, 
  "activity": 0.0043605291005291
}