{
  "bolusiob": 0.00022779099999995498, 
  "iob": 0.41298697644972526, 
  "activity": 0.020373708412698407
}