{
  "bolusiob": 1.235500396, 
  "iob": 2.250248980157984, 
  "activity": 0.030618589153439152
}