{
  "bolusiob": 0, 
  "iob": -0.5695257250669248, 
  "activity": -0.00496768114638448
}