{
  "bolusiob": 0, 
  "iob": -0.5189837857668751, 
  "activity": 0.00018351851851851916
}