{
  "bolusiob": 0, 
  "iob": 0.0004824244166666603, 
  "activity": 0.0001266313932980598
}