{
  "bolusiob": 0, 
  "iob": 0.5028398873870392, 
  "activity": 0.007649731834215167
}