{
  "bolusiob": 0.5887969140000001, 
  "iob": 1.6610534225562494, 
  "activity": 0.020884188712522032
}