{
  "bolusiob": 0, 
  "iob": 0.42642778246175955, 
  "activity": 0.01082106631393298
}