{
  "bolusiob": 0.22839426250666667, 
  "iob": 0.564518215519129, 
  "activity": 0.005502222574955909
}