{
  "bolusiob": 0, 
  "iob": 0.30568477423965695, 
  "activity": 0.008812688888888889
}