{
  "bolusiob": 0, 
  "iob": -0.4626023183606074, 
  "activity": -0.001762275220458554
}