{
  "bolusiob": 0, 
  "iob": -0.052908006763210814, 
  "activity": -0.0005675395061728394
}