{
  "bolusiob": 0, 
  "iob": 0.0011996794557518065, 
  "activity": -0.004658871164021163
}