{
  "bolusiob": 0, 
  "iob": 0.17599059032064474, 
  "activity": 0.0007354763668430336
}