{
  "bolusiob": 0.22197132106666673, 
  "iob": 0.4710305129238303, 
  "activity": 0.006341661111111108
}