{
  "bolusiob": 0.015968387666666584, 
  "iob": 0.32044243119799987, 
  "activity": 0.014423880070546735
}