{
  "bolusiob": 1.7066524188444445, 
  "iob": 2.133532378518273, 
  "activity": 0.010415873068783067
}