{
  "bolusiob": 0, 
  "iob": -0.09960476100222218, 
  "activity": 0.0012509259259259262
}