{
  "bolusiob": 0, 
  "iob": -0.20284533682468212, 
  "activity": -0.0015495735449735444
}