{
  "bolusiob": 0, 
  "iob": 0.520700946705053, 
  "activity": 0.003964621181657847
}