{
  "bolusiob": 0, 
  "iob": 0.6098974354231945, 
  "activity": 0.0026185008818342148
}