{
  "bolusiob": 0, 
  "iob": -0.1251763124143611, 
  "activity": -0.0021528130511463844
}