{
  "bolusiob": 0, 
  "iob": 0.030374869926666704, 
  "activity": 0.0023070546737213394
}