{
  "bolusiob": 0, 
  "iob": -0.255624699640786, 
  "activity": -0.00280053783068783
}