{
  "bolusiob": 0.006677157999999994, 
  "iob": 1.4585265297301078, 
  "activity": 0.018195088059964722
}