{
  "bolusiob": 0.3497784130000001, 
  "iob": 1.9176519463384045, 
  "activity": 0.036423209858906534
}