{
  "bolusiob": 0, 
  "iob": 0.7797154120891037, 
  "activity": 0.01023488541446208
}