{
  "bolusiob": 0, 
  "iob": 0.7077791136484922, 
  "activity": 0.011572571710758373
}