{
  "bolusiob": 0, 
  "iob": -0.17803773661847216, 
  "activity": 0.001603932980599647
}