{
  "bolusiob": 0, 
  "iob": 0.03407464833166668, 
  "activity": 0.0014247795414462072
}