{
  "bolusiob": 0, 
  "iob": -0.00017602345500000727, 
  "activity": -0.00010555555555555554
}