{
  "bolusiob": 0, 
  "iob": 0.9075009167115937, 
  "activity": 0.009108236067019397
}