{
  "bolusiob": 0, 
  "iob": 0.16544874411180557, 
  "activity": 0.004024717813051146
}