{
  "bolusiob": 0, 
  "iob": -0.021499611445555566, 
  "activity": -0.0009838977072310403
}