{
  "bolusiob": 0, 
  "iob": -0.22488387836611123, 
  "activity": -0.001917142857142857
}