{
  "bolusiob": 0.7333944759466668, 
  "iob": 1.3545160500977778, 
  "activity": 0.010107654320987654
}