{
  "bolusiob": 0, 
  "iob": 0.3528710854239139, 
  "activity": 0.00203301643738977
}