{
  "bolusiob": 0.9933040987555557, 
  "iob": 3.0318079614065314, 
  "activity": 0.04273714294532626
}