{
  "bolusiob": 0, 
  "iob": 1.1899081472220834, 
  "activity": 0.012630149911816577
}