{
  "bolusiob": 0, 
  "iob": -0.18777612521083337, 
  "activity": 0.00032210758377424994
}