{
  "bolusiob": 0, 
  "iob": -0.1781421311896749, 
  "activity": -0.002256181569664903
}