{
  "bolusiob": 0, 
  "iob": -0.16934994189428418, 
  "activity": -0.005445845308641975
}