{
  "bolusiob": 0, 
  "iob": 0.4282552153111112, 
  "activity": 0.01058705467372134
}