{
  "bolusiob": 0, 
  "iob": 0.8119829133255555, 
  "activity": 0.011182786596119924
}