{
  "bolusiob": 0, 
  "iob": 0.29300059001217077, 
  "activity": -0.0031587477954144612
}