{
  "bolusiob": 0, 
  "iob": 0.14563414847926628, 
  "activity": -0.0015501939153439155
}