{
  "bolusiob": 2.6499225984000003, 
  "iob": 4.693086542769543, 
  "activity": 0.03203867726631393
}