{
  "bolusiob": 1.25712738592, 
  "iob": 1.6866603571387873, 
  "activity": 0.004782495961199293
}