{
  "bolusiob": 0, 
  "iob": -0.06047871337200729, 
  "activity": -0.0026819051322751323
}