{
  "bolusiob": 1.0540241066666667, 
  "iob": 2.382383811663225, 
  "activity": 0.031947495643738985
}