{
  "bolusiob": 0, 
  "iob": -0.21167078984277776, 
  "activity": -0.002280176366843033
}