{
  "bolusiob": 0, 
  "iob": 0.7073322647822222, 
  "activity": 0.008932380952380952
}