{
  "bolusiob": 0, 
  "iob": -0.0008348732100995557, 
  "activity": 0.0002623281305114641
}