{
  "bolusiob": 0, 
  "iob": 0.9258242235600002, 
  "activity": 0.0168073897707231
}