{
  "bolusiob": 0, 
  "iob": 0.1638844877668047, 
  "activity": 0.004244558906525571
}