{
  "bolusiob": 0.8986073950000002, 
  "iob": 2.508597212520454, 
  "activity": 0.02639626126984126
}