{
  "bolusiob": 1.5718414221155557, 
  "iob": 2.1708441867752186, 
  "activity": 0.018583580335097
}