{
  "bolusiob": 1.1263798316622222, 
  "iob": 1.4561507733119445, 
  "activity": 0.0091941975308642
}