{
  "bolusiob": 0, 
  "iob": 0.7802175426888767, 
  "activity": 0.010105873738977072
}