{
  "bolusiob": 0, 
  "iob": -0.4746328645373354, 
  "activity": -0.003877557231040563
}