{
  "bolusiob": 0, 
  "iob": -0.5961960149017745, 
  "activity": -0.004306763492063489
}