{
  "bolusiob": 0, 
  "iob": -0.5892026991337697, 
  "activity": -0.005546102663139329
}