{
  "bolusiob": 0, 
  "iob": 0.7541746433066667, 
  "activity": 0.008337248677248676
}