{
  "bolusiob": 0, 
  "iob": 0.6932307569914582, 
  "activity": 0.006831481481481482
}