{
  "bolusiob": 0, 
  "iob": -0.22751951228428713, 
  "activity": -0.003762380652557318
}