{
  "bolusiob": 0, 
  "iob": 0.8337084631949211, 
  "activity": 0.010517628359788358
}