{
  "bolusiob": 0, 
  "iob": -0.38373574103388886, 
  "activity": -0.0022485449735449733
}