{
  "bolusiob": 1.5087308789866667, 
  "iob": 2.226465413335293, 
  "activity": 0.012546966119929455
}