{
  "bolusiob": 0, 
  "iob": -0.544332421536514, 
  "activity": -0.006775008818342152
}