{
  "bolusiob": 0, 
  "iob": 0.355432619003286, 
  "activity": 0.005591940211640209
}