{
  "bolusiob": 0, 
  "iob": 0.1671458463727778, 
  "activity": 0.002312231040564371
}