{
  "bolusiob": 1.7376566425600002, 
  "iob": 2.485045314831112, 
  "activity": 0.014009876543209876
}