{
  "bolusiob": 0, 
  "iob": -0.12888851599260082, 
  "activity": -0.0014965342151675486
}