{
  "bolusiob": 0, 
  "iob": 0.27968749179252106, 
  "activity": 0.005708062433862434
}