{
  "bolusiob": 0, 
  "iob": 0.39262003816761754, 
  "activity": 0.0052992623809523815
}