{
  "bolusiob": 0, 
  "iob": 0.555255474424017, 
  "activity": 0.006163686366843033
}