{
  "bolusiob": 0, 
  "iob": 0.09831332984055556, 
  "activity": 0.00018808641975308642
}