{
  "bolusiob": 0, 
  "iob": 0.19965949954430556, 
  "activity": 0.002056075837742504
}