{
  "bolusiob": 0.0013768339199997758, 
  "iob": 1.0967577872950893, 
  "activity": 0.022399188818342155
}