{
  "bolusiob": 0, 
  "iob": -0.25326410459672916, 
  "activity": -0.002249003350970017
}