{
  "bolusiob": 0, 
  "iob": 0.549511574162628, 
  "activity": 0.013052221975308637
}