{
  "bolusiob": 0, 
  "iob": 0.09201139686166668, 
  "activity": 0.0011989241622574957
}