{
  "bolusiob": 2.5693798266666668, 
  "iob": 4.451425886178629, 
  "activity": 0.032336331834215165
}