{
  "bolusiob": 0, 
  "iob": 0.4743356613295669, 
  "activity": 0.010929276631393293
}