{
  "bolusiob": 1.980791556266667, 
  "iob": 2.8193738059218063, 
  "activity": 0.016100925925925925
}