{
  "bolusiob": 0, 
  "iob": -0.5279827299775, 
  "activity": -0.0052439947089947085
}