{
  "bolusiob": 0.09372005781333327, 
  "iob": 1.5337960699595545, 
  "activity": 0.044578289065255725
}