{
  "bolusiob": 0.2802058025600001, 
  "iob": 0.6968462383911112, 
  "activity": 0.005853086419753086
}