{
  "bolusiob": 0, 
  "iob": -0.46780617906175004, 
  "activity": -0.006502460317460316
}