{
  "bolusiob": 0, 
  "iob": 0.004418292528633501, 
  "activity": 0.004440326155202822
}