{
  "bolusiob": 0, 
  "iob": 0.2106930661561111, 
  "activity": 0.005448306878306877
}