{
  "bolusiob": 0.2816400537600001, 
  "iob": 1.4933197371940272, 
  "activity": 0.022602619047619045
}