{
  "bolusiob": 0, 
  "iob": 0.29418674896827923, 
  "activity": 0.0030256880070546736
}