{
  "bolusiob": 0, 
  "iob": 0.19059712372466672, 
  "activity": 0.004206472663139328
}