{
  "bolusiob": 0, 
  "iob": -0.03052406907994598, 
  "activity": -0.0028522221164021164
}