{
  "bolusiob": 0, 
  "iob": -0.07774788487540313, 
  "activity": 0.002708465343915343
}