{
  "bolusiob": 0.5890509904400002, 
  "iob": 2.3515600346641925, 
  "activity": 0.026138113315696647
}