{
  "bolusiob": 1.4258740736000002, 
  "iob": 1.761331243223472, 
  "activity": 0.008565079365079364
}