{
  "bolusiob": 0, 
  "iob": -0.18222311811861114, 
  "activity": -0.003328536155202822
}