{
  "bolusiob": 0, 
  "iob": 0.14634663787944446, 
  "activity": 0.0032736331569664895
}