{
  "bolusiob": 0, 
  "iob": -0.007166075797818167, 
  "activity": 0.0006539418871252205
}