{
  "bolusiob": 0, 
  "iob": 0.03946980079997242, 
  "activity": 0.0038412258377425045
}