{
  "bolusiob": 0, 
  "iob": -0.41913237743220844, 
  "activity": 3.491181657848301e-05
}