{
  "bolusiob": 0.21798539422666674, 
  "iob": 1.087225495214574, 
  "activity": 0.016447972134038796
}