{
  "bolusiob": 0, 
  "iob": -0.1990704601921554, 
  "activity": 0.0006041620105820102
}