{
  "bolusiob": 0, 
  "iob": 0.39498250160759024, 
  "activity": 0.007856358024691356
}