{
  "bolusiob": 0.00841738874666662, 
  "iob": 0.15232350183586418, 
  "activity": 0.01343273395061728
}