{
  "bolusiob": 0, 
  "iob": -0.4820804094551096, 
  "activity": -0.006743765802469133
}