{
  "bolusiob": 0, 
  "iob": 0.3433554670751715, 
  "activity": 0.0036155626278659616
}