{
  "bolusiob": 0, 
  "iob": -0.06054487847851692, 
  "activity": -0.0008369485890652548
}