{
  "bolusiob": 0, 
  "iob": 1.0945835848404168, 
  "activity": 0.011712125220458551
}