{
  "bolusiob": 0.1119691870666667, 
  "iob": 1.6323386744666661, 
  "activity": 0.03328458345679012
}