{
  "bolusiob": 0, 
  "iob": 0.03008697727127444, 
  "activity": 0.0035117018165784796
}