{
  "bolusiob": 1.4903824405333332, 
  "iob": 1.2674918395057535, 
  "activity": 0.007918015185185184
}