{
  "bolusiob": 0, 
  "iob": 0.3178596018456614, 
  "activity": 0.0029882447619047616
}