{
  "bolusiob": 0, 
  "iob": 0.48737878088845105, 
  "activity": 0.01083383622574956
}