{
  "bolusiob": 0.45460597987555557, 
  "iob": 1.2996172952478713, 
  "activity": 0.013896137918871251
}