{
  "bolusiob": 1.0549787259733336, 
  "iob": 1.6604051103442008, 
  "activity": 0.015064708818342145
}