{
  "bolusiob": 0, 
  "iob": -0.602208969473777, 
  "activity": -0.0062081215167548495
}