{
  "bolusiob": 0, 
  "iob": 0.4047842829694792, 
  "activity": 0.003832354497354497
}