{
  "bolusiob": 0, 
  "iob": 0.9255148205238962, 
  "activity": 0.010403606613756616
}