{
  "bolusiob": 0.29184415480888887, 
  "iob": 0.6389147415892243, 
  "activity": 0.008342839065255727
}