{
  "bolusiob": 0, 
  "iob": 0.07279017711027114, 
  "activity": 0.0051256790123456785
}