{
  "bolusiob": 0, 
  "iob": -0.14963440182444443, 
  "activity": -7.91358024691358e-05
}