{
  "bolusiob": 0, 
  "iob": 0.7738415777859722, 
  "activity": 0.009450044091710758
}