{
  "bolusiob": 0, 
  "iob": -0.45016162863541664, 
  "activity": -0.003382768959435626
}