{
  "bolusiob": 0, 
  "iob": -0.5685163240485556, 
  "activity": -0.0054380687830687825
}