{
  "bolusiob": 0, 
  "iob": -0.11765658282993849, 
  "activity": -0.002591728641975309
}