{
  "bolusiob": 0, 
  "iob": 0.6852455583838035, 
  "activity": 0.011471523209876542
}