{
  "bolusiob": 0, 
  "iob": -0.21947020031531153, 
  "activity": -0.00274043201058201
}