{
  "bolusiob": 0.06841357013333338, 
  "iob": 0.7807754376248977, 
  "activity": 0.016744708959435622
}