{
  "bolusiob": 0, 
  "iob": 0.2229376177034167, 
  "activity": -0.0009561552028218689
}