{
  "bolusiob": 0, 
  "iob": 0.5833367216051093, 
  "activity": 0.00532416216931217
}