{
  "bolusiob": 0, 
  "iob": 0.3281223665023544, 
  "activity": 0.004861388447971781
}