{
  "bolusiob": 0, 
  "iob": 0.23648449902138893, 
  "activity": 0.0052128835978835966
}