{
  "bolusiob": 0, 
  "iob": -0.36430434711196924, 
  "activity": -0.0058463051146384485
}