{
  "bolusiob": 0.2561628362666667, 
  "iob": 0.2105169851032957, 
  "activity": -0.001118959682539683
}