{
  "bolusiob": 0.46590147828, 
  "iob": 2.4149773036298305, 
  "activity": 0.0248674749559083
}