{
  "bolusiob": 0, 
  "iob": 0.11168791009222223, 
  "activity": 0.0010950617283950615
}