{
  "bolusiob": 0, 
  "iob": 0.853855601709697, 
  "activity": 0.008958676984126982
}