{
  "bolusiob": 0, 
  "iob": -0.1752361227587091, 
  "activity": -0.009796428218694881
}