{
  "bolusiob": 0.008196328360000015, 
  "iob": 0.3250690549780851, 
  "activity": 0.01471492932980599
}