{
  "bolusiob": 0, 
  "iob": -0.36191870495699163, 
  "activity": -0.00431620823633157
}