{
  "bolusiob": 0, 
  "iob": 0.5424653178577779, 
  "activity": 0.008860194003527333
}