{
  "bolusiob": 0, 
  "iob": 0.017013398239753397, 
  "activity": 8.972650793650846e-05
}