{
  "bolusiob": 0, 
  "iob": -0.14215748617798232, 
  "activity": -0.001243395361552028
}