{
  "bolusiob": 0, 
  "iob": -0.4978276185681945, 
  "activity": -0.0035768694885361546
}