{
  "bolusiob": 0, 
  "iob": -0.5164285108177864, 
  "activity": -0.010799867865961198
}