{
  "bolusiob": 0, 
  "iob": 0.06255117107403138, 
  "activity": 0.001411639947089947
}