{
  "bolusiob": 0, 
  "iob": 0.6132786519521923, 
  "activity": 0.008418095238095238
}