{
  "bolusiob": 0, 
  "iob": 0.019006679405416636, 
  "activity": 0.00407669312169312
}