{
  "bolusiob": 0, 
  "iob": 0.7353844779247223, 
  "activity": 0.0077032275132275126
}