{
  "bolusiob": 0.4914365908266667, 
  "iob": 1.3027303604781764, 
  "activity": 0.015714118130511462
}