{
  "bolusiob": 0.001359384000000008, 
  "iob": 0.41409805307917136, 
  "activity": 0.02161693710758377
}