{
  "bolusiob": 0.013168276799999323, 
  "iob": 1.3477647356055558, 
  "activity": 0.04124275132275132
}