{
  "bolusiob": 0.9716879915555555, 
  "iob": 1.839618909232, 
  "activity": 0.016286349206349204
}