{
  "bolusiob": 2.5196724841822222, 
  "iob": 4.084440555257851, 
  "activity": 0.02781039670194003
}