{
  "bolusiob": 0, 
  "iob": -0.16955366849749998, 
  "activity": 0.001914012345679012
}