{
  "bolusiob": 0, 
  "iob": 0.4532145935525947, 
  "activity": 0.0161010229276896
}