{
  "bolusiob": 2.9937826150400006, 
  "iob": 3.2951025783113264, 
  "activity": 0.014815951499118164
}