{
  "bolusiob": 0, 
  "iob": -0.1394587027085415, 
  "activity": 0.011096428571428566
}