{
  "bolusiob": 0, 
  "iob": -0.25663797325410026, 
  "activity": 0.0015078482010582005
}