{
  "bolusiob": 0, 
  "iob": 0.3402425968014295, 
  "activity": 0.0008717816754850075
}