{
  "bolusiob": 0.8183177047955553, 
  "iob": 2.798118221827995, 
  "activity": 0.043710899559082896
}