{
  "bolusiob": 0, 
  "iob": 0.3915674456166668, 
  "activity": 0.011332998236331564
}