{
  "bolusiob": 0, 
  "iob": -0.2152536854964445, 
  "activity": 0.00028500881834215105
}