{
  "bolusiob": 0.01988116844000003, 
  "iob": 1.4550729948309358, 
  "activity": 0.022330141463844794
}