{
  "bolusiob": 0, 
  "iob": -0.2554021156180556, 
  "activity": -0.0014219664902998233
}