{
  "bolusiob": 0, 
  "iob": 0.32853131346672293, 
  "activity": 0.0013080426984126978
}