{
  "bolusiob": 0.38974917176888896, 
  "iob": 0.6530042093349426, 
  "activity": 0.004258782980599647
}