{
  "bolusiob": 0, 
  "iob": 0.46733871018833334, 
  "activity": 0.00570810405643739
}