{
  "bolusiob": 0, 
  "iob": 1.200301914641, 
  "activity": 0.014337213403880065
}