{
  "bolusiob": 0, 
  "iob": -0.056559392048296374, 
  "activity": -0.0009242590828924159
}