{
  "bolusiob": 0.5489066225066667, 
  "iob": 1.035944810435972, 
  "activity": 0.007419320987654321
}