{
  "bolusiob": 1.6109776201600001, 
  "iob": 2.2609231457577783, 
  "activity": 0.01586382716049382
}