{
  "bolusiob": 0, 
  "iob": -0.19261490840277187, 
  "activity": 0.0016903088183421503
}