{
  "bolusiob": 0, 
  "iob": -0.1862002194147893, 
  "activity": -0.001580449647266314
}