{
  "bolusiob": 0.16314408533333336, 
  "iob": 0.6090655494496299, 
  "activity": 0.008168712081128746
}