{
  "bolusiob": 0, 
  "iob": 0.18653605445193336, 
  "activity": 0.003734955908289242
}