{
  "bolusiob": 0, 
  "iob": 0.7525236292926529, 
  "activity": 0.010374471358024691
}