{
  "bolusiob": 0, 
  "iob": 0.8014310564218249, 
  "activity": 0.010451400987654319
}