{
  "bolusiob": 0.17669647989333317, 
  "iob": 2.9338606787547343, 
  "activity": 0.07068071622574952
}