{
  "bolusiob": 0, 
  "iob": -0.005497732945632468, 
  "activity": -0.002626983862433862
}