{
  "bolusiob": 0, 
  "iob": 0.11905086787061331, 
  "activity": 0.0009771293650793645
}