{
  "bolusiob": 0, 
  "iob": 0.12325275373751032, 
  "activity": -0.0006988887125220453
}