{
  "bolusiob": 0, 
  "iob": 0.2045530935609712, 
  "activity": 0.006357301446208113
}