{
  "bolusiob": 1.9169753851733335, 
  "iob": 1.8859535597170258, 
  "activity": 0.00809935574955908
}