{
  "bolusiob": 0, 
  "iob": -0.16930070825559285, 
  "activity": -0.0011227074426807756
}