{
  "bolusiob": 0, 
  "iob": 0.9399746574693056, 
  "activity": 0.009018668430335096
}