{
  "bolusiob": 0, 
  "iob": 0.5751914834286226, 
  "activity": 0.016978447724867732
}