{
  "bolusiob": 0, 
  "iob": -0.7183801333837472, 
  "activity": 0.004412195679012344
}