{
  "bolusiob": 0.53750137216, 
  "iob": 0.7794207450577778, 
  "activity": 0.003838271604938271
}