{
  "bolusiob": 0, 
  "iob": -0.1017381084101493, 
  "activity": 0.005649188271604938
}