{
  "bolusiob": 0.10884211183999981, 
  "iob": 1.1154753862581925, 
  "activity": 0.022967407283950615
}