{
  "bolusiob": 0, 
  "iob": 0.1279275914477778, 
  "activity": 0.004700423280423279
}