{
  "bolusiob": 0, 
  "iob": 0.7801152140816668, 
  "activity": 0.009470493827160495
}