{
  "bolusiob": 0, 
  "iob": 0.7550379069637254, 
  "activity": 0.009724276543209873
}