{
  "bolusiob": 0, 
  "iob": 0.6325952120931265, 
  "activity": 0.008988864285714283
}