{
  "bolusiob": 0, 
  "iob": 0.17957529353495505, 
  "activity": 0.0033249210052910044
}