{
  "bolusiob": 0, 
  "iob": 0.19365670588013714, 
  "activity": 0.005452918253968253
}