{
  "bolusiob": 0, 
  "iob": 0.4369117347101769, 
  "activity": 0.008298769770723104
}