{
  "bolusiob": 0, 
  "iob": 0.7047654722363825, 
  "activity": 0.008980597089947088
}