{
  "bolusiob": 0, 
  "iob": 0.6061274563893057, 
  "activity": 0.008103668430335095
}