{
  "bolusiob": 3.671685578648889, 
  "iob": 3.9596381358588886, 
  "activity": 0.0030899118165784835
}