{
  "bolusiob": 0, 
  "iob": -0.1955021912854869, 
  "activity": -0.0008517281305114631
}