{
  "bolusiob": 0, 
  "iob": -0.6121540131848148, 
  "activity": -0.004302530511463844
}