{
  "bolusiob": 0, 
  "iob": 0.8428388672766999, 
  "activity": 0.013037099012345678
}