{
  "bolusiob": 0, 
  "iob": 0.051618673606666665, 
  "activity": -0.003348245149911817
}