{
  "bolusiob": 0, 
  "iob": -0.16329619560961597, 
  "activity": 5.93210758377424e-05
}