{
  "bolusiob": 0, 
  "iob": 0.31023605887045846, 
  "activity": 0.004682390141093472
}