{
  "bolusiob": 0, 
  "iob": -0.4951412921732754, 
  "activity": 0.004480255238095234
}