{
  "bolusiob": 0, 
  "iob": 0.05953959599251055, 
  "activity": 0.0011689950440917107
}