{
  "bolusiob": 0, 
  "iob": 0.14117915817673393, 
  "activity": -0.004028897495590829
}