{
  "bolusiob": 0, 
  "iob": 1.1377836194740556, 
  "activity": 0.008938236331569666
}