{
  "bolusiob": 0, 
  "iob": -0.11935115637776031, 
  "activity": -0.002007848500881834
}