{
  "bolusiob": 0, 
  "iob": -0.13275140118635362, 
  "activity": -0.001809056261022927
}