{
  "bolusiob": 0, 
  "iob": 0.2929643628159247, 
  "activity": 0.004780696384479716
}