{
  "bolusiob": 0, 
  "iob": -0.4072116545973251, 
  "activity": -0.005815697019400353
}