{
  "bolusiob": 0.00836044393333324, 
  "iob": 0.28775661737688896, 
  "activity": 0.013464850088183414
}