{
  "bolusiob": 0, 
  "iob": -0.1978105059463328, 
  "activity": -0.001192010652557319
}