{
  "bolusiob": 0.16564143093333333, 
  "iob": 0.8160936809250001, 
  "activity": 0.012264444444444442
}