{
  "bolusiob": 0, 
  "iob": 1.1146082812965272, 
  "activity": 0.012886457936507938
}