{
  "bolusiob": 0, 
  "iob": 0.5429423298031767, 
  "activity": 0.008642795537918867
}