{
  "bolusiob": 0.002327452573333422, 
  "iob": 0.23342132604833338, 
  "activity": 0.013571675485008818
}