{
  "bolusiob": 0, 
  "iob": 0.8421177122194446, 
  "activity": 0.013562927689594355
}