{
  "bolusiob": 0, 
  "iob": 0.195407148609, 
  "activity": 0.0062845238095238076
}