{
  "bolusiob": 0, 
  "iob": 0.41104986743843364, 
  "activity": 0.005099024902998236
}