{
  "bolusiob": 0.08107644116000001, 
  "iob": 0.7387831584255555, 
  "activity": 0.015026596119929455
}