{
  "bolusiob": 0, 
  "iob": -0.4786994304010143, 
  "activity": -0.0064075782892416226
}