{
  "bolusiob": 0.08687999317333338, 
  "iob": 0.6152357916733334, 
  "activity": 0.008133209876543208
}