{
  "bolusiob": 0, 
  "iob": 0.35338106080555554, 
  "activity": 0.014656243386243382
}