{
  "bolusiob": 0, 
  "iob": 0.43936428355486107, 
  "activity": 0.008249206349206345
}