{
  "bolusiob": -6.941120000003576e-05, 
  "iob": 0.7183860084688891, 
  "activity": 0.019247425044091708
}