{
  "bolusiob": 0, 
  "iob": 0.31531255399873165, 
  "activity": -0.0029640354320987646
}