{
  "bolusiob": 0, 
  "iob": 0.24579054754388696, 
  "activity": 0.0030231390652557316
}