{
  "bolusiob": 0, 
  "iob": -0.3198432989946809, 
  "activity": -0.0009439328042328033
}