{
  "bolusiob": 2.40127299584, 
  "iob": 3.063634695270067, 
  "activity": 0.016962557319223984
}