{
  "bolusiob": 0, 
  "iob": 0.6613000792072712, 
  "activity": 0.0027285185890652537
}