{
  "bolusiob": 0, 
  "iob": 0.3631513025600674, 
  "activity": 0.0008154762786596123
}