{
  "bolusiob": 0, 
  "iob": 0.3109046646626569, 
  "activity": 0.002957142592592593
}