{
  "bolusiob": 0, 
  "iob": 0.9937729399811114, 
  "activity": 0.020530299823633153
}