{
  "bolusiob": 0, 
  "iob": 0.38411646349069445, 
  "activity": 0.00648926807760141
}