{
  "bolusiob": 0, 
  "iob": -0.5582538656230263, 
  "activity": -0.004581622945326279
}