{
  "bolusiob": 0, 
  "iob": 0.2438213838694309, 
  "activity": 0.024555255238095236
}