{
  "bolusiob": 0.5259599660577777, 
  "iob": 1.3710495799306412, 
  "activity": 0.008942310670194001
}