{
  "bolusiob": 0, 
  "iob": 0.11498795064388889, 
  "activity": 0.0025158553791887112
}