{
  "bolusiob": 0, 
  "iob": -0.1650429189346882, 
  "activity": -0.0016068694003527333
}