{
  "bolusiob": 0, 
  "iob": 0.583649969866361, 
  "activity": 0.0073495994708994705
}