{
  "bolusiob": 0.0006694960000000249, 
  "iob": 0.22655749328897226, 
  "activity": 0.003583405643738977
}