{
  "bolusiob": 0, 
  "iob": -0.11463477910443104, 
  "activity": 0.003042292645502644
}