{
  "bolusiob": 0, 
  "iob": -0.5775784081517036, 
  "activity": -0.0079474782010582
}