{
  "bolusiob": 0, 
  "iob": 0.15431280546233336, 
  "activity": 0.005230246913580246
}