{
  "bolusiob": 0.6607600534177775, 
  "iob": 1.8851567119738892, 
  "activity": 0.023685220458553792
}