{
  "bolusiob": 0, 
  "iob": -0.012689716140408107, 
  "activity": 0.0017355464726631388
}