{
  "bolusiob": 0, 
  "iob": 0.46007590145817395, 
  "activity": 0.005549294902998235
}