{
  "bolusiob": 0, 
  "iob": 0.7753599056463888, 
  "activity": 0.010612186948853615
}