{
  "bolusiob": 0, 
  "iob": 0.48989262117004373, 
  "activity": 0.007881353192239858
}