{
  "bolusiob": 0, 
  "iob": 0.05989580774444443, 
  "activity": 0.002025520282186948
}