{
  "bolusiob": 0.39923368355555555, 
  "iob": 0.6404143659094447, 
  "activity": 0.0004092239858906523
}