{
  "bolusiob": 1.402358421031111, 
  "iob": 2.228825584168264, 
  "activity": 0.01154033509700176
}