{
  "bolusiob": 0.42837719080000003, 
  "iob": 1.4129393123693283, 
  "activity": 0.0153185833686067
}