{
  "bolusiob": 0.034564317333333254, 
  "iob": 0.5403006584533333, 
  "activity": 0.00920246913580247
}