{
  "bolusiob": 0.47196233456, 
  "iob": 1.2696523780767235, 
  "activity": 0.010442698677248678
}