{
  "bolusiob": 0.9829701603555555, 
  "iob": 1.2282022560627779, 
  "activity": 0.001826975308641975
}