{
  "bolusiob": 0, 
  "iob": -0.6212536587606412, 
  "activity": -0.00782705492063492
}