{
  "bolusiob": 0, 
  "iob": -0.018537725581111126, 
  "activity": 0.0034189770723104043
}