{
  "bolusiob": 1.0691531361244444, 
  "iob": 2.0879650637198752, 
  "activity": 0.02272575837742503
}