{
  "bolusiob": 0, 
  "iob": 0.01805812082500001, 
  "activity": 2.5837742504409048e-05
}