{
  "bolusiob": 0, 
  "iob": -0.3231562964220834, 
  "activity": -0.0035199294532627864
}