{
  "bolusiob": 0, 
  "iob": -0.1819843203048499, 
  "activity": -0.00010275114638447894
}