{
  "bolusiob": 0, 
  "iob": 0.46799357228762334, 
  "activity": 0.006363437142857144
}