{
  "bolusiob": 0, 
  "iob": -0.06576136683, 
  "activity": 0.00223726631393298
}