{
  "bolusiob": 0, 
  "iob": 0.2408979548634375, 
  "activity": -0.00406719576719577
}