{
  "bolusiob": 0, 
  "iob": -0.037624164791057235, 
  "activity": -0.0003245994708994712
}