{
  "bolusiob": 0, 
  "iob": 0.8248638097699588, 
  "activity": 0.008885529082892415
}