{
  "bolusiob": 0, 
  "iob": 0.7553964027760277, 
  "activity": 0.008667178130511464
}