{
  "bolusiob": 0, 
  "iob": -0.6418947713702776, 
  "activity": -0.003231719576719577
}