{
  "bolusiob": 0, 
  "iob": 0.28144871962627505, 
  "activity": 0.002191208112874776
}