{
  "bolusiob": 1.2109152701333332, 
  "iob": 1.0810181882427778, 
  "activity": 0.0033493474426807748
}