{
  "bolusiob": 0, 
  "iob": -0.41402793590639625, 
  "activity": 0.001590713791887122
}