{
  "bolusiob": 0, 
  "iob": -0.19485051240430556, 
  "activity": -0.00224205467372134
}