{
  "bolusiob": 0, 
  "iob": -0.2286021507531571, 
  "activity": -0.002648156878306878
}