{
  "bolusiob": 0, 
  "iob": -1.0047993070912427, 
  "activity": -0.009443448465608463
}