{
  "bolusiob": 0, 
  "iob": -0.36850110524973845, 
  "activity": 0.007488183051146384
}