{
  "bolusiob": 0, 
  "iob": -0.5078493931101611, 
  "activity": -0.0027284129453262786
}