{
  "bolusiob": 0, 
  "iob": 0.3172102372582431, 
  "activity": -0.001726790123456789
}