{
  "bolusiob": 0.24121019656000003, 
  "iob": 1.4548366848506775, 
  "activity": 0.04220398573192239
}