{
  "bolusiob": 0.3261052, 
  "iob": 0.6326098082274004, 
  "activity": 0.008476631164021165
}