{
  "bolusiob": 0, 
  "iob": -0.23845805977826934, 
  "activity": -0.0026420898589065256
}