{
  "bolusiob": 0, 
  "iob": 0.28501265654352853, 
  "activity": 0.0029171782186948837
}