{
  "bolusiob": 0.9022851618533334, 
  "iob": 2.208890657091111, 
  "activity": 0.02434715167548501
}