{
  "bolusiob": 0, 
  "iob": 0.2681467067139994, 
  "activity": 0.0005454082010582007
}