{
  "bolusiob": 0, 
  "iob": 0.02844403159145835, 
  "activity": -5.6181657848324686e-05
}