{
  "bolusiob": 0, 
  "iob": 0.30077535924586113, 
  "activity": 0.00791626984126984
}