{
  "bolusiob": 0, 
  "iob": 1.0010461848576668, 
  "activity": 0.015279576719576717
}