{
  "bolusiob": 0, 
  "iob": -0.11070665534111557, 
  "activity": 0.0011563931746031754
}