{
  "bolusiob": 0, 
  "iob": 1.1158683392755557, 
  "activity": 0.01321701940035273
}