{
  "bolusiob": 0, 
  "iob": 0.39963349287023886, 
  "activity": 0.00592073192239859
}