{
  "bolusiob": 0, 
  "iob": 0.8936288829383334, 
  "activity": 0.011071481481481482
}