{
  "bolusiob": 0.05897746336000003, 
  "iob": 0.5804501489622224, 
  "activity": 0.00866432098765432
}