{
  "bolusiob": 0, 
  "iob": -0.13617810374791664, 
  "activity": -0.0009683156966490295
}