{
  "bolusiob": 0, 
  "iob": 0.3964515800204777, 
  "activity": 0.004697557442680775
}