{
  "bolusiob": 0, 
  "iob": 0.5813089490581531, 
  "activity": 0.019601490123456782
}