{
  "bolusiob": 0, 
  "iob": 0.17426344377954325, 
  "activity": 0.0022506616225749557
}