{
  "bolusiob": 0.019311410559999898, 
  "iob": 0.6284960949583335, 
  "activity": 0.012904850088183421
}