{
  "bolusiob": 0, 
  "iob": 0.47025784651333336, 
  "activity": 0.008137724867724867
}