{
  "bolusiob": 0, 
  "iob": -0.14760491464944445, 
  "activity": -0.001319382716049382
}