{
  "bolusiob": 2.9628624933333336, 
  "iob": 4.587468330892239, 
  "activity": 0.029227866225749556
}