{
  "bolusiob": 0, 
  "iob": -0.42254636981449845, 
  "activity": -0.005657283597883606
}