{
  "bolusiob": 0, 
  "iob": 0.6614336562972197, 
  "activity": 0.008983447954144621
}