{
  "bolusiob": 0, 
  "iob": -0.2873716580136111, 
  "activity": -5.9514991181658485e-05
}