{
  "bolusiob": 0, 
  "iob": -0.21654515596541668, 
  "activity": -0.0019235361552028215
}