{
  "bolusiob": 0, 
  "iob": 0.7992980953707705, 
  "activity": 0.013839056349206347
}