{
  "bolusiob": 0, 
  "iob": -0.1393849250856152, 
  "activity": -0.0012827482363315691
}