{
  "bolusiob": 0, 
  "iob": 0.0794261788588623, 
  "activity": -1.0230511463846606e-06
}