{
  "bolusiob": 0, 
  "iob": 0.07676157361111124, 
  "activity": 0.0021874250440917105
}