{
  "bolusiob": 0, 
  "iob": -0.09155096978059857, 
  "activity": -0.005357354320987652
}