{
  "bolusiob": 0, 
  "iob": 0.5294122028002964, 
  "activity": 0.008923501005291004
}