{
  "bolusiob": 0, 
  "iob": 0.32465156750249996, 
  "activity": 0.012663791887125216
}