{
  "bolusiob": 0, 
  "iob": 0.05691042613361007, 
  "activity": 0.0020549146913580235
}