{
  "bolusiob": 0, 
  "iob": 0.6207017657905555, 
  "activity": 0.006647451499118163
}