{
  "bolusiob": 0, 
  "iob": 0.7744071344261112, 
  "activity": 0.013685696649029978
}