{
  "bolusiob": 0, 
  "iob": -0.44461093976975496, 
  "activity": -0.005182610141093474
}