{
  "bolusiob": 0, 
  "iob": 0.8230869854733815, 
  "activity": 0.012633315943562604
}