{
  "bolusiob": 0, 
  "iob": 0.05475059723166668, 
  "activity": 0.002599700176366843
}