{
  "bolusiob": 0, 
  "iob": 0.20824241650388892, 
  "activity": 0.0017850970017636682
}