{
  "bolusiob": 0, 
  "iob": 0.38020196532310774, 
  "activity": 0.002747491181657849
}