{
  "bolusiob": 1.4490794613866664, 
  "iob": 2.7670481817398516, 
  "activity": 0.012021958553791888
}