{
  "bolusiob": 0, 
  "iob": 1.470724217696072, 
  "activity": 0.029761177954144628
}