{
  "bolusiob": 0.07667536382666683, 
  "iob": 0.5405888454366667, 
  "activity": 0.013034126984126981
}