{
  "bolusiob": 0, 
  "iob": 0.0382063076927816, 
  "activity": 0.006794462398589064
}