{
  "bolusiob": 0, 
  "iob": 0.019435245964377866, 
  "activity": -0.009613959559082888
}