{
  "bolusiob": 0, 
  "iob": 0.9529490210897157, 
  "activity": 0.009340786843033508
}