{
  "bolusiob": 0, 
  "iob": 0.41506034171425693, 
  "activity": 0.007668932980599646
}