{
  "bolusiob": 0, 
  "iob": 0.3177422994118073, 
  "activity": 0.004886845590828924
}