{
  "bolusiob": 0.0019395582000000355, 
  "iob": 1.361810958739453, 
  "activity": 0.029271782257495587
}