{
  "bolusiob": 0.04232429593333331, 
  "iob": 0.3579607171232639, 
  "activity": 0.021069938271604936
}