{
  "bolusiob": 0.04447581610666635, 
  "iob": 1.679322467369487, 
  "activity": 0.0399582626984127
}