{
  "bolusiob": 0, 
  "iob": -0.28486463288888886, 
  "activity": -0.0009851851851851849
}