{
  "bolusiob": 0, 
  "iob": 0.044522262541230775, 
  "activity": -0.0016776892063492068
}