{
  "bolusiob": 0, 
  "iob": 0.4286095088371957, 
  "activity": 0.005070194126984124
}