{
  "bolusiob": 0, 
  "iob": 0.07653635946923609, 
  "activity": 0.0005539770723104052
}