{
  "bolusiob": 3.0940388083733334, 
  "iob": 3.174997118013556, 
  "activity": 0.002210211516754848
}