{
  "bolusiob": 0, 
  "iob": 1.1271942337858614, 
  "activity": 0.008231975308641974
}