{
  "bolusiob": 0, 
  "iob": 0.30881904833356844, 
  "activity": 0.005007671728395061
}