{
  "bolusiob": 0.04420767138666654, 
  "iob": 0.7214140090031945, 
  "activity": 0.014659920634920637
}