{
  "bolusiob": 0, 
  "iob": -0.06798954291041667, 
  "activity": -0.0004027689594356261
}