{
  "bolusiob": 0, 
  "iob": 0.6655435055338751, 
  "activity": 0.010778174514991178
}