{
  "bolusiob": 0, 
  "iob": 0.03176058982486112, 
  "activity": 0.0024034038800705465
}