{
  "bolusiob": 0, 
  "iob": 0.3288374256364675, 
  "activity": 0.008268741358024691
}