{
  "bolusiob": 0, 
  "iob": 0.9161162141435946, 
  "activity": 0.01044183553791887
}