{
  "bolusiob": 0, 
  "iob": -0.5413607760042917, 
  "activity": -0.006854567901234568
}