{
  "bolusiob": 0, 
  "iob": -0.5996865045446895, 
  "activity": -0.005523058571428569
}