{
  "bolusiob": 0, 
  "iob": -0.2028099899943056, 
  "activity": -0.003783783068783068
}