{
  "bolusiob": 0, 
  "iob": 0.6424854432631257, 
  "activity": 0.001519594091710759
}