{
  "bolusiob": 0, 
  "iob": 0.34587605216112266, 
  "activity": 0.0014620898589065255
}