{
  "bolusiob": 0, 
  "iob": 0.07908770772524165, 
  "activity": 0.012557548112874763
}