{
  "bolusiob": 0, 
  "iob": 0.3339785562559183, 
  "activity": 0.0010724518694885353
}