{
  "bolusiob": 0, 
  "iob": -0.1251250402191667, 
  "activity": -0.0014811640211640211
}