{
  "bolusiob": 0, 
  "iob": -0.46661245004260415, 
  "activity": -0.005120185185185183
}