{
  "bolusiob": 0, 
  "iob": 0.20031622491103512, 
  "activity": 0.004588571199294532
}