{
  "bolusiob": 0, 
  "iob": -0.48185183991137054, 
  "activity": -0.006490458465608464
}