{
  "bolusiob": 0, 
  "iob": -0.1809554356120286, 
  "activity": 0.002579840952380952
}