{
  "bolusiob": 0.4378659761777778, 
  "iob": 0.48691429321555557, 
  "activity": -0.0003863315696649028
}