{
  "bolusiob": 0, 
  "iob": 0.5462701766673786, 
  "activity": 0.006286208730158728
}