{
  "bolusiob": 0, 
  "iob": -0.10883659567404187, 
  "activity": -0.0004899648148148149
}