{
  "bolusiob": 0, 
  "iob": 0.1421305703935769, 
  "activity": -0.002706277319223985
}