{
  "bolusiob": 0, 
  "iob": 0.5928517187613284, 
  "activity": 0.005914425890652556
}