{
  "bolusiob": 0, 
  "iob": -0.5082741618008724, 
  "activity": -0.006397760105820105
}