{
  "bolusiob": 1.561166675848889, 
  "iob": 2.7776851970954626, 
  "activity": 0.02519693102292769
}