{
  "bolusiob": 1.6957741213866664, 
  "iob": 3.5091723690097876, 
  "activity": 0.026913818694885364
}