{
  "bolusiob": 0, 
  "iob": -0.42002929736777783, 
  "activity": -0.0013881569664902997
}