{
  "bolusiob": 0, 
  "iob": 0.3842732432725998, 
  "activity": 0.007566287742504409
}