{
  "bolusiob": 0.03812439306666665, 
  "iob": 0.6385654805409632, 
  "activity": 0.013004320811287476
}