{
  "bolusiob": 3.007055175982222, 
  "iob": 3.6442725131342226, 
  "activity": 0.01241298677248677
}