{
  "bolusiob": 0, 
  "iob": -0.13484402625500003, 
  "activity": -0.002840776014109347
}