{
  "bolusiob": 0, 
  "iob": 0.4003586932421823, 
  "activity": 0.008127292698412695
}