{
  "bolusiob": 0.33891238142666674, 
  "iob": 1.0906704052268403, 
  "activity": 0.016474250440917115
}