{
  "bolusiob": 0, 
  "iob": 0.07854367689180555, 
  "activity": 0.0030579365079365086
}