{
  "bolusiob": 0, 
  "iob": -0.24925708647464498, 
  "activity": -0.001980326560846562
}