{
  "bolusiob": 0, 
  "iob": -0.20740219250559105, 
  "activity": 0.000731816455026455
}