{
  "bolusiob": 0, 
  "iob": 0.24430701576270847, 
  "activity": 0.00616319188712522
}