{
  "bolusiob": 1.1812002144, 
  "iob": 2.559549003643333, 
  "activity": 0.021782045855379184
}