{
  "bolusiob": 0, 
  "iob": 0.43312196897563615, 
  "activity": 0.008726379894179891
}