{
  "bolusiob": 0, 
  "iob": 0.028061538439791686, 
  "activity": 0.00011278659611992873
}