{
  "bolusiob": 1.0666205176, 
  "iob": 1.712229377938529, 
  "activity": 0.010453809647266313
}