{
  "bolusiob": 0, 
  "iob": -0.5668764445172767, 
  "activity": -0.003945740564373897
}