{
  "bolusiob": 5.259309799822223, 
  "iob": 5.101693254546055, 
  "activity": 0.02190867724867724
}