{
  "bolusiob": 0, 
  "iob": -0.39022170296605313, 
  "activity": -0.005466906472663135
}