{
  "bolusiob": 0, 
  "iob": -0.12705223288471817, 
  "activity": -0.0032783067901234557
}