{
  "bolusiob": 0.5868015595511109, 
  "iob": 1.8372811895227776, 
  "activity": 0.02368139329805996
}