{
  "bolusiob": 0, 
  "iob": -0.22698572837875003, 
  "activity": -0.0033129717813051135
}