{
  "bolusiob": 0.05122496793333331, 
  "iob": 0.398938501456597, 
  "activity": 0.021840308641975302
}