{
  "bolusiob": 0, 
  "iob": 0.8743901927110803, 
  "activity": 0.00902029098765432
}