{
  "bolusiob": 0, 
  "iob": 0.14394055046012363, 
  "activity": 0.0067239150793650775
}