{
  "bolusiob": 0, 
  "iob": 1.1376933154758333, 
  "activity": 0.013325149911816579
}