{
  "bolusiob": 0, 
  "iob": 0.4311949471822222, 
  "activity": 0.004174955908289242
}