{
  "bolusiob": 0, 
  "iob": 0.6374742353754547, 
  "activity": 0.007974281851851853
}