{
  "bolusiob": 0.009266632759999982, 
  "iob": 0.2849027624494447, 
  "activity": 0.021993544973544978
}