{
  "bolusiob": 0, 
  "iob": -0.005556102016044513, 
  "activity": -0.00405931188712522
}