{
  "bolusiob": 0, 
  "iob": 0.20712669449166665, 
  "activity": 0.005566022927689593
}