{
  "bolusiob": 0, 
  "iob": 0.20984975104544912, 
  "activity": 0.002878571481481481
}