{
  "bolusiob": 0, 
  "iob": 0.781318076054795, 
  "activity": 0.01163266338624338
}