{
  "bolusiob": 0.6663063204933335, 
  "iob": 1.4874787266076746, 
  "activity": 0.014019975679012342
}