{
  "bolusiob": 0, 
  "iob": 0.17845582754372497, 
  "activity": 0.025719439982363305
}