{
  "bolusiob": 0, 
  "iob": -0.27050898787750005, 
  "activity": -0.0031128483245149905
}