{
  "bolusiob": 0, 
  "iob": 0.08192075796388894, 
  "activity": 0.0014613227513227516
}