{
  "bolusiob": 0, 
  "iob": 0.17416654681841667, 
  "activity": -0.0007665255731922395
}