{
  "bolusiob": 0, 
  "iob": -0.05704069703465401, 
  "activity": -0.002652240105820106
}