{
  "bolusiob": 0.06269718975999986, 
  "iob": 1.127478631216667, 
  "activity": 0.022403033509700174
}