{
  "bolusiob": 0.28481841909333333, 
  "iob": 0.6411218954690279, 
  "activity": 0.004844241622574956
}