{
  "bolusiob": 0, 
  "iob": 0.08857124167875001, 
  "activity": 0.00272216049382716
}