{
  "bolusiob": 2.063980954186667, 
  "iob": 3.2980586862322743, 
  "activity": 0.02045007045855379
}