{
  "bolusiob": 0, 
  "iob": 0.11096759780440282, 
  "activity": 0.0018671961375661367
}