{
  "bolusiob": 0.54962690924, 
  "iob": 2.4363679793433577, 
  "activity": 0.035304118130511465
}