{
  "bolusiob": 0, 
  "iob": 0.2601330816901041, 
  "activity": 0.006335890299823631
}