{
  "bolusiob": 1.956571316746667, 
  "iob": 2.447183880537779, 
  "activity": 0.014583104056437386
}