{
  "bolusiob": 0, 
  "iob": -0.4650263355164684, 
  "activity": 0.00301412733686067
}