{
  "bolusiob": 0, 
  "iob": 0.09809490982174993, 
  "activity": 0.00079500881834215
}