{
  "bolusiob": 0, 
  "iob": 0.4784611085524297, 
  "activity": 0.020125114779541445
}