{
  "bolusiob": 0, 
  "iob": 1.0970289336305559, 
  "activity": 0.013753350970017633
}