{
  "bolusiob": 0, 
  "iob": 0.934089921455689, 
  "activity": 0.013965996208112872
}