{
  "bolusiob": 0, 
  "iob": -0.5355963945534168, 
  "activity": -0.006044929453262786
}