{
  "bolusiob": 0, 
  "iob": 0.8914413389730335, 
  "activity": 0.006841463968253967
}