{
  "bolusiob": 0, 
  "iob": -0.07791865680332413, 
  "activity": -0.0015773984126984124
}