{
  "bolusiob": 0, 
  "iob": 0.6418672912212389, 
  "activity": 0.0122676985361552
}