{
  "bolusiob": 0.9765498936888889, 
  "iob": 1.147654174214622, 
  "activity": 0.0018775772310405641
}