{
  "bolusiob": 0, 
  "iob": 0.5514527000031567, 
  "activity": 0.007431366825396825
}