{
  "bolusiob": 0, 
  "iob": -0.408165849112248, 
  "activity": -0.006905655114638448
}