{
  "bolusiob": 0, 
  "iob": 0.009406103414999971, 
  "activity": 0.001192028218694886
}