{
  "bolusiob": 0, 
  "iob": -0.49128205930933305, 
  "activity": -0.002662998324514991
}