{
  "bolusiob": 1.9044357596266668, 
  "iob": 3.249223913425734, 
  "activity": 0.021516831216931213
}