{
  "bolusiob": 0, 
  "iob": 0.5221301451147798, 
  "activity": 0.0071467462962962955
}