{
  "bolusiob": 0, 
  "iob": -0.1974343469674969, 
  "activity": -0.0008811461199294524
}