{
  "bolusiob": 0, 
  "iob": 0.2029431976748518, 
  "activity": 0.023842499470899472
}