{
  "bolusiob": 0, 
  "iob": -0.28792334460140573, 
  "activity": -0.005973671199294531
}