{
  "bolusiob": 0, 
  "iob": 0.713481120627639, 
  "activity": 0.005507654320987655
}