{
  "bolusiob": 0, 
  "iob": 0.15555748602222225, 
  "activity": 0.0010203703703703703
}