{
  "bolusiob": 0, 
  "iob": -0.3677194510290901, 
  "activity": -0.004095441446208112
}