{
  "bolusiob": 0, 
  "iob": 0.2528400703920833, 
  "activity": 0.005537813051146384
}