{
  "bolusiob": 0.2374163348266667, 
  "iob": -0.2329626498456031, 
  "activity": -0.0037714200000000006
}