{
  "bolusiob": 0, 
  "iob": 0.7077649501075003, 
  "activity": 0.0425518253968254
}