{
  "bolusiob": 0.2953495887999998, 
  "iob": 2.1760970640146, 
  "activity": 0.03788148156966489
}