{
  "bolusiob": 0, 
  "iob": -0.11717450707400877, 
  "activity": -0.0015864551499118165
}