{
  "bolusiob": 0, 
  "iob": 0.059439026469999934, 
  "activity": 0.009757231040564373
}