{
  "bolusiob": 0, 
  "iob": -0.19227417342986153, 
  "activity": 0.006318738606701938
}