{
  "bolusiob": 0, 
  "iob": -0.9183978887525648, 
  "activity": -0.0017618783068783085
}