{
  "bolusiob": 0, 
  "iob": 0.5412431807596797, 
  "activity": 0.005712460687830686
}