{
  "bolusiob": 0, 
  "iob": -0.0799768360519445, 
  "activity": -0.0003260405643738985
}