{
  "bolusiob": 0, 
  "iob": 0.2582712332323333, 
  "activity": 0.005592865961199293
}