{
  "bolusiob": 0, 
  "iob": -0.2850796056882118, 
  "activity": 0.00786978835978836
}