{
  "bolusiob": 0.05361117749333334, 
  "iob": 1.5031285448231761, 
  "activity": 0.023129841640211632
}