{
  "bolusiob": 0, 
  "iob": 0.11966749023444447, 
  "activity": 0.004229488536155202
}