{
  "bolusiob": 0.8391332222222223, 
  "iob": 0.8456102974281736, 
  "activity": 0.002097244268077601
}