{
  "bolusiob": 0, 
  "iob": -0.3978705591022076, 
  "activity": -0.005338809312169313
}