{
  "bolusiob": 0, 
  "iob": 1.1140142217477438, 
  "activity": 0.014106825132275128
}