{
  "bolusiob": 0, 
  "iob": 0.3391009097158387, 
  "activity": 0.007069541393298059
}