{
  "bolusiob": 0, 
  "iob": 1.0078650611682225, 
  "activity": 0.014731366843033507
}