{
  "bolusiob": 0, 
  "iob": 0.4044832583274513, 
  "activity": 0.00798156922398589
}