{
  "bolusiob": 0, 
  "iob": 0.05934224203517771, 
  "activity": 0.00189668442680776
}