{
  "bolusiob": 0, 
  "iob": 0.9428993090466669, 
  "activity": 0.010740776014109348
}