{
  "bolusiob": 0, 
  "iob": 0.17018717018333335, 
  "activity": 0.004124797178130512
}