{
  "bolusiob": 0, 
  "iob": 0.018072056727988867, 
  "activity": 0.004251904215167549
}