{
  "bolusiob": 2.64161777424, 
  "iob": 2.8615206779814586, 
  "activity": 0.00808111992945326
}