{
  "bolusiob": 0, 
  "iob": 0.7356760284009325, 
  "activity": 0.008754333862433863
}