{
  "bolusiob": 0, 
  "iob": -0.05496258172183807, 
  "activity": -0.002724999735449735
}