{
  "bolusiob": 0, 
  "iob": 0.22600671588333338, 
  "activity": 0.005455414462081128
}