{
  "bolusiob": 0, 
  "iob": -0.41520826138372935, 
  "activity": -0.006670035185185184
}