{
  "bolusiob": 0, 
  "iob": 0.41796726881111107, 
  "activity": 0.0031801940035273367
}