{
  "bolusiob": 0.02667773597333334, 
  "iob": 0.5995447175027779, 
  "activity": 0.0022180776014109347
}