{
  "bolusiob": 0, 
  "iob": 0.709376738706028, 
  "activity": 0.0088036860670194
}