{
  "bolusiob": 0, 
  "iob": 0.5101277477985984, 
  "activity": 0.006134275802469137
}