{
  "bolusiob": 0, 
  "iob": 0.31263502999186965, 
  "activity": 0.00029294541446208284
}