{
  "bolusiob": 0, 
  "iob": 0.2981959466847562, 
  "activity": 0.0039848850088183415
}