{
  "bolusiob": 0, 
  "iob": 0.9715872159252776, 
  "activity": 0.01034495590828924
}