{
  "bolusiob": 0, 
  "iob": 1.0941743912991666, 
  "activity": 0.013320185185185178
}