{
  "bolusiob": 0, 
  "iob": 0.14654452922196734, 
  "activity": 0.003380714656084655
}