{
  "bolusiob": 0, 
  "iob": 0.18794525143690213, 
  "activity": 0.0009752558553791884
}