{
  "bolusiob": 3.8963811767111114, 
  "iob": 4.801231933724445, 
  "activity": 0.025005326278659604
}