{
  "bolusiob": 0, 
  "iob": 0.7629435116995934, 
  "activity": 0.01038265171075837
}