{
  "bolusiob": 1.6349004447644444, 
  "iob": 1.902640386788455, 
  "activity": 0.00605200176366843
}