{
  "bolusiob": 0, 
  "iob": 0.4921476105147762, 
  "activity": 0.0028865962081128745
}