{
  "bolusiob": 0.2348858465066667, 
  "iob": 0.6203322535790278, 
  "activity": 0.005422760141093474
}