{
  "bolusiob": 0, 
  "iob": 0.4718997211953397, 
  "activity": 0.004888694938271603
}