{
  "bolusiob": 0, 
  "iob": 0.1842634692221136, 
  "activity": -0.004189188888888889
}