{
  "bolusiob": 0, 
  "iob": 0.17262957547351326, 
  "activity": 0.0007447440564373894
}