{
  "bolusiob": 0, 
  "iob": 0.1402442673830977, 
  "activity": 0.0009528043562610229
}