{
  "bolusiob": 0.38096733347555556, 
  "iob": 0.7412603056633487, 
  "activity": 0.009601005273368607
}