{
  "bolusiob": 0, 
  "iob": -0.10302288860200001, 
  "activity": -0.002081945326278659
}