{
  "bolusiob": 0, 
  "iob": -0.05230370208333334, 
  "activity": -8.347442680776028e-05
}