{
  "bolusiob": 0, 
  "iob": 0.41452425187166675, 
  "activity": 0.007628544973544974
}