{
  "bolusiob": 0, 
  "iob": -0.18842753071402776, 
  "activity": -0.001954726631393298
}