{
  "bolusiob": 0, 
  "iob": 0.38870482729175704, 
  "activity": 0.007022917107583774
}