{
  "bolusiob": 0, 
  "iob": 0.838517409307778, 
  "activity": 0.011875608465608466
}