{
  "bolusiob": 0, 
  "iob": 0.2871831054370833, 
  "activity": -0.001413059964726631
}