{
  "bolusiob": 0, 
  "iob": 0.14824270044611118, 
  "activity": 0.007485784832451499
}