{
  "bolusiob": 0, 
  "iob": -0.01722710136713887, 
  "activity": 0.002671031746031746
}