{
  "bolusiob": 0, 
  "iob": -0.1956874519027778, 
  "activity": -0.0022652557319223984
}