{
  "bolusiob": 0.0109994723999999, 
  "iob": 1.6172169222940203, 
  "activity": 0.02969100511463844
}