{
  "bolusiob": 0, 
  "iob": 0.6468173506858707, 
  "activity": 0.008885461463844793
}