{
  "bolusiob": 0, 
  "iob": -0.25083588596058476, 
  "activity": -0.001118007936507937
}