{
  "bolusiob": 0, 
  "iob": -0.6416347503287502, 
  "activity": -0.0047847178130511455
}