{
  "bolusiob": 1.9393870703288891, 
  "iob": 3.3121089186040553, 
  "activity": 0.023356753968253964
}