{
  "bolusiob": 0, 
  "iob": -0.1992669341577778, 
  "activity": -0.00013716049382716047
}