{
  "bolusiob": 0, 
  "iob": 0.5597345604671319, 
  "activity": 0.005864232804232804
}