{
  "bolusiob": 0, 
  "iob": -0.4641298968984723, 
  "activity": -0.005299232804232803
}