{
  "bolusiob": 0, 
  "iob": -0.4012726476868965, 
  "activity": -0.0036032097001763653
}