{
  "bolusiob": 0, 
  "iob": 0.22576790808550776, 
  "activity": 0.004403015996472662
}