{
  "bolusiob": 0, 
  "iob": 0.32469122784811094, 
  "activity": -0.0020621904761904844
}