{
  "bolusiob": 0, 
  "iob": -0.3046171835265418, 
  "activity": -0.003922456437389772
}