{
  "bolusiob": 0, 
  "iob": -0.8242235289496997, 
  "activity": -0.006099258730158729
}