{
  "bolusiob": 0, 
  "iob": 0.60860135639125, 
  "activity": 0.004559056437389771
}