{
  "bolusiob": 1.2629993102400003, 
  "iob": 3.0492349529946665, 
  "activity": 0.026380070546737206
}