{
  "bolusiob": 0, 
  "iob": -0.5859049701800311, 
  "activity": -0.008241657971781304
}