{
  "bolusiob": 0, 
  "iob": 0.2149504057582972, 
  "activity": 0.00590259488536155
}