{
  "bolusiob": 2.5236278913600003, 
  "iob": 2.7998113276869097, 
  "activity": 0.010050886243386244
}