{
  "bolusiob": 0.01017211139999974, 
  "iob": 1.794695295112778, 
  "activity": 0.05467541446208113
}