{
  "bolusiob": 0, 
  "iob": 0.9895189060884668, 
  "activity": 0.009831693474426808
}