{
  "bolusiob": 0, 
  "iob": 0.9504445809189932, 
  "activity": 0.013576199541446208
}