{
  "bolusiob": 0, 
  "iob": -0.20921344111097223, 
  "activity": -0.0035066313932980596
}