{
  "bolusiob": 0, 
  "iob": -0.23229421580900472, 
  "activity": -0.0023652467372134037
}