{
  "bolusiob": 0, 
  "iob": -0.38903331627722226, 
  "activity": -0.0025347442680776016
}