{
  "bolusiob": 0, 
  "iob": 0.5385853143061944, 
  "activity": 0.005605123456790122
}