{
  "bolusiob": 0, 
  "iob": 0.5489120159695144, 
  "activity": 0.00975149042328042
}