{
  "bolusiob": 0, 
  "iob": 0.6388619851020139, 
  "activity": 0.007732195767195768
}