{
  "bolusiob": 0, 
  "iob": 0.07948960167722223, 
  "activity": 0.0015247530864197529
}