{
  "bolusiob": 0.6889322325600001, 
  "iob": 2.3661793316153426, 
  "activity": 0.03518483245149911
}