{
  "bolusiob": 0, 
  "iob": -0.2648948286273141, 
  "activity": -0.001228200881834215
}