{
  "bolusiob": 0.3467642957333332, 
  "iob": 1.3536809017730864, 
  "activity": 0.0322957987654321
}