{
  "bolusiob": 0, 
  "iob": 0.3654950911805393, 
  "activity": 0.0011122605820105826
}