{
  "bolusiob": 0, 
  "iob": 0.8760212238245365, 
  "activity": 0.010570808994708995
}