{
  "bolusiob": 0, 
  "iob": -0.28819826658980674, 
  "activity": -0.0012069596119929458
}