{
  "bolusiob": 0.004300185266666645, 
  "iob": 0.7106140199735893, 
  "activity": 0.013542416137566137
}