{
  "bolusiob": 0.9725822512, 
  "iob": 1.677312758853327, 
  "activity": 0.008372945361552026
}