{
  "bolusiob": 0, 
  "iob": 0.0005588847747222125, 
  "activity": 0.00209089947089947
}