{
  "bolusiob": 0, 
  "iob": -0.10754309705699999, 
  "activity": -0.0021950176366843034
}