{
  "bolusiob": 0, 
  "iob": 0.06644828540945696, 
  "activity": -0.0012000615520282186
}