{
  "bolusiob": 0, 
  "iob": 0.537771822144613, 
  "activity": 0.008143359735449735
}