{
  "bolusiob": 0, 
  "iob": 0.4037344353572222, 
  "activity": 0.0014986419753086418
}