{
  "bolusiob": 0, 
  "iob": 0.8683541081902778, 
  "activity": 0.010735149911816576
}