{
  "bolusiob": 0, 
  "iob": 0.04988185832952811, 
  "activity": 0.007011515590828921
}