{
  "bolusiob": 0.8508522334844446, 
  "iob": 2.0905757093872226, 
  "activity": 0.023839118165784826
}