{
  "bolusiob": 0, 
  "iob": 0.29076185996166676, 
  "activity": 0.004988924162257495
}