{
  "bolusiob": 0.002389613600000118, 
  "iob": 0.7884006407162982, 
  "activity": 0.023758341904761903
}