{
  "bolusiob": 0, 
  "iob": 0.05697340675831065, 
  "activity": -0.0013443649911816572
}