{
  "bolusiob": 0, 
  "iob": -0.0837433898402778, 
  "activity": -0.0007641798941798941
}