{
  "bolusiob": 0, 
  "iob": -0.4802953335982896, 
  "activity": -0.0009007938624338628
}