{
  "bolusiob": 0, 
  "iob": 0.11095147144854106, 
  "activity": 0.014231322574955905
}