{
  "bolusiob": 0.6743259454666667, 
  "iob": 1.3918391663214622, 
  "activity": 0.007429780088183421
}