{
  "bolusiob": 0, 
  "iob": 0.37381704756810774, 
  "activity": 0.0030284435626102297
}