{
  "bolusiob": 0, 
  "iob": -0.5613654798678369, 
  "activity": -0.007888642222222221
}