{
  "bolusiob": 0, 
  "iob": -0.47844849529, 
  "activity": -0.005693880070546736
}