{
  "bolusiob": 0, 
  "iob": -0.5314530596343056, 
  "activity": -0.00391468253968254
}