{
  "bolusiob": 0, 
  "iob": -0.39786503162347225, 
  "activity": -0.001686313932980599
}