{
  "bolusiob": 0, 
  "iob": 0.406538045099223, 
  "activity": 0.0010799380952380949
}