{
  "bolusiob": 0, 
  "iob": 0.6474397073832372, 
  "activity": 0.009138016313932977
}