{
  "bolusiob": 0, 
  "iob": 0.08407664368187501, 
  "activity": -0.0007628306878306874
}