{
  "bolusiob": 0, 
  "iob": 0.24019321568197233, 
  "activity": 0.007277962962962961
}