{
  "bolusiob": 0, 
  "iob": 0.4362593225953334, 
  "activity": 0.01347955026455026
}