{
  "bolusiob": 0, 
  "iob": -0.49170662851459, 
  "activity": -0.0036187917107583793
}