{
  "bolusiob": 0, 
  "iob": 0.055089320001362956, 
  "activity": 0.0026781129629629636
}