{
  "bolusiob": 0, 
  "iob": 0.22227040184274313, 
  "activity": 0.005565211816578482
}