{
  "bolusiob": 0, 
  "iob": -0.33960724769513856, 
  "activity": -0.0038641266313932973
}