{
  "bolusiob": 0, 
  "iob": -0.4032625761686111, 
  "activity": -0.0027139417989417982
}