{
  "bolusiob": 0, 
  "iob": 0.22879343059133114, 
  "activity": 0.0006585628218694888
}