{
  "bolusiob": 0.7757737647333334, 
  "iob": 1.9433179674927081, 
  "activity": 0.02749871225749559
}