{
  "bolusiob": 0, 
  "iob": -0.04389731682055553, 
  "activity": 0.0016266754850088176
}