{
  "bolusiob": 0, 
  "iob": 0.3727304311669225, 
  "activity": 0.002002998941798941
}