{
  "bolusiob": 1.0763005512000001, 
  "iob": 1.6292648345005554, 
  "activity": 0.00712537037037037
}