{
  "bolusiob": 0.0042370328266666535, 
  "iob": 0.794002046140111, 
  "activity": 0.004328562610229276
}