{
  "bolusiob": 0, 
  "iob": 0.7421829534700112, 
  "activity": 0.010327681040564377
}