{
  "bolusiob": 0.87727937024, 
  "iob": 1.392852429492421, 
  "activity": 0.02577980608465608
}