{
  "bolusiob": 0, 
  "iob": 0.7741798612381802, 
  "activity": 0.005864762028218695
}