{
  "bolusiob": 0, 
  "iob": 0.3355838245888107, 
  "activity": 0.006581498765432097
}