{
  "bolusiob": 0, 
  "iob": -0.3119158154150629, 
  "activity": -0.006019559453262786
}