{
  "bolusiob": 0.0009645265999999597, 
  "iob": 0.39591708133912806, 
  "activity": 0.011719223897707229
}