{
  "bolusiob": 0, 
  "iob": -0.03722544056111098, 
  "activity": 0.008932328148148146
}