{
  "bolusiob": 0, 
  "iob": 0.27325923421578474, 
  "activity": 0.004800273104056438
}