{
  "bolusiob": 0.48994589044000003, 
  "iob": 1.0207573840536805, 
  "activity": 0.009415881834215167
}