{
  "bolusiob": 0, 
  "iob": -0.16225650589536805, 
  "activity": -0.001261358024691358
}