{
  "bolusiob": 0, 
  "iob": 0.3667375884552083, 
  "activity": 0.005668518888888887
}