{
  "bolusiob": 0, 
  "iob": 0.8137546536122321, 
  "activity": 0.010458810017636681
}