{
  "bolusiob": 0, 
  "iob": 0.9825239960637971, 
  "activity": 0.01615804253968254
}