{
  "bolusiob": 0.36373823562666674, 
  "iob": 0.7297785023911111, 
  "activity": 0.005139506172839506
}