{
  "bolusiob": 0, 
  "iob": -0.065632645685, 
  "activity": 0.0028014373897707226
}