{
  "bolusiob": 0, 
  "iob": -0.06008445413762255, 
  "activity": 0.001852389506172839
}