{
  "bolusiob": 0, 
  "iob": 0.17085867435333327, 
  "activity": 0.0005961199294532595
}