{
  "bolusiob": -1.7366760000048218e-05, 
  "iob": 0.418119806908617, 
  "activity": 0.0047655025573192225
}