{
  "bolusiob": 1.828561167928889, 
  "iob": 1.825830016657578, 
  "activity": 0.006477158289241622
}