{
  "bolusiob": 0, 
  "iob": 0.3755735027040568, 
  "activity": 0.0032781687830687827
}