{
  "bolusiob": 0.21933020117333302, 
  "iob": 1.7438573759714437, 
  "activity": 0.033956640211640216
}