{
  "bolusiob": 0, 
  "iob": -0.4597539392647476, 
  "activity": -0.0064613933333333325
}