{
  "bolusiob": 0, 
  "iob": 0.7892040362107193, 
  "activity": 0.032119452892416224
}