{
  "bolusiob": 0, 
  "iob": -0.18088978007732856, 
  "activity": 0.007088967883597882
}