{
  "bolusiob": 0, 
  "iob": 0.5332154162227778, 
  "activity": 0.009665873015873017
}