{
  "bolusiob": 0, 
  "iob": -0.001049572855933975, 
  "activity": 0.0006953836860670206
}