{
  "bolusiob": 0, 
  "iob": 0.08809279810861095, 
  "activity": 0.01930818342151674
}