{
  "bolusiob": 0, 
  "iob": -0.0756073961817953, 
  "activity": 0.006327688888888887
}