{
  "bolusiob": 0, 
  "iob": -0.2571754787051389, 
  "activity": -0.00027888888888888934
}