{
  "bolusiob": 0, 
  "iob": 0.7833362667542177, 
  "activity": 0.010036701851851853
}