{
  "bolusiob": 0, 
  "iob": -0.3282379741983028, 
  "activity": -0.0038965259082892416
}