{
  "bolusiob": 0, 
  "iob": 0.0001700118066666534, 
  "activity": 8.4832451499118e-05
}