{
  "bolusiob": 0, 
  "iob": -0.09500144077627312, 
  "activity": 0.001957689329805996
}