{
  "bolusiob": 0, 
  "iob": 0.6834881711380651, 
  "activity": 0.011427469576719569
}