{
  "bolusiob": 0, 
  "iob": 0.2648323420953931, 
  "activity": -0.00041075837742504315
}