{
  "bolusiob": 0, 
  "iob": -0.13606157098694446, 
  "activity": -0.005011128747795413
}