{
  "bolusiob": 0, 
  "iob": 0.41212000512811775, 
  "activity": 0.003285397054673721
}