{
  "bolusiob": 0.20655229248000004, 
  "iob": 1.468424406015334, 
  "activity": 0.013790111763668437
}