{
  "bolusiob": 0.2289761008, 
  "iob": 0.7591924849069441, 
  "activity": 0.009833156966490288
}