{
  "bolusiob": 0.00014351899999994754, 
  "iob": 0.8450761597209712, 
  "activity": 0.01132566276895944
}