{
  "bolusiob": 0.8420013604800001, 
  "iob": 1.07867593812, 
  "activity": 0.006949523809523808
}