{
  "bolusiob": 0, 
  "iob": -0.46598069407748366, 
  "activity": -0.006940714109347442
}