{
  "bolusiob": 0, 
  "iob": 0.8112372668877776, 
  "activity": 0.009498641975308638
}