{
  "bolusiob": 0, 
  "iob": -0.3501496332748037, 
  "activity": -0.004824082804232803
}