{
  "bolusiob": 0, 
  "iob": -0.46437510611756927, 
  "activity": -0.002590467372134045
}