{
  "bolusiob": 0, 
  "iob": 0.11067373224777774, 
  "activity": 0.004357566137566136
}