{
  "bolusiob": 0, 
  "iob": -0.028282149353888956, 
  "activity": 0.0016372839506172835
}