{
  "bolusiob": 0, 
  "iob": 1.062190738333333, 
  "activity": 0.018237336860670188
}