{
  "bolusiob": 0, 
  "iob": 0.6829737822375148, 
  "activity": 0.008753042486772486
}