{
  "bolusiob": 0, 
  "iob": 0.10382343942396705, 
  "activity": -0.0005781482363315699
}