{
  "bolusiob": 0, 
  "iob": 0.012780824022217883, 
  "activity": 0.005724075308641977
}