{
  "bolusiob": 0.020445262199999925, 
  "iob": 0.9557485471727778, 
  "activity": 0.01821410052910053
}