{
  "bolusiob": 0, 
  "iob": 0.7765532641281252, 
  "activity": 0.00981956860670193
}