{
  "bolusiob": 0, 
  "iob": -0.6793146380331945, 
  "activity": -0.004925
}