{
  "bolusiob": 0, 
  "iob": -0.1613712207926817, 
  "activity": 0.001385031375661375
}