{
  "bolusiob": 0, 
  "iob": 0.5332617845691213, 
  "activity": 0.007229179947089943
}