{
  "bolusiob": 0, 
  "iob": 0.9706767180870942, 
  "activity": 0.01149429467372134
}