{
  "bolusiob": 0, 
  "iob": 0.7155865168308333, 
  "activity": 0.007616966490299823
}