{
  "bolusiob": 0, 
  "iob": -0.08683442931942169, 
  "activity": -0.0003855342151675486
}