{
  "bolusiob": 0, 
  "iob": 0.1094496662088889, 
  "activity": 0.0011035978835978834
}