{
  "bolusiob": 0, 
  "iob": 0.6112761491683844, 
  "activity": 0.006813412821869486
}