{
  "bolusiob": 0.05122629479999996, 
  "iob": 0.45456376071875, 
  "activity": 0.00810679894179894
}