{
  "bolusiob": 0, 
  "iob": 0.14900803208263888, 
  "activity": 0.002982892416225748
}