{
  "bolusiob": 0, 
  "iob": 0.9201411941433214, 
  "activity": 0.03760253977072311
}