{
  "bolusiob": 0, 
  "iob": -0.4818058977109513, 
  "activity": 0.002186383897707229
}