{
  "bolusiob": 0, 
  "iob": 0.83403103939888, 
  "activity": 0.010754373932980595
}