{
  "bolusiob": 0, 
  "iob": 0.9668826267211111, 
  "activity": 0.009295291005291004
}