{
  "bolusiob": 0, 
  "iob": -0.12224873470125001, 
  "activity": -0.0031653439153439145
}