{
  "bolusiob": 0.00026062015999995803, 
  "iob": -0.5422613075922523, 
  "activity": 0.007266137213403876
}