{
  "bolusiob": 0, 
  "iob": 0.1277934378735417, 
  "activity": 0.0046740652557319224
}