{
  "bolusiob": 0.629704864426667, 
  "iob": 2.248676599891201, 
  "activity": 0.028812028112874772
}