{
  "bolusiob": 0.37720612522666674, 
  "iob": 0.6705124833156945, 
  "activity": 0.0038823897707231042
}