{
  "bolusiob": 1.7972277782400001, 
  "iob": 2.9600710228276026, 
  "activity": 0.02406696682539683
}