{
  "bolusiob": 0, 
  "iob": -0.6352325985075877, 
  "activity": -0.004516357848324513
}