{
  "bolusiob": 0.117299571, 
  "iob": -0.052423951304431456, 
  "activity": -0.002311772222222223
}