{
  "bolusiob": 0, 
  "iob": 0.11563209300166669, 
  "activity": 0.0036568959435626085
}