{
  "bolusiob": 0, 
  "iob": 0.3687753668269447, 
  "activity": 0.007648271604938269
}