{
  "bolusiob": 0, 
  "iob": 0.6508014757170539, 
  "activity": 0.003060026719576719
}