{
  "bolusiob": 1.4194878805333333, 
  "iob": 1.0658099514216666, 
  "activity": 0.0018116931216931214
}