{
  "bolusiob": 0, 
  "iob": 0.8992887881573723, 
  "activity": 0.009254806102292767
}