{
  "bolusiob": 0.6845838633777779, 
  "iob": 1.2276923036326526, 
  "activity": 0.021549920634920627
}