{
  "bolusiob": 0, 
  "iob": 0.5216313596873556, 
  "activity": 0.007751114532627865
}