{
  "bolusiob": 0.09829964117333351, 
  "iob": 1.7296089593573356, 
  "activity": 0.03797225758377424
}