{
  "bolusiob": 0, 
  "iob": 0.8510146227969445, 
  "activity": 0.010674761904761906
}