{
  "bolusiob": 0, 
  "iob": 0.44372057237890145, 
  "activity": 0.004791551763668431
}