{
  "bolusiob": 0, 
  "iob": 0.20226785227374802, 
  "activity": -0.0026796378306878305
}