{
  "bolusiob": 0, 
  "iob": 0.09925508188277778, 
  "activity": 0.001487927689594356
}