{
  "bolusiob": 0, 
  "iob": -0.5121219240398092, 
  "activity": -0.003581666490299824
}