{
  "bolusiob": 0, 
  "iob": 0.3666642407572185, 
  "activity": 0.00957263686067019
}