{
  "bolusiob": 0, 
  "iob": -0.19075088091291667, 
  "activity": -0.000888068783068783
}