{
  "bolusiob": 0, 
  "iob": 0.4576302119427778, 
  "activity": 0.00912012345679012
}