{
  "bolusiob": 0, 
  "iob": 0.5726967174541789, 
  "activity": 0.00696626058201058
}