{
  "bolusiob": 0.0993188827466667, 
  "iob": 0.8359142589877119, 
  "activity": 0.006904277160493827
}