{
  "bolusiob": 0, 
  "iob": -0.40842136730428313, 
  "activity": -0.003336543033509706
}