{
  "bolusiob": 1.253990764, 
  "iob": 2.3108189409160516, 
  "activity": 0.031062239947089943
}