{
  "bolusiob": 0, 
  "iob": 0.18851127452819444, 
  "activity": 0.0029488095238095237
}