{
  "bolusiob": 0, 
  "iob": 0.3268762940674162, 
  "activity": 0.009812390141093474
}