{
  "bolusiob": 0, 
  "iob": 0.5757966838390781, 
  "activity": 0.005519657495590828
}