{
  "bolusiob": 0, 
  "iob": -0.25542796461952777, 
  "activity": -0.0017336596119929448
}