{
  "bolusiob": 0, 
  "iob": 0.19323690750108335, 
  "activity": 0.003691860670194002
}