{
  "bolusiob": 0, 
  "iob": -0.0012332749300567741, 
  "activity": -0.001780890388007054
}