{
  "bolusiob": 0, 
  "iob": -0.08749477436425532, 
  "activity": 0.0023095940917107582
}