{
  "bolusiob": 0, 
  "iob": -0.2511499874814893, 
  "activity": -0.0035228570546737216
}