{
  "bolusiob": 0, 
  "iob": 0.8227136628383334, 
  "activity": 0.014425784832451495
}