{
  "bolusiob": 0, 
  "iob": 0.748295825886048, 
  "activity": 0.00874871225749559
}