{
  "bolusiob": 0, 
  "iob": -0.6211455579864306, 
  "activity": -0.00413083774250441
}