{
  "bolusiob": 0, 
  "iob": 0.2833735703305, 
  "activity": 0.0033521692416225743
}