{
  "bolusiob": 0, 
  "iob": -0.30393272310649927, 
  "activity": -0.0009907350088183425
}