{
  "bolusiob": 0, 
  "iob": -0.06749332060107643, 
  "activity": -0.0014454938271604946
}