{
  "bolusiob": 0, 
  "iob": -2.3049074031521177e-05, 
  "activity": -0.0003447706349206345
}