{
  "bolusiob": 0, 
  "iob": 0.1335216572571866, 
  "activity": 0.0009797002998236332
}