{
  "bolusiob": 0, 
  "iob": -0.08323496720725551, 
  "activity": -0.0002525309876543213
}