{
  "bolusiob": 2.128230621048889, 
  "iob": 2.554865738516235, 
  "activity": 0.01983432989417989
}