{
  "bolusiob": 0, 
  "iob": -0.43216332105040284, 
  "activity": -0.0067873721340388
}