{
  "bolusiob": 0, 
  "iob": 0.22090586021129582, 
  "activity": 0.0031287475308641967
}