{
  "bolusiob": 2.81832481996, 
  "iob": 3.3182540255514725, 
  "activity": 0.01466493807760141
}