{
  "bolusiob": 0, 
  "iob": 0.07502109406694446, 
  "activity": -0.00010712522045855345
}