{
  "bolusiob": 0, 
  "iob": 0.3297157836093473, 
  "activity": 0.0047324783245149896
}