{
  "bolusiob": 0, 
  "iob": 0.46897665787461074, 
  "activity": 0.00486572319223986
}