{
  "bolusiob": 0, 
  "iob": 0.8586837992755557, 
  "activity": 0.010833615520282185
}