{
  "bolusiob": 0, 
  "iob": 0.5476143278850835, 
  "activity": 0.005518421516754849
}