{
  "bolusiob": 0, 
  "iob": -0.06979012963437747, 
  "activity": -0.0025464813051146377
}