{
  "bolusiob": 0, 
  "iob": -0.034599841929479444, 
  "activity": -0.004176745679012345
}