{
  "bolusiob": 0, 
  "iob": -0.587991112306514, 
  "activity": -0.0067204056437389775
}