{
  "bolusiob": 0, 
  "iob": 0.5596048714188231, 
  "activity": 0.004774233421516756
}