{
  "bolusiob": 0, 
  "iob": 0.07554864188910364, 
  "activity": -0.0005195765432098762
}