{
  "bolusiob": 0, 
  "iob": -0.13107822705516933, 
  "activity": -0.0015645139682539686
}