{
  "bolusiob": 0, 
  "iob": -0.5344829438128611, 
  "activity": -0.0066873280423280414
}