{
  "bolusiob": 0, 
  "iob": 0.22186534931452773, 
  "activity": -0.001113562610229277
}