{
  "bolusiob": 0, 
  "iob": 0.8723515623182302, 
  "activity": 0.010529806102292765
}