{
  "bolusiob": 0, 
  "iob": -0.40035868452167855, 
  "activity": -0.0064212347442680765
}