{
  "bolusiob": 0.48318010065333317, 
  "iob": 1.9749204953872224, 
  "activity": 0.03144185185185184
}