{
  "bolusiob": 0, 
  "iob": 0.6601259886857284, 
  "activity": 0.003744082980599646
}