{
  "bolusiob": 0, 
  "iob": 0.5502747801358128, 
  "activity": 0.0016681921516754825
}