{
  "bolusiob": 0, 
  "iob": 0.293622665134597, 
  "activity": 0.0028379807760141092
}