{
  "bolusiob": 0, 
  "iob": -0.17062823754333334, 
  "activity": -0.00143716049382716
}