{
  "bolusiob": 0.3722971961066666, 
  "iob": 0.8959477156270107, 
  "activity": 0.00838615474426808
}