{
  "bolusiob": 0, 
  "iob": 0.04175295184924707, 
  "activity": 0.01841026416225749
}