{
  "bolusiob": 0, 
  "iob": 0.24325051056078822, 
  "activity": 0.005211816137566136
}