{
  "bolusiob": 1.2761932301777776, 
  "iob": 2.4199353051274732, 
  "activity": 0.026581393033509693
}