{
  "bolusiob": 0, 
  "iob": 1.1675859275509723, 
  "activity": 0.01230616402116402
}