{
  "bolusiob": 1.05597433136, 
  "iob": 1.7008082507308326, 
  "activity": 0.027786031834215155
}