{
  "bolusiob": 0.5361054938977778, 
  "iob": 1.340299631726301, 
  "activity": 0.008616755114638448
}