{
  "bolusiob": 0, 
  "iob": -0.030333959535333334, 
  "activity": -0.0016834303350970014
}