{
  "bolusiob": 0.4018449163733334, 
  "iob": 0.5775873928406944, 
  "activity": 0.005162001763668427
}