{
  "bolusiob": 0.5949105310666667, 
  "iob": 1.3674803188130225, 
  "activity": 0.008340344462081125
}