{
  "bolusiob": 0.7756140195555556, 
  "iob": 1.3007953135880554, 
  "activity": 0.010351975308641976
}