{
  "bolusiob": 0, 
  "iob": -0.3460468968243056, 
  "activity": -0.0027345061728395056
}