{
  "bolusiob": 0, 
  "iob": 0.7094332113425441, 
  "activity": 0.009183741287477952
}