{
  "bolusiob": 0, 
  "iob": -0.2986341351216271, 
  "activity": 0.0015165932980599638
}