{
  "bolusiob": 0, 
  "iob": 0.02612313326854168, 
  "activity": -0.0013819488536155197
}