{
  "bolusiob": 0.6235110355555555, 
  "iob": 1.0916050246316666, 
  "activity": 0.007009074074074072
}