{
  "bolusiob": 0, 
  "iob": 0.46944250066527776, 
  "activity": 0.007482363315696649
}