{
  "bolusiob": 0, 
  "iob": 0.08392573254806907, 
  "activity": 0.003812848201058201
}