{
  "bolusiob": 0.11057435733333337, 
  "iob": 0.44566582296947227, 
  "activity": 0.003982407583774251
}