{
  "bolusiob": 0, 
  "iob": -0.25474820430185335, 
  "activity": -0.0014621667724867725
}