{
  "bolusiob": 0.30911677955999994, 
  "iob": 2.093504285126085, 
  "activity": 0.0414187976190476
}