{
  "bolusiob": 0, 
  "iob": -0.08052950673055553, 
  "activity": -0.004371022927689594
}