{
  "bolusiob": 0, 
  "iob": 7.958875962340573e-05, 
  "activity": 6.724611992945306e-05
}