{
  "bolusiob": 0.4453230580266668, 
  "iob": 1.962813245243889, 
  "activity": 0.028287460317460315
}