{
  "bolusiob": 0, 
  "iob": 0.6552473368924305, 
  "activity": 0.007494426807760139
}