{
  "bolusiob": 0.01820933166666666, 
  "iob": 0.2289343938849308, 
  "activity": 0.018413694885361553
}