{
  "bolusiob": 0, 
  "iob": -0.3774982044731111, 
  "activity": -0.004832416225749559
}