{
  "bolusiob": 0, 
  "iob": 0.3851776926633905, 
  "activity": 0.02752465571428572
}