{
  "bolusiob": 0, 
  "iob": 1.2518050709002366, 
  "activity": 0.013799737795414461
}