{
  "bolusiob": 0.47934741829333327, 
  "iob": 2.0021685319494864, 
  "activity": 0.0286504671781305
}