{
  "bolusiob": 0, 
  "iob": -0.2267779183966667, 
  "activity": -0.0021633686067019397
}