{
  "bolusiob": 3.030794695111111, 
  "iob": 3.3159569878695905, 
  "activity": 0.014617158730158727
}