{
  "bolusiob": 0, 
  "iob": -0.37324200282399045, 
  "activity": -0.005284885273368607
}