{
  "bolusiob": 0, 
  "iob": -0.280030762027226, 
  "activity": -0.0027694972663139324
}