{
  "bolusiob": 0, 
  "iob": 0.42670341873189116, 
  "activity": 0.0029312347971781304
}