{
  "bolusiob": 0, 
  "iob": 0.4236121734345029, 
  "activity": 0.003475379559082892
}