{
  "bolusiob": 0, 
  "iob": -0.29668922458789027, 
  "activity": -0.0015586328924162252
}