{
  "bolusiob": 0, 
  "iob": -0.31046447548687844, 
  "activity": -0.0009684218871252205
}