{
  "bolusiob": 0.6148467438399999, 
  "iob": 0.6899601617866666, 
  "activity": 0.002904303350970017
}