{
  "bolusiob": 0, 
  "iob": -0.14859909010427777, 
  "activity": -0.005078298059964725
}