{
  "bolusiob": 0, 
  "iob": -0.853880869578873, 
  "activity": -0.007862010405643736
}