{
  "bolusiob": 0, 
  "iob": 0.10066121294638891, 
  "activity": 0.0004595326278659613
}