{
  "bolusiob": 0, 
  "iob": 0.06871905697967104, 
  "activity": 0.0020910583245149906
}