{
  "bolusiob": 0, 
  "iob": -0.1590301032970833, 
  "activity": 7.61640211640212e-05
}