{
  "bolusiob": 0.1275352946666667, 
  "iob": 0.6177182488980465, 
  "activity": 0.00812804188712522
}