{
  "bolusiob": 0, 
  "iob": 0.0619627586988889, 
  "activity": -0.0007566843033509701
}