{
  "bolusiob": 0.7086133987555556, 
  "iob": 1.1125731941894796, 
  "activity": 0.01772536155202822
}