{
  "bolusiob": 0.29951299317333335, 
  "iob": 0.9655150191671161, 
  "activity": 0.019766217054673713
}