{
  "bolusiob": 0, 
  "iob": 0.16000274839611112, 
  "activity": 0.0011729717813051144
}