{
  "bolusiob": 0, 
  "iob": -0.2863285452876389, 
  "activity": -0.001992601410934744
}