{
  "bolusiob": 0.5727301987333333, 
  "iob": 1.6747752850929825, 
  "activity": 0.027885026190476187
}