{
  "bolusiob": 0, 
  "iob": -0.1838637211340972, 
  "activity": 0.0001800881834215173
}