{
  "bolusiob": 0, 
  "iob": -0.4419332657059836, 
  "activity": -0.007075705291005291
}