{
  "bolusiob": 0, 
  "iob": 0.3303475716060833, 
  "activity": 0.002736366843033509
}