{
  "bolusiob": 0, 
  "iob": -0.022234951651874904, 
  "activity": 0.012783500881834216
}