{
  "bolusiob": 0, 
  "iob": -0.3048977100941667, 
  "activity": -0.002025485008818342
}