{
  "bolusiob": 0, 
  "iob": -0.24230392767089343, 
  "activity": -0.0001657499118165784
}