{
  "bolusiob": 0, 
  "iob": 0.03773643494644448, 
  "activity": 0.0040247354497354474
}