{
  "bolusiob": 0, 
  "iob": 0.760082923406579, 
  "activity": 0.0062165618694885365
}