{
  "bolusiob": 0, 
  "iob": 0.20067813438153378, 
  "activity": 0.006642292680776013
}