{
  "bolusiob": 0, 
  "iob": 0.2820434885202351, 
  "activity": 0.004782274902998236
}