{
  "bolusiob": 0, 
  "iob": -0.03867931837906581, 
  "activity": -0.0020558727513227504
}