{
  "bolusiob": 0, 
  "iob": 0.06505081993999998, 
  "activity": 0.007239153439153434
}