{
  "bolusiob": 0, 
  "iob": 0.47933573740431035, 
  "activity": 0.02721649038800705
}