{
  "bolusiob": 0, 
  "iob": -0.24635385432145834, 
  "activity": -0.003481455026455026
}