{
  "bolusiob": 0.37491977152, 
  "iob": 0.3760881020448775, 
  "activity": 0.0015207937389770726
}