{
  "bolusiob": 0, 
  "iob": 0.7280549213337214, 
  "activity": 0.015082231269841265
}