{
  "bolusiob": 0, 
  "iob": -0.31070871591218974, 
  "activity": 0.011107283456790122
}