{
  "bolusiob": 0, 
  "iob": 0.977890092063594, 
  "activity": 0.013757931834215162
}