{
  "bolusiob": 0, 
  "iob": 0.43776447475067176, 
  "activity": 0.003197954514991181
}