{
  "bolusiob": 0, 
  "iob": 0.2633480980985278, 
  "activity": 0.003746798941798942
}