{
  "bolusiob": 0.3069523746000001, 
  "iob": 0.8309130178854309, 
  "activity": 0.019700802469135803
}