{
  "bolusiob": 0, 
  "iob": -0.18120689058222228, 
  "activity": -0.007118589065255731
}