{
  "bolusiob": 0, 
  "iob": -0.3195073992416449, 
  "activity": -0.0048365695767195755
}