{
  "bolusiob": 0, 
  "iob": 0.3357887612186665, 
  "activity": 0.014529777777777772
}