{
  "bolusiob": 0.26428149557333336, 
  "iob": 0.9278758843868489, 
  "activity": 0.01922865091710758
}