{
  "bolusiob": 0, 
  "iob": -0.07353809590666675, 
  "activity": -0.0019414462081128753
}