{
  "bolusiob": 0, 
  "iob": 0.5521716770988687, 
  "activity": 0.005507918941798941
}