{
  "bolusiob": 1.8990922914488886, 
  "iob": 1.841979535156719, 
  "activity": 0.005931335978835978
}