{
  "bolusiob": 0.3152302906666667, 
  "iob": 0.6519341154156946, 
  "activity": 0.0045123897707231055
}