{
  "bolusiob": 0, 
  "iob": 0.040417352248675445, 
  "activity": -0.006186040299823632
}