{
  "bolusiob": 0, 
  "iob": -0.13427398239083332, 
  "activity": 0.0009163051146384481
}