{
  "bolusiob": 0, 
  "iob": 0.5928423434224169, 
  "activity": 0.008592319223985888
}