{
  "bolusiob": 0, 
  "iob": 0.3752086930544445, 
  "activity": 0.01206966490299823
}