{
  "bolusiob": 0, 
  "iob": 0.4406835085901042, 
  "activity": -0.003290070546737213
}