{
  "bolusiob": 0, 
  "iob": 0.38547015130864215, 
  "activity": 0.009797222469135801
}