{
  "bolusiob": 2.1492650482488886, 
  "iob": 1.9689764890596655, 
  "activity": 0.0031436331569664896
}