{
  "bolusiob": 0, 
  "iob": 0.6883960852694337, 
  "activity": 0.00530150828924162
}