{
  "bolusiob": 0, 
  "iob": 0.40099822905479166, 
  "activity": 0.01667891534391534
}