{
  "bolusiob": 0, 
  "iob": 0.9027715295881945, 
  "activity": 0.009142742504409175
}