{
  "bolusiob": 2.938745115893333, 
  "iob": 3.9510962172443294, 
  "activity": 0.01921076723104056
}