{
  "bolusiob": 0, 
  "iob": 0.06775182473666663, 
  "activity": 0.011163227513227509
}