{
  "bolusiob": 0, 
  "iob": 0.8758802486120169, 
  "activity": 0.010665855379188712
}