{
  "bolusiob": 0, 
  "iob": -0.954187708909619, 
  "activity": -0.006661592186948852
}