{
  "bolusiob": 1.1301819135822222, 
  "iob": 1.9161590634449996, 
  "activity": 0.028787037125220447
}