{
  "bolusiob": 0, 
  "iob": 0.1456331707947222, 
  "activity": 0.0010365432098765432
}