{
  "bolusiob": 1.1716465220266665, 
  "iob": 0.6447472541019721, 
  "activity": -0.002279153439153439
}