{
  "bolusiob": 0, 
  "iob": 0.40794560617930564, 
  "activity": 0.007824391534391533
}