{
  "bolusiob": 0, 
  "iob": 0.3464253114502114, 
  "activity": 0.0035259168430335094
}