{
  "bolusiob": 0, 
  "iob": 0.04407055336444449, 
  "activity": 0.005910917107583773
}