{
  "bolusiob": 0, 
  "iob": 0.32175062233811624, 
  "activity": 0.004669876913580246
}