{
  "bolusiob": 0, 
  "iob": -0.34539577244054365, 
  "activity": -0.0056873543209876535
}