{
  "bolusiob": 0, 
  "iob": -0.6222072896924444, 
  "activity": -0.004845864197530865
}