{
  "bolusiob": 0, 
  "iob": -0.23621208323335058, 
  "activity": -0.004368307213403881
}