{
  "bolusiob": 0, 
  "iob": 0.2815559567299883, 
  "activity": 0.02192405663139328
}