{
  "bolusiob": 0, 
  "iob": -0.02775948624549561, 
  "activity": 0.0024138887654320852
}