{
  "bolusiob": 0, 
  "iob": 0.2640943712865278, 
  "activity": 0.002612892416225749
}