{
  "bolusiob": 0, 
  "iob": -0.11238433467574294, 
  "activity": -0.0026295064197530867
}