{
  "bolusiob": 0.13281168629333334, 
  "iob": 0.40151964169291676, 
  "activity": 0.00664094356261023
}