{
  "bolusiob": 0, 
  "iob": 0.04029991590791668, 
  "activity": 0.003244638447971781
}