{
  "bolusiob": 1.2086410141333332, 
  "iob": 1.8172791043820493, 
  "activity": 0.016069065167548496
}