{
  "bolusiob": 0, 
  "iob": -0.4090479680902102, 
  "activity": -0.005320811446208111
}