{
  "bolusiob": 0, 
  "iob": 0.0005600357226388519, 
  "activity": -0.0009774426807760144
}