{
  "bolusiob": 0, 
  "iob": 0.3333797453636405, 
  "activity": 0.005616157654320986
}