{
  "bolusiob": 0, 
  "iob": 0.10170292399499994, 
  "activity": 0.004167566137566136
}