{
  "bolusiob": 0, 
  "iob": 1.218217090863778, 
  "activity": 0.011228024691358023
}