{
  "bolusiob": 0, 
  "iob": 0.3840817827933634, 
  "activity": 0.0038799472663139283
}