{
  "bolusiob": 0, 
  "iob": 0.12164351562107173, 
  "activity": 0.0032963054850088176
}