{
  "bolusiob": 0, 
  "iob": 0.1200151144513858, 
  "activity": 0.0009756788712522032
}