{
  "bolusiob": 0.2442949355866663, 
  "iob": 1.7490029635308209, 
  "activity": 0.033099224250440915
}