{
  "bolusiob": 0, 
  "iob": 0.09088619793570883, 
  "activity": -0.0019523715696649025
}