{
  "bolusiob": 0, 
  "iob": 0.6220996720427981, 
  "activity": 0.003110299735449736
}