{
  "bolusiob": 3.2165532070933334, 
  "iob": 4.029119261649285, 
  "activity": 0.01681267199294532
}