{
  "bolusiob": 0.6941799808000001, 
  "iob": 1.5045103799919999, 
  "activity": 0.016451693121693117
}