{
  "bolusiob": 0.0004483651200000383, 
  "iob": 1.6622303971393357, 
  "activity": 0.03107731552028218
}