{
  "bolusiob": 0, 
  "iob": 1.2281490006321112, 
  "activity": 0.013463188712522042
}