{
  "bolusiob": 0, 
  "iob": 0.03437719054666255, 
  "activity": 0.002482081164021163
}