{
  "bolusiob": 0.0051910625066666, 
  "iob": 1.4158271264933333, 
  "activity": 0.03827024691358024
}