{
  "bolusiob": 0, 
  "iob": 0.7063739079260056, 
  "activity": 0.0036099374779541443
}