{
  "bolusiob": 0, 
  "iob": 0.660736871320426, 
  "activity": 0.03079278622574954
}