{
  "bolusiob": 0, 
  "iob": 1.1432568218097225, 
  "activity": 0.012872636684303353
}