{
  "bolusiob": 0, 
  "iob": 0.4848782626888889, 
  "activity": 0.005812927689594355
}