{
  "bolusiob": 0, 
  "iob": -0.1389313394875904, 
  "activity": -0.0052803261904761905
}