{
  "bolusiob": 0, 
  "iob": -0.46612003745777797, 
  "activity": -0.0015266754850088182
}