{
  "bolusiob": 0.8090967065600001, 
  "iob": 1.150839796021069, 
  "activity": 0.011649466402116398
}