{
  "bolusiob": 0, 
  "iob": -0.16228928553888888, 
  "activity": -0.00015283068783068787
}