{
  "bolusiob": 0.02271398016000001, 
  "iob": 1.4321078613382558, 
  "activity": 0.022399206719576712
}