{
  "bolusiob": 0, 
  "iob": 0.9482596376591931, 
  "activity": 0.010129964638447972
}