{
  "bolusiob": 1.4812350421333336, 
  "iob": 1.2535359993106998, 
  "activity": 0.00783057250440917
}