{
  "bolusiob": 0, 
  "iob": 1.2208399228793334, 
  "activity": 0.014054758377425041
}