{
  "bolusiob": 0, 
  "iob": 0.743880648003537, 
  "activity": 0.0056799827160493805
}