{
  "bolusiob": 0, 
  "iob": 0.15032483438631075, 
  "activity": -0.0005584655202821862
}