{
  "bolusiob": 0, 
  "iob": -0.058608256710745314, 
  "activity": 0.0006907933862433858
}