{
  "bolusiob": 0, 
  "iob": 0.735527980975625, 
  "activity": 0.006180476190476191
}