{
  "bolusiob": 0, 
  "iob": 0.12056784319690698, 
  "activity": 0.00703052054673721
}