{
  "bolusiob": 0.30554000000000003, 
  "iob": 0.6218741061677778, 
  "activity": 0.0016540035273368604
}