{
  "bolusiob": 0, 
  "iob": -0.18585116820380557, 
  "activity": 0.00034046737213403925
}