{
  "bolusiob": 0, 
  "iob": 1.0131124006231946, 
  "activity": 0.01042468253968254
}