{
  "bolusiob": 0, 
  "iob": 0.06373244038519225, 
  "activity": 0.0025456062081128735
}