{
  "bolusiob": 0, 
  "iob": 0.861128582888302, 
  "activity": 0.0077038803174603165
}