{
  "bolusiob": 0, 
  "iob": 0.7655662530290451, 
  "activity": 0.004311320388007054
}