{
  "bolusiob": 0, 
  "iob": 0.2200333984053103, 
  "activity": 0.0011701148148148149
}