{
  "bolusiob": 0, 
  "iob": -0.01342070379083335, 
  "activity": -0.0005648853615520282
}