{
  "bolusiob": 0, 
  "iob": -0.5817519760346668, 
  "activity": -0.004729356261022926
}