{
  "bolusiob": 0, 
  "iob": 0.08582182919944446, 
  "activity": 0.002380934744268077
}