{
  "bolusiob": 1.24486612056, 
  "iob": 2.9273385593192023, 
  "activity": 0.029715308800705463
}