{
  "bolusiob": 0, 
  "iob": -0.40073446606644436, 
  "activity": -0.002763827283950617
}