{
  "bolusiob": 0, 
  "iob": 0.3362988521586879, 
  "activity": 0.007048757513227512
}