{
  "bolusiob": 0, 
  "iob": -0.30405378971097224, 
  "activity": -0.0005738359788359785
}