{
  "bolusiob": 0, 
  "iob": 0.3760830197977104, 
  "activity": 0.003647830246913579
}