{
  "bolusiob": 0, 
  "iob": 0.7761889219615279, 
  "activity": 0.015535634920634919
}