{
  "bolusiob": 1.1298517391288887, 
  "iob": 1.945949403858905, 
  "activity": 0.013605255467372132
}