{
  "bolusiob": 0, 
  "iob": 0.07127092372459834, 
  "activity": 0.0036360228395061703
}