{
  "bolusiob": 0.09304112999999997, 
  "iob": 0.8809091734095136, 
  "activity": 0.016574479753086423
}