{
  "bolusiob": 0, 
  "iob": 0.4632054720257948, 
  "activity": 0.003371799118165785
}