{
  "bolusiob": 0.11374689316, 
  "iob": 1.5174272939044027, 
  "activity": 0.04079251313932981
}