{
  "bolusiob": 0, 
  "iob": 0.2950185457027778, 
  "activity": 0.0005030246913580246
}