{
  "bolusiob": 0, 
  "iob": -0.3475696237177073, 
  "activity": -0.005992416596119928
}