{
  "bolusiob": 0, 
  "iob": 0.5920642293108891, 
  "activity": 0.009194206349206348
}