{
  "bolusiob": 0.39215045027555556, 
  "iob": 1.2762166591679687, 
  "activity": 0.01036917054673721
}