{
  "bolusiob": 0, 
  "iob": -0.06251716502256219, 
  "activity": -0.004453501234567904
}