{
  "bolusiob": 0, 
  "iob": -0.22433890943580292, 
  "activity": -0.004444550599647265
}