{
  "bolusiob": 0.9665283133333336, 
  "iob": 1.6030452989214403, 
  "activity": 0.012896525361552023
}