{
  "bolusiob": 0, 
  "iob": 1.263227819956972, 
  "activity": 0.014783500881834213
}