{
  "bolusiob": 0, 
  "iob": 0.22046204108444445, 
  "activity": 0.0004301587301587301
}