{
  "bolusiob": 0.0349385739733334, 
  "iob": 0.49820397204444444, 
  "activity": 0.015174038800705466
}