{
  "bolusiob": 0, 
  "iob": 0.833590237347639, 
  "activity": 0.01607208994708995
}