{
  "bolusiob": 0, 
  "iob": 0.7716612440520668, 
  "activity": 0.009990400388007054
}