{
  "bolusiob": 0, 
  "iob": -0.45134862428069444, 
  "activity": -0.005053994708994707
}