{
  "bolusiob": 0, 
  "iob": 0.9042369499981668, 
  "activity": 0.009576649029982362
}