{
  "bolusiob": 0.03880274400000001, 
  "iob": -0.018522535075603634, 
  "activity": -0.0015517016754850095
}