{
  "bolusiob": 0, 
  "iob": -0.40013281742540285, 
  "activity": -0.006804726631393297
}