{
  "bolusiob": 0, 
  "iob": 0.7357915421879229, 
  "activity": 0.004624030864197531
}