{
  "bolusiob": 0, 
  "iob": 0.5708172487672658, 
  "activity": 0.008489118024691359
}