{
  "bolusiob": 0, 
  "iob": 0.6125735450428736, 
  "activity": 0.009319633068783065
}