{
  "bolusiob": 0, 
  "iob": 0.15322783211666668, 
  "activity": 0.00045261022927689596
}