{
  "bolusiob": 1.7132060199999999, 
  "iob": 1.272588450870547, 
  "activity": -0.0005291184126984132
}