{
  "bolusiob": 0, 
  "iob": -0.03982067796208332, 
  "activity": -0.002833500881834215
}