{
  "bolusiob": 0, 
  "iob": 0.18445394571742646, 
  "activity": 0.0014725308112874774
}