{
  "bolusiob": 0, 
  "iob": -0.11096903907267718, 
  "activity": -0.003258350599647265
}