{
  "bolusiob": 1.3839460253377778, 
  "iob": 3.730923421585138, 
  "activity": 0.03855831622574955
}