{
  "bolusiob": 0.10228945514666651, 
  "iob": 0.7154242385309724, 
  "activity": 0.01424251322751322
}