{
  "bolusiob": 0, 
  "iob": 0.06821331710754855, 
  "activity": -0.004954276895943561
}