{
  "bolusiob": 0, 
  "iob": 0.20141646148900003, 
  "activity": 0.0038591534391534395
}