{
  "bolusiob": 0, 
  "iob": -0.09540652944301635, 
  "activity": 0.0016577313932980594
}