{
  "bolusiob": 0.7983194653333334, 
  "iob": 2.63921825055609, 
  "activity": 0.035109837477954146
}