{
  "bolusiob": 0, 
  "iob": -0.2794864229820485, 
  "activity": -0.003867641622574957
}