{
  "bolusiob": 0, 
  "iob": 0.41761577279577267, 
  "activity": 0.006496066931216931
}