{
  "bolusiob": 0, 
  "iob": 1.0138467277213805, 
  "activity": 0.01663236352733686
}