{
  "bolusiob": 0, 
  "iob": 0.14181486946874103, 
  "activity": 0.00014477084656084617
}