{
  "bolusiob": 0, 
  "iob": 0.8260069248086837, 
  "activity": 0.008916895679012344
}