{
  "bolusiob": 0, 
  "iob": 0.4246728932307501, 
  "activity": 0.005967839506172839
}