{
  "bolusiob": -3.5135146666709364e-05, 
  "iob": 0.5830342109518498, 
  "activity": 0.00848086414462081
}