{
  "bolusiob": 0, 
  "iob": -0.17739992302664376, 
  "activity": 0.003268029788359787
}