{
  "bolusiob": 0, 
  "iob": 0.4625711465694896, 
  "activity": 0.0026465435802469134
}