{
  "bolusiob": 0, 
  "iob": 0.921282233791528, 
  "activity": 0.009090626102292767
}