{
  "bolusiob": 0, 
  "iob": 0.12759789295055554, 
  "activity": 0.0009541269841269837
}