{
  "bolusiob": 0.6098803744, 
  "iob": 2.744077112339462, 
  "activity": 0.04555693095238094
}