{
  "bolusiob": 0, 
  "iob": 0.23097579850916447, 
  "activity": 0.006410187742504409
}