{
  "bolusiob": 0.9569823797155556, 
  "iob": 1.3730711458980562, 
  "activity": 0.009772610229276895
}