{
  "bolusiob": 0, 
  "iob": 0.6907993922849842, 
  "activity": 0.006831848253968244
}