{
  "bolusiob": 0, 
  "iob": -0.01800749694944444, 
  "activity": 0.002456781305114638
}