{
  "bolusiob": 0, 
  "iob": 0.4509131967033401, 
  "activity": 0.0075903875661375644
}