{
  "bolusiob": 0, 
  "iob": -0.640696602726982, 
  "activity": -0.006178430705467373
}