{
  "bolusiob": 0, 
  "iob": 0.04226239607388888, 
  "activity": 0.0024130864197530865
}