{
  "bolusiob": 0, 
  "iob": 0.19639076584171244, 
  "activity": 0.0047230597001763665
}