{
  "bolusiob": 0, 
  "iob": 0.4370850686022796, 
  "activity": 0.005110317231040564
}