{
  "bolusiob": 0.7733731470222223, 
  "iob": 1.1453598267294445, 
  "activity": 0.005530679012345678
}