{
  "bolusiob": 0, 
  "iob": 0.4284108745893056, 
  "activity": 0.005924012345679012
}