{
  "bolusiob": 0, 
  "iob": 0.8032094855200003, 
  "activity": 0.012603051146384476
}