{
  "bolusiob": 0, 
  "iob": -0.028577323078472223, 
  "activity": 0.0023329100529100527
}