{
  "bolusiob": 0, 
  "iob": 0.7509908894411113, 
  "activity": 0.007330220458553791
}