{
  "bolusiob": 0, 
  "iob": 0.7970415298537644, 
  "activity": 0.01006844865961199
}