{
  "bolusiob": 0, 
  "iob": 0.8732253814588926, 
  "activity": 0.012824444691358022
}