{
  "bolusiob": 0, 
  "iob": 0.11322568980222228, 
  "activity": 0.0037796296296296293
}