{
  "bolusiob": 0, 
  "iob": -0.6535925811259724, 
  "activity": -0.004143306878306878
}