{
  "bolusiob": 0, 
  "iob": 0.41981719041626797, 
  "activity": 0.007745237654320987
}