{
  "bolusiob": 0, 
  "iob": -0.4112338649316128, 
  "activity": -0.007637716419753086
}