{
  "bolusiob": 0, 
  "iob": 0.17862923321755556, 
  "activity": 0.00042563492063491995
}