{
  "bolusiob": 0, 
  "iob": -0.40628043463401337, 
  "activity": -0.006804558818342152
}