{
  "bolusiob": 0, 
  "iob": 0.6321701109896668, 
  "activity": 0.009828567901234566
}