{
  "bolusiob": 0, 
  "iob": 0.17142695176222222, 
  "activity": 0.0003139329805996471
}