{
  "bolusiob": 1.24184779264, 
  "iob": 2.4116952525036512, 
  "activity": 0.010825953791887126
}