{
  "bolusiob": 0, 
  "iob": -0.4922256901873028, 
  "activity": -0.0054870379365079365
}