{
  "bolusiob": 0, 
  "iob": 1.0552163308744693, 
  "activity": 0.010584417989417986
}