{
  "bolusiob": 0.48260442723999997, 
  "iob": 1.1752061000841671, 
  "activity": 0.011616419753086417
}