{
  "bolusiob": 0, 
  "iob": -0.04996966424, 
  "activity": -9.629629629629628e-06
}