{
  "bolusiob": -0.000137047893333353, 
  "iob": 0.5195260288155555, 
  "activity": 0.008469717813051145
}