{
  "bolusiob": 0, 
  "iob": 0.3665912269927188, 
  "activity": 0.0049646209347442675
}