{
  "bolusiob": 0, 
  "iob": -0.030050740712640495, 
  "activity": -0.0014211675661375675
}