{
  "bolusiob": 0, 
  "iob": 0.17141160360683783, 
  "activity": 0.006460211499118166
}