{
  "bolusiob": 0, 
  "iob": 0.882713745772989, 
  "activity": 0.009927079488536153
}