{
  "bolusiob": 0, 
  "iob": 0.7159967702911112, 
  "activity": 0.010109259259259259
}