{
  "bolusiob": 0, 
  "iob": 0.3161092440047778, 
  "activity": 0.0022861199294532623
}