{
  "bolusiob": 0, 
  "iob": 0.8206222377655554, 
  "activity": 0.011231269841269835
}