{
  "bolusiob": 0.5297572728266667, 
  "iob": 0.8361839044010585, 
  "activity": 0.00693327996472663
}