{
  "bolusiob": 0, 
  "iob": 0.8844821080697223, 
  "activity": 0.009910934744268072
}