{
  "bolusiob": 0.3397415265066668, 
  "iob": 1.5975002090793295, 
  "activity": 0.02342185211640211
}