{
  "bolusiob": 0, 
  "iob": 1.2299828706890388, 
  "activity": 0.013716004038800704
}