{
  "bolusiob": 1.8140775905733335, 
  "iob": 5.399244187337117, 
  "activity": 0.06289772523809523
}