{
  "bolusiob": 1.277090895, 
  "iob": 2.220479264881667, 
  "activity": 0.02090583774250441
}