{
  "bolusiob": 0, 
  "iob": -0.1818168501308889, 
  "activity": -0.0006909082892416227
}