{
  "bolusiob": 0, 
  "iob": -0.19489305497101778, 
  "activity": 0.001077107354497354
}