{
  "bolusiob": 0, 
  "iob": 0.44648573819777776, 
  "activity": 0.005958871252204584
}