{
  "bolusiob": 0, 
  "iob": 0.1475532946908408, 
  "activity": -0.001238730070546737
}