{
  "bolusiob": 0, 
  "iob": 0.1464726380135658, 
  "activity": 0.004346287213403879
}