{
  "bolusiob": 0, 
  "iob": -0.32973496282597226, 
  "activity": -0.0033778395061728394
}