{
  "bolusiob": 0, 
  "iob": 0.7863649994726071, 
  "activity": 0.013379893915343912
}