{
  "bolusiob": 0, 
  "iob": -0.3871012861113238, 
  "activity": -0.004673871164021163
}