{
  "bolusiob": 0.03336206933333337, 
  "iob": 0.4754947378717083, 
  "activity": 0.01787325402116402
}