{
  "bolusiob": 0, 
  "iob": 1.0254830762087244, 
  "activity": 0.023161291534391528
}