{
  "bolusiob": 0, 
  "iob": 0.6479049199217952, 
  "activity": 0.008603871252204584
}