{
  "bolusiob": 0, 
  "iob": 0.4215293255866666, 
  "activity": 0.004269488536155202
}