{
  "bolusiob": 0, 
  "iob": 0.259126833493482, 
  "activity": -0.001702574955908289
}