{
  "bolusiob": 0, 
  "iob": 0.404815786165568, 
  "activity": 0.004662292504409171
}