{
  "bolusiob": 0, 
  "iob": 1.0823326915084028, 
  "activity": 0.010651340388007054
}