{
  "bolusiob": 1.11850978144, 
  "iob": 1.8608728542762507, 
  "activity": 0.018631243386243383
}