{
  "bolusiob": 0.0003823377066665357, 
  "iob": 1.3664752495758166, 
  "activity": 0.030580414021164026
}