{
  "bolusiob": 2.0854377889155558, 
  "iob": 3.0063037962585293, 
  "activity": 0.021351005097001757
}