{
  "bolusiob": 0, 
  "iob": -0.3302772211377777, 
  "activity": 7.693121693121607e-05
}