{
  "bolusiob": 0, 
  "iob": 0.692391766957306, 
  "activity": 0.005289735573192239
}