{
  "bolusiob": 0, 
  "iob": -0.15586613627698986, 
  "activity": -0.00039248689594356293
}