{
  "bolusiob": 0.4996584500444444, 
  "iob": 0.969310498427791, 
  "activity": 0.004570229400352731
}