{
  "bolusiob": 0, 
  "iob": 0.15447209645813761, 
  "activity": 0.00038376781305114624
}