{
  "bolusiob": 0, 
  "iob": 0.34963506031805913, 
  "activity": 0.003365413139329803
}