{
  "bolusiob": 0, 
  "iob": 0.17413530362940058, 
  "activity": 0.0019251951499118162
}