{
  "bolusiob": 0, 
  "iob": -0.046643917836111104, 
  "activity": -0.0007027601410934742
}