{
  "bolusiob": 1.4080999325333334, 
  "iob": 1.19448553121749, 
  "activity": 0.007500255044091707
}