{
  "bolusiob": 0, 
  "iob": 0.26764615643804807, 
  "activity": 0.0032686333333333327
}