{
  "bolusiob": 0, 
  "iob": -0.22410148412794034, 
  "activity": 0.0017590943562610217
}