{
  "bolusiob": 0, 
  "iob": 0.49192298788988537, 
  "activity": 0.007368404144620811
}