{
  "bolusiob": 0, 
  "iob": 0.10465967698082063, 
  "activity": 0.0015222578659611987
}