{
  "bolusiob": 0.19032606976000005, 
  "iob": 0.2739495889176389, 
  "activity": 0.0005222663139329818
}