{
  "bolusiob": 0, 
  "iob": 0.4815011764436802, 
  "activity": 0.009246538218694884
}