{
  "bolusiob": 0, 
  "iob": -0.012291357255742798, 
  "activity": 0.002440802804232804
}