{
  "bolusiob": 1.546895356728889, 
  "iob": 2.451765237462584, 
  "activity": 0.0136273721340388
}