{
  "bolusiob": 0, 
  "iob": 0.9355291844408332, 
  "activity": 0.024304964356261012
}