{
  "bolusiob": 0, 
  "iob": 0.8652283628900764, 
  "activity": 0.010841360141093468
}