{
  "bolusiob": 0, 
  "iob": 0.7212343746920115, 
  "activity": 0.008706913315696646
}