{
  "bolusiob": 0, 
  "iob": -0.19443975912638406, 
  "activity": 0.0012483064373897705
}