{
  "bolusiob": 1.0709260950000001, 
  "iob": 2.08100382142, 
  "activity": 0.022203597883597884
}