{
  "bolusiob": 0, 
  "iob": -0.2572601797181669, 
  "activity": -0.0025396735449735443
}