{
  "bolusiob": 0, 
  "iob": -0.16612707680372435, 
  "activity": 0.003339091587301588
}