{
  "bolusiob": 0, 
  "iob": -0.33745478318658295, 
  "activity": -0.0010773634038800707
}