{
  "bolusiob": 0, 
  "iob": -0.36030911499528884, 
  "activity": -0.005142838994708995
}