{
  "bolusiob": 0, 
  "iob": 0.6296250297901309, 
  "activity": -0.00012913553791887075
}