{
  "bolusiob": 2.6927600647466665, 
  "iob": 2.808253309240306, 
  "activity": 0.0028142591358024703
}