{
  "bolusiob": 0, 
  "iob": -0.029749622283054153, 
  "activity": -0.005285855202821868
}