{
  "bolusiob": 0, 
  "iob": 0.11785043410512408, 
  "activity": 0.0010968960317460322
}