{
  "bolusiob": 0, 
  "iob": -0.40535628419198255, 
  "activity": -0.00666103148148148
}