{
  "bolusiob": 0, 
  "iob": 0.9355013771669723, 
  "activity": 0.01512689947089947
}