{
  "bolusiob": 0, 
  "iob": 1.1392454138715276, 
  "activity": 0.012062954144620809
}