{
  "bolusiob": 0, 
  "iob": 0.4771428518606388, 
  "activity": 0.004567063492063492
}