{
  "bolusiob": 0, 
  "iob": 0.0815218416488889, 
  "activity": 0.001062927689594356
}