{
  "bolusiob": 0, 
  "iob": -0.0856991372082599, 
  "activity": 0.004468835961199293
}