{
  "bolusiob": 0, 
  "iob": -0.39327613978264375, 
  "activity": -0.0013073553439153437
}