{
  "bolusiob": 0, 
  "iob": -0.18236312149845194, 
  "activity": -0.0038241444444444437
}