{
  "bolusiob": 0, 
  "iob": 0.26905165285838895, 
  "activity": 0.0042455643738977065
}