{
  "bolusiob": 0, 
  "iob": -0.3097864457907188, 
  "activity": -0.0013325395061728393
}