{
  "bolusiob": 0, 
  "iob": 0.169339209902345, 
  "activity": -0.002445511252204586
}