{
  "bolusiob": 0, 
  "iob": -0.6842268853297223, 
  "activity": -0.0035129365079365083
}