{
  "bolusiob": 0, 
  "iob": 0.07543916887134822, 
  "activity": 0.005775343474426807
}