{
  "bolusiob": 0.6623804667866667, 
  "iob": 2.157131432893889, 
  "activity": 0.03067821869488535
}