{
  "bolusiob": 0, 
  "iob": 0.2873031199057263, 
  "activity": -0.0035780246913580246
}