{
  "bolusiob": 0, 
  "iob": -0.013155852948537043, 
  "activity": 0.0006748413580246909
}