{
  "bolusiob": 0.21912405973333327, 
  "iob": 1.2168259190751378, 
  "activity": 0.02703544948853615
}