{
  "bolusiob": 0, 
  "iob": -0.24536881043087147, 
  "activity": -0.002039100705467372
}