{
  "bolusiob": 0, 
  "iob": 0.24642385449434936, 
  "activity": 0.006653368165784832
}