{
  "bolusiob": 0, 
  "iob": 0.36247376253307195, 
  "activity": 0.007496146649029981
}