{
  "bolusiob": 0, 
  "iob": -0.2919356387437279, 
  "activity": -0.006407354567901233
}