{
  "bolusiob": 0, 
  "iob": 0.20166655909777775, 
  "activity": 0.005298306878306878
}