{
  "bolusiob": 0, 
  "iob": 0.5833919764744446, 
  "activity": 0.007653791887125221
}