{
  "bolusiob": 0, 
  "iob": -0.2212071302939693, 
  "activity": -0.0016569752204585542
}