{
  "bolusiob": 0.2550772499333333, 
  "iob": 1.3108548524111572, 
  "activity": 0.019257821693121686
}