{
  "bolusiob": 0, 
  "iob": 0.4140654545428999, 
  "activity": 0.0032343828395061734
}