{
  "bolusiob": 0, 
  "iob": 1.225786581048277, 
  "activity": 0.030830502557319218
}