{
  "bolusiob": 0, 
  "iob": 0.03530734023777776, 
  "activity": 0.0013632451499118166
}