{
  "bolusiob": 0, 
  "iob": 0.5959316497396646, 
  "activity": 0.012139558818342151
}