{
  "bolusiob": 0, 
  "iob": 0.5672582338301823, 
  "activity": 0.018857742257495584
}