{
  "bolusiob": 0, 
  "iob": 0.7513135256129169, 
  "activity": 0.016453130511463847
}