{
  "bolusiob": 0, 
  "iob": 0.0025561254399997456, 
  "activity": 0.002397883597883601
}