{
  "bolusiob": 0, 
  "iob": -0.35347452934423607, 
  "activity": -0.005319289576719573
}