{
  "bolusiob": 0.5151012212399999, 
  "iob": 1.2624595845539845, 
  "activity": 0.015841331587301586
}