{
  "bolusiob": 0.03150121000000001, 
  "iob": 0.6659536998011112, 
  "activity": 0.025894673721340387
}