{
  "bolusiob": 0.61979062144, 
  "iob": 0.7510436393600001, 
  "activity": 0.003122962962962963
}