{
  "bolusiob": 0, 
  "iob": 0.1217733475359028, 
  "activity": -0.001887495590828924
}