{
  "bolusiob": 0.7726606272000002, 
  "iob": 1.5235282006868012, 
  "activity": 0.01332707209876542
}