{
  "bolusiob": 0, 
  "iob": 0.37711318936061117, 
  "activity": 0.004245132275132276
}