{
  "bolusiob": 0, 
  "iob": -0.209797529174097, 
  "activity": 0.010515405643738974
}