{
  "bolusiob": 2.963056057066667, 
  "iob": 3.121701466234723, 
  "activity": 0.003620881834215167
}