{
  "bolusiob": 0, 
  "iob": 0.43048075343328157, 
  "activity": 0.006441305026455025
}