{
  "bolusiob": 0, 
  "iob": 0.9965167616174151, 
  "activity": 0.01034391525573192
}