{
  "bolusiob": 0, 
  "iob": 0.28021680845964414, 
  "activity": 0.013214814938271594
}