{
  "bolusiob": 1.7612179017955556, 
  "iob": 1.7453740545161112, 
  "activity": 0.0013821516754850083
}