{
  "bolusiob": 0, 
  "iob": 0.692318368962111, 
  "activity": 0.013259402116402117
}