{
  "bolusiob": 0, 
  "iob": -0.03807606905937215, 
  "activity": 0.00196680987654321
}