{
  "bolusiob": 0, 
  "iob": -0.5360468459899023, 
  "activity": -0.005365961164021163
}