{
  "bolusiob": 0, 
  "iob": -0.4699922657006309, 
  "activity": -0.006454444479717813
}