{
  "bolusiob": 0, 
  "iob": -0.28220475842986115, 
  "activity": -0.0026342416225749554
}