{
  "bolusiob": 0, 
  "iob": -0.20750808275567645, 
  "activity": -0.0041746026631393285
}