{
  "bolusiob": 2.0396477325155558, 
  "iob": 2.48061051182327, 
  "activity": 0.012243685943562609
}