{
  "bolusiob": 1.4015734845333334, 
  "iob": 1.4862117564688888, 
  "activity": 0.024506437389770715
}