{
  "bolusiob": 0, 
  "iob": -0.18134529105884595, 
  "activity": -0.004053491975308642
}