{
  "bolusiob": 0, 
  "iob": 0.07498198713555639, 
  "activity": 0.002913200793650794
}