{
  "bolusiob": 0, 
  "iob": 0.08074738553388891, 
  "activity": 0.0004966490299823635
}