{
  "bolusiob": 0, 
  "iob": -0.12971896702644442, 
  "activity": -0.0014477513227513224
}