{
  "bolusiob": 0, 
  "iob": 0.08332815183402828, 
  "activity": 0.0030612410934744263
}