{
  "bolusiob": 0, 
  "iob": -0.3449083406422223, 
  "activity": -0.0005490123456790123
}