{
  "bolusiob": 1.0062545111111112, 
  "iob": 1.2970909281205556, 
  "activity": 0.00878775132275132
}