{
  "bolusiob": 0, 
  "iob": 0.6170421456701929, 
  "activity": 0.007610940599647265
}