{
  "bolusiob": 3.1268950093155556, 
  "iob": 3.069985497212694, 
  "activity": 0.007630061728395061
}