{
  "bolusiob": 0, 
  "iob": 0.07068445633284848, 
  "activity": -0.00017499991181657695
}