{
  "bolusiob": 0, 
  "iob": -0.01571827317710163, 
  "activity": 0.0016060497530864181
}