{
  "bolusiob": 0, 
  "iob": -0.07610271735361113, 
  "activity": -0.004233324514991181
}