{
  "bolusiob": 0, 
  "iob": -0.08194439814916671, 
  "activity": 0.0001681216931216922
}