{
  "bolusiob": 0, 
  "iob": 0.14146176217733336, 
  "activity": 0.005229744268077601
}