{
  "bolusiob": 0, 
  "iob": 0.5226429890750001, 
  "activity": 0.006972460317460318
}