{
  "bolusiob": 0, 
  "iob": -0.045769915940555544, 
  "activity": 0.001644700176366843
}