{
  "bolusiob": 0, 
  "iob": 0.48839127461202725, 
  "activity": 0.006459912186948851
}