{
  "bolusiob": 0, 
  "iob": 0.7523893012638891, 
  "activity": 0.020334259259259243
}