{
  "bolusiob": 0, 
  "iob": 0.15869750563894444, 
  "activity": 0.0022132098765432102
}