{
  "bolusiob": 0, 
  "iob": -0.509128115381605, 
  "activity": 0.0014945236860670192
}