{
  "bolusiob": 0, 
  "iob": 0.028765069395555565, 
  "activity": 0.0014911992945326276
}