{
  "bolusiob": 0, 
  "iob": 0.022652019921944433, 
  "activity": -0.0009084656084656083
}