{
  "bolusiob": 0, 
  "iob": -0.4626878778863045, 
  "activity": 0.0018392887654320928
}