{
  "bolusiob": 0, 
  "iob": -0.04512154604375002, 
  "activity": -0.0028881040564373893
}