{
  "bolusiob": 0, 
  "iob": 0.2913007682557636, 
  "activity": 0.00254085537918871
}