{
  "bolusiob": 0, 
  "iob": 0.06322557403959994, 
  "activity": 0.0006821999118165781
}