{
  "bolusiob": 0, 
  "iob": -0.5054507607659031, 
  "activity": -0.0032139770723104096
}