{
  "bolusiob": 0, 
  "iob": 0.6830545349171228, 
  "activity": 0.006559021075837741
}