{
  "bolusiob": 0, 
  "iob": 0.05101159818603707, 
  "activity": 0.002388915573192238
}