{
  "bolusiob": 0.01355116671999994, 
  "iob": 0.6973547519081944, 
  "activity": 0.013647910052910052
}