{
  "bolusiob": 0, 
  "iob": -0.03604844679255889, 
  "activity": -0.0009476981481481482
}