{
  "bolusiob": 0, 
  "iob": -0.027542395037424207, 
  "activity": 0.0012593384479717806
}