{
  "bolusiob": 0, 
  "iob": 0.5921170404298968, 
  "activity": 0.011069585661375657
}