{
  "bolusiob": 0.10754923657333329, 
  "iob": 0.7161346922770849, 
  "activity": 0.016645431975308635
}