{
  "bolusiob": 0, 
  "iob": -0.8490674138475989, 
  "activity": -0.012292090070546737
}