{
  "bolusiob": 0, 
  "iob": 0.03700707332166667, 
  "activity": 0.0015157848324514982
}