{
  "bolusiob": 0, 
  "iob": 0.8062490929277528, 
  "activity": 0.011638025061728395
}