{
  "bolusiob": 0, 
  "iob": -0.22316800659232044, 
  "activity": -0.0035330510582010583
}