{
  "bolusiob": 0.6503191342266667, 
  "iob": 1.065652438247639, 
  "activity": 0.006658580246913579
}