{
  "bolusiob": 2.0017530962488888, 
  "iob": 3.3725025303628064, 
  "activity": 0.02267926973544973
}