{
  "bolusiob": 0.12930710357333333, 
  "iob": 0.7780026978894444, 
  "activity": 0.012878377425044092
}