{
  "bolusiob": 0, 
  "iob": -0.20311131179222225, 
  "activity": -0.0009606613756613757
}