{
  "bolusiob": 0.99896288, 
  "iob": 1.0094790340123647, 
  "activity": 0.000989929188712522
}