{
  "bolusiob": 0, 
  "iob": -0.2353152158876389, 
  "activity": -0.0021717724867724854
}