{
  "bolusiob": 0, 
  "iob": 0.6496871377848613, 
  "activity": 0.013156869488536154
}