{
  "bolusiob": 0, 
  "iob": -0.2656323259350704, 
  "activity": 0.0002961729276895954
}