{
  "bolusiob": 0, 
  "iob": 0.32637798594833334, 
  "activity": 0.005173209876543209
}