{
  "bolusiob": 0, 
  "iob": -0.11220786933887547, 
  "activity": 0.000985599523809522
}