{
  "bolusiob": 0, 
  "iob": -0.06473301595098693, 
  "activity": -0.0008971603174603176
}