{
  "bolusiob": 0, 
  "iob": 0.4699687702491112, 
  "activity": 0.007133668430335095
}