{
  "bolusiob": 0, 
  "iob": 0.03017565869195359, 
  "activity": 0.001612936331569664
}