{
  "bolusiob": 0.001577894039999972, 
  "iob": 0.5468805543649413, 
  "activity": 0.015876111375661372
}