{
  "bolusiob": 0, 
  "iob": -0.10350230793887193, 
  "activity": -0.0008061109347442675
}