{
  "bolusiob": 0.1600199073066667, 
  "iob": 0.4198704097534721, 
  "activity": 0.006462231040564372
}