{
  "bolusiob": 5.1739216936, 
  "iob": 5.055518110632167, 
  "activity": 0.022689417989417985
}