{
  "bolusiob": 0, 
  "iob": -0.023989049144288982, 
  "activity": 0.020902980599647264
}