{
  "bolusiob": 0, 
  "iob": 0.7044343366125002, 
  "activity": 0.007791375661375661
}