{
  "bolusiob": 0, 
  "iob": 0.16757553788665627, 
  "activity": 0.003639179982363315
}