{
  "bolusiob": 1.2706783224, 
  "iob": 1.7976436106448888, 
  "activity": 0.008194127107583772
}