{
  "bolusiob": 3.6015162175999995, 
  "iob": 3.983217285754958, 
  "activity": 0.01863231934744268
}