{
  "bolusiob": 0.00039769215999998494, 
  "iob": 0.4262698246511648, 
  "activity": 0.005081216843033507
}