{
  "bolusiob": 0.0008698000000000761, 
  "iob": 0.5361594833533334, 
  "activity": 0.008578853615520281
}