{
  "bolusiob": 0, 
  "iob": 0.534280191948889, 
  "activity": 0.007446102292768957
}