{
  "bolusiob": 0, 
  "iob": 0.47065594908888897, 
  "activity": 0.005886578483245149
}