{
  "bolusiob": 0, 
  "iob": 0.4096440592485418, 
  "activity": 0.0009652116402116402
}