{
  "bolusiob": 0, 
  "iob": 0.043684527325036845, 
  "activity": -0.001902399735449735
}