{
  "bolusiob": 0, 
  "iob": 0.6021107645273708, 
  "activity": 0.010038131005291002
}