{
  "bolusiob": 1.53730718112, 
  "iob": 3.360689155873573, 
  "activity": 0.02422019689594356
}