{
  "bolusiob": 0, 
  "iob": -0.04976592777777778, 
  "activity": -4.320987654320987e-05
}