{
  "bolusiob": 0.0011521532666666223, 
  "iob": 0.6082826068068443, 
  "activity": 0.00953291024691358
}