{
  "bolusiob": 0, 
  "iob": 0.1723502721928361, 
  "activity": 0.006374444232804231
}