{
  "bolusiob": 0, 
  "iob": 0.24075596958802803, 
  "activity": 0.0024647177248677214
}