{
  "bolusiob": 0, 
  "iob": -0.3376096168784506, 
  "activity": -0.001088280793650796
}