{
  "bolusiob": 0, 
  "iob": 0.027639056966161424, 
  "activity": -0.00029737195767195747
}