{
  "bolusiob": 0, 
  "iob": 0.23638500305421567, 
  "activity": 0.013205475749559076
}