{
  "bolusiob": 0, 
  "iob": -0.08567364794944446, 
  "activity": -0.0019360052910052908
}