{
  "bolusiob": 0, 
  "iob": -0.09773447156000001, 
  "activity": 0.0005204585537918872
}