{
  "bolusiob": 1.2250784050133334, 
  "iob": 1.6055787962431944, 
  "activity": 0.0071126543209876535
}