{
  "bolusiob": 0, 
  "iob": 0.40985051584456234, 
  "activity": 0.007974596455026454
}