{
  "bolusiob": 0.06085683584000001, 
  "iob": -0.028372576828485846, 
  "activity": -0.0018419309523809526
}