{
  "bolusiob": 0, 
  "iob": 0.6286816130517436, 
  "activity": 0.005473263209876543
}