{
  "bolusiob": 0, 
  "iob": -0.21333332138435177, 
  "activity": -0.0005344800881834218
}