{
  "bolusiob": 0, 
  "iob": -0.02828021984376175, 
  "activity": 0.009534303139329809
}