{
  "bolusiob": 0, 
  "iob": -0.040471233748889154, 
  "activity": -0.003819796913580247
}