{
  "bolusiob": 0, 
  "iob": 0.05373582270166668, 
  "activity": 0.002016313932980599
}