{
  "bolusiob": 0, 
  "iob": 0.8534059466969597, 
  "activity": 0.009333342522045852
}