{
  "bolusiob": 0, 
  "iob": -0.1361087581864425, 
  "activity": -0.0017767550264550266
}