{
  "bolusiob": 0, 
  "iob": 0.13615009050722082, 
  "activity": 0.00701066119929453
}