{
  "bolusiob": 0, 
  "iob": -0.5260446061639652, 
  "activity": -0.0007831570546737214
}