{
  "bolusiob": 0, 
  "iob": 0.4560885165509028, 
  "activity": 0.0033810578483245146
}