{
  "bolusiob": 0, 
  "iob": -0.032394652014153265, 
  "activity": -7.909183421516748e-05
}