{
  "bolusiob": 0, 
  "iob": -0.4908021020501315, 
  "activity": -0.005348183262786596
}