{
  "bolusiob": 0.18555103866666672, 
  "iob": 0.09085508166046768, 
  "activity": -0.0010365958553791887
}