{
  "bolusiob": 0, 
  "iob": 0.665514011900625, 
  "activity": 0.0028597795414462067
}