{
  "bolusiob": 0, 
  "iob": -0.05118151588722222, 
  "activity": 0.0014322134038800708
}