{
  "bolusiob": 0, 
  "iob": -0.06638864104944445, 
  "activity": -0.0017114109347442675
}