{
  "bolusiob": -0.0007276458000001762, 
  "iob": 0.9035266104963996, 
  "activity": 0.033152821499118156
}