{
  "bolusiob": 0, 
  "iob": -0.00042775668999998077, 
  "activity": -0.00016349206349206306
}