{
  "bolusiob": 0, 
  "iob": 0.2515067267741344, 
  "activity": 0.004232645626102292
}