{
  "bolusiob": 0, 
  "iob": -0.605162218870702, 
  "activity": -0.0062298592768959445
}