{
  "bolusiob": 0.37491977152, 
  "iob": 0.6301995938906082, 
  "activity": 0.004374708906525573
}