{
  "bolusiob": 0, 
  "iob": 1.088351522480782, 
  "activity": 0.01337743405643739
}