{
  "bolusiob": 0, 
  "iob": 0.5160116012915967, 
  "activity": 0.003423717548500882
}