{
  "bolusiob": 0, 
  "iob": -0.005374957613611141, 
  "activity": 0.000597028218694885
}