{
  "bolusiob": 0, 
  "iob": 0.4146900198172239, 
  "activity": 0.0086616749382716
}