{
  "bolusiob": -0.0001934811999999564, 
  "iob": 0.6679857733413889, 
  "activity": 0.01300639329805996
}