{
  "bolusiob": 0, 
  "iob": 0.45984432416552845, 
  "activity": -0.0034545008994708998
}