{
  "bolusiob": 0, 
  "iob": 0.40572189368813444, 
  "activity": 0.0033788362081128742
}