{
  "bolusiob": 0, 
  "iob": -0.08725370165222222, 
  "activity": -0.001422257495590829
}