{
  "bolusiob": 0, 
  "iob": 0.89621106182246, 
  "activity": 0.013240026701940036
}