{
  "bolusiob": 0, 
  "iob": 0.3898193906419999, 
  "activity": 0.009675308641975302
}