{
  "bolusiob": 0, 
  "iob": 0.41706596257540984, 
  "activity": 0.015487218694885358
}