{
  "bolusiob": 0, 
  "iob": 0.3382921341562829, 
  "activity": 0.0009159086596119925
}