{
  "bolusiob": 0, 
  "iob": 0.7259237283422961, 
  "activity": 0.004939092592592592
}