{
  "bolusiob": 0, 
  "iob": -0.5887561031093093, 
  "activity": -0.00448117275132275
}