{
  "bolusiob": 0, 
  "iob": 0.2082017592099064, 
  "activity": -0.0027422747971781293
}