{
  "bolusiob": 0, 
  "iob": 0.051046596953333356, 
  "activity": -0.0026373897707231034
}