{
  "bolusiob": 0, 
  "iob": -0.022478445393124984, 
  "activity": -0.0012371693121693119
}