{
  "bolusiob": 0, 
  "iob": 0.4941961202358081, 
  "activity": 0.005060594356261022
}