{
  "bolusiob": 0, 
  "iob": 0.9756758457580557, 
  "activity": 0.045678580246913576
}