{
  "bolusiob": 0.6026318721244445, 
  "iob": 1.0834025144777155, 
  "activity": 0.006492381075837741
}