{
  "bolusiob": 0, 
  "iob": 0.06397499773111112, 
  "activity": 0.0010893298059964727
}