{
  "bolusiob": 0, 
  "iob": 0.11728941136111112, 
  "activity": 0.0002080070546737213
}