{
  "bolusiob": 0, 
  "iob": -0.2982855808534028, 
  "activity": -0.0028964991181657843
}