{
  "bolusiob": 0, 
  "iob": -0.1575346849963889, 
  "activity": -0.0031130158730158725
}