{
  "bolusiob": 0, 
  "iob": 0.43143177118539044, 
  "activity": 0.006525414373897706
}