{
  "bolusiob": 2.8813893073066668, 
  "iob": 6.130579708025575, 
  "activity": 0.05314945363315695
}