{
  "bolusiob": 0, 
  "iob": 0.33528194811144446, 
  "activity": 0.0009232980599647269
}