{
  "bolusiob": 0.7052227087333334, 
  "iob": 1.83783860134413, 
  "activity": 0.02763442654320987
}