{
  "bolusiob": 0, 
  "iob": 0.21756209989930558, 
  "activity": 0.002756552028218695
}