{
  "bolusiob": 0, 
  "iob": 0.6621683371097916, 
  "activity": 0.006701728395061728
}