{
  "bolusiob": 0, 
  "iob": 0.11469738131591614, 
  "activity": 0.0027047440917107577
}