{
  "bolusiob": 0, 
  "iob": 0.24459639595597227, 
  "activity": 0.0039427248677248675
}