{
  "bolusiob": 0.8845710386933334, 
  "iob": 3.2350694126711113, 
  "activity": 0.045645158730158716
}