{
  "bolusiob": 0, 
  "iob": -0.197877521111676, 
  "activity": -0.0030152997354497358
}