{
  "bolusiob": 0, 
  "iob": 0.7284263327918571, 
  "activity": 0.0017502644620811284
}