{
  "bolusiob": 0, 
  "iob": -0.5340139476235557, 
  "activity": -0.0057688624338624326
}