{
  "bolusiob": 0, 
  "iob": -0.0030306175860277257, 
  "activity": 0.0031084920634920623
}