{
  "bolusiob": 0, 
  "iob": 0.3582274676927684, 
  "activity": 0.005107318994708995
}