{
  "bolusiob": 0, 
  "iob": -0.019833799856875015, 
  "activity": 0.0002602028218694886
}