{
  "bolusiob": 0, 
  "iob": 0.1228279464375, 
  "activity": 0.00029329805996472654
}