{
  "bolusiob": 0, 
  "iob": 0.9886125641236847, 
  "activity": 0.015799673456790116
}