{
  "bolusiob": 0.1499401710933333, 
  "iob": 0.4627025372503519, 
  "activity": 0.0032179631393298063
}