{
  "bolusiob": 1.1943343369066666, 
  "iob": 1.3354884727355207, 
  "activity": 0.005112089947089947
}