{
  "bolusiob": 0, 
  "iob": -0.3776635445276251, 
  "activity": -0.006330123456790122
}