{
  "bolusiob": 0, 
  "iob": -0.22077466005702323, 
  "activity": -0.010860890776014109
}