{
  "bolusiob": 0, 
  "iob": 0.42946318575966663, 
  "activity": 0.007808271604938271
}