{
  "bolusiob": 0, 
  "iob": 0.6725454623234028, 
  "activity": 0.0059043209876543205
}