{
  "bolusiob": 0, 
  "iob": 0.004842376538826854, 
  "activity": 0.0004765432980599647
}