{
  "bolusiob": 0, 
  "iob": 0.39286462667427097, 
  "activity": -0.0007790123456790126
}