{
  "bolusiob": 0.0020249759999999895, 
  "iob": 1.3455698518264063, 
  "activity": 0.021251790493827142
}