{
  "bolusiob": 0, 
  "iob": 0.12780535266759233, 
  "activity": -0.0023176097178130516
}