{
  "bolusiob": 0, 
  "iob": -0.22000528681819445, 
  "activity": -0.0031784215167548497
}