{
  "bolusiob": 0.8147688040888889, 
  "iob": 0.6761553564375197, 
  "activity": 0.005048879823633155
}