{
  "bolusiob": 0, 
  "iob": 0.06368703963417244, 
  "activity": 0.0028726539329805944
}