{
  "bolusiob": 0.7552519443555556, 
  "iob": 0.6190365188141668, 
  "activity": -0.000510432098765433
}