{
  "bolusiob": 0, 
  "iob": 0.1603135571533333, 
  "activity": 0.004365943562610229
}