{
  "bolusiob": 0.32664455820000005, 
  "iob": 1.3240428353605556, 
  "activity": 0.014148703703703698
}