{
  "bolusiob": 0, 
  "iob": 0.09942892478291666, 
  "activity": -0.0010222486772486772
}