{
  "bolusiob": 0.23536502704000006, 
  "iob": 0.9536495552350522, 
  "activity": 0.013383946208112871
}