{
  "bolusiob": 0, 
  "iob": 0.6608159215367448, 
  "activity": 0.008919093209876543
}