{
  "bolusiob": 0, 
  "iob": 0.706150786432698, 
  "activity": 0.008921323033509702
}