{
  "bolusiob": 0, 
  "iob": 0.8458892901174282, 
  "activity": 0.01370656058201058
}