{
  "bolusiob": 0, 
  "iob": -0.05728912117542148, 
  "activity": -0.0020176983245149905
}