{
  "bolusiob": 0, 
  "iob": -0.1487940508669677, 
  "activity": -0.0011361817813051144
}