{
  "bolusiob": 0, 
  "iob": -0.06077051311927085, 
  "activity": 0.001440286596119929
}