{
  "bolusiob": 0, 
  "iob": 0.09948693901458333, 
  "activity": -0.0002213668430335095
}