{
  "bolusiob": 0, 
  "iob": 0.6367281803606064, 
  "activity": 0.0019841318342151667
}