{
  "bolusiob": 0, 
  "iob": 0.7187776844077935, 
  "activity": 0.005731854850088177
}