{
  "bolusiob": 0, 
  "iob": -0.0004833112031092518, 
  "activity": 7.958562610229352e-05
}