{
  "bolusiob": 0, 
  "iob": 0.5195438545125235, 
  "activity": 0.009029083139329803
}