{
  "bolusiob": 0, 
  "iob": -0.03632582760821038, 
  "activity": -0.00241742529100529
}