{
  "bolusiob": 0, 
  "iob": -0.19461937130675003, 
  "activity": -0.0019029012345679003
}