{
  "bolusiob": 0, 
  "iob": -0.2813426289100571, 
  "activity": -0.00479048492063492
}