{
  "bolusiob": 0, 
  "iob": 0.04884418149906666, 
  "activity": 0.0024304409171075833
}