{
  "bolusiob": 0.3268897467733332, 
  "iob": 2.339238098219016, 
  "activity": 0.03909391105820104
}