{
  "bolusiob": 0, 
  "iob": -0.3825565684402501, 
  "activity": -0.0012318694885361547
}