{
  "bolusiob": 0.0008128996400000198, 
  "iob": 1.3535188072222104, 
  "activity": 0.02102253123456789
}