{
  "bolusiob": 0, 
  "iob": -0.11365452521090215, 
  "activity": -0.0016623810758377418
}