{
  "bolusiob": 0, 
  "iob": 0.8006200391204279, 
  "activity": 0.010089647989417987
}