{
  "bolusiob": 0.1425990376800001, 
  "iob": 1.2756434672643198, 
  "activity": 0.023965555820105806
}