{
  "bolusiob": 0, 
  "iob": -0.2977783550942715, 
  "activity": -0.0017229149911816577
}