{
  "bolusiob": 0, 
  "iob": 0.2760024508325237, 
  "activity": 0.003460281798941798
}