{
  "bolusiob": 0, 
  "iob": 0.48925943844694453, 
  "activity": 0.011567530864197527
}