{
  "bolusiob": 0, 
  "iob": -0.41460217678550626, 
  "activity": -0.0016116138447971778
}