{
  "bolusiob": 0, 
  "iob": -0.06649516303301041, 
  "activity": 0.00022268968253968269
}