{
  "bolusiob": 0, 
  "iob": -0.11282589229632803, 
  "activity": -0.0003359192592592615
}