{
  "bolusiob": 0, 
  "iob": 0.8698494662355887, 
  "activity": 0.013143994955908286
}