{
  "bolusiob": 0, 
  "iob": 0.52074884526079, 
  "activity": 0.0071588800529100525
}