{
  "bolusiob": 0, 
  "iob": -0.9081348558718612, 
  "activity": -0.0031201351851851884
}