{
  "bolusiob": 0, 
  "iob": 0.8010080768119445, 
  "activity": 0.010613633156966487
}