{
  "bolusiob": 2.377825679235556, 
  "iob": 3.495464789977295, 
  "activity": 0.0224145415696649
}