{
  "bolusiob": 0, 
  "iob": 0.8185278890781945, 
  "activity": 0.009243677248677248
}