{
  "bolusiob": 0, 
  "iob": -0.2912255396846634, 
  "activity": -0.005423853985890652
}