{
  "bolusiob": 0, 
  "iob": 0.1339538014095386, 
  "activity": -0.00029534396825396864
}