{
  "bolusiob": 0, 
  "iob": -0.08538158420366666, 
  "activity": -0.002184294532627866
}