{
  "bolusiob": 0, 
  "iob": 0.6615269205011417, 
  "activity": 0.006353457001763669
}