{
  "bolusiob": 0, 
  "iob": 0.4445523076672222, 
  "activity": 0.009026649029982362
}