{
  "bolusiob": 0, 
  "iob": 1.5474199514707665, 
  "activity": 0.030327139153439132
}