{
  "bolusiob": 0, 
  "iob": 0.9363563094708005, 
  "activity": 0.016853947971781302
}