{
  "bolusiob": 0, 
  "iob": -0.15046564602276802, 
  "activity": -0.004210568800705467
}