{
  "bolusiob": 0, 
  "iob": 0.7382540062368975, 
  "activity": 0.00893707266313933
}