{
  "bolusiob": 0, 
  "iob": 0.8514016643887362, 
  "activity": 0.009218968165784831
}