{
  "bolusiob": 0, 
  "iob": 0.028514013638499813, 
  "activity": -0.006361243121693119
}