{
  "bolusiob": 0, 
  "iob": 0.09121473518666669, 
  "activity": -0.0014439506172839501
}