{
  "bolusiob": 0, 
  "iob": 0.8886414946759511, 
  "activity": 0.015749715255731923
}