{
  "bolusiob": 0, 
  "iob": -0.016901599243388903, 
  "activity": -0.0010593298059964724
}