{
  "bolusiob": 0, 
  "iob": -0.05205098423333335, 
  "activity": -0.00011495590828924159
}