{
  "bolusiob": 0.37591521804444444, 
  "iob": 1.1308646831986668, 
  "activity": 0.01651506172839506
}