{
  "bolusiob": 0, 
  "iob": 0.007917562612777783, 
  "activity": 0.0008893650793650808
}