{
  "bolusiob": 0, 
  "iob": 0.5848368573533196, 
  "activity": 0.009054192063492063
}