{
  "bolusiob": 0.8827979934044445, 
  "iob": 1.755660993327846, 
  "activity": 0.014942424779541441
}