{
  "bolusiob": 0, 
  "iob": 0.3507490397144509, 
  "activity": 0.000776860864197531
}