{
  "bolusiob": 0, 
  "iob": -0.08708272460844414, 
  "activity": -0.0018224601410934734
}