{
  "bolusiob": 0.48757516400000006, 
  "iob": 1.4507593292106322, 
  "activity": 0.03116862398589065
}