{
  "bolusiob": 0, 
  "iob": 0.47913992435961117, 
  "activity": 0.006433712522045854
}