{
  "bolusiob": 0, 
  "iob": 0.569258179296875, 
  "activity": 0.002616128747795415
}