{
  "bolusiob": 0, 
  "iob": -0.14534418361723675, 
  "activity": -0.0011472666137566135
}