{
  "bolusiob": 0, 
  "iob": -0.019250482486740557, 
  "activity": 0.002382230740740741
}