{
  "bolusiob": 0, 
  "iob": -0.02513481734777777, 
  "activity": -0.0010431569664902996
}