{
  "bolusiob": 0.1552607782933334, 
  "iob": 1.659285676271126, 
  "activity": 0.02461485927689594
}