{
  "bolusiob": 0, 
  "iob": -0.14849279189722223, 
  "activity": -0.00018689594356261028
}