{
  "bolusiob": 0, 
  "iob": -0.2656519711287501, 
  "activity": -0.0030582804232804233
}