{
  "bolusiob": 0, 
  "iob": -0.4539332622130555, 
  "activity": -0.0032767548500881832
}