{
  "bolusiob": 0.8395718474888889, 
  "iob": 1.4310394580516104, 
  "activity": 0.005758598289241621
}