{
  "bolusiob": 0.0018265119333333302, 
  "iob": 0.2411522094068891, 
  "activity": 0.012001093474426808
}