{
  "bolusiob": 0, 
  "iob": -0.22695805995867596, 
  "activity": -0.0027433244268077603
}