{
  "bolusiob": 0, 
  "iob": -0.32863189803750004, 
  "activity": -0.002989144620811287
}