{
  "bolusiob": 0, 
  "iob": -0.06924274367298612, 
  "activity": 0.00033791005291005256
}