{
  "bolusiob": 0, 
  "iob": 0.07276516988305587, 
  "activity": 0.013823280423280404
}