{
  "bolusiob": 0, 
  "iob": -0.11314032889611111, 
  "activity": -0.0017980687830687827
}