{
  "bolusiob": 0, 
  "iob": -0.5556644145629028, 
  "activity": -0.0010383687301587304
}