{
  "bolusiob": 0, 
  "iob": -0.10506000700314096, 
  "activity": -0.005099813597883598
}