{
  "bolusiob": 0, 
  "iob": 0.1341757591051672, 
  "activity": 0.003347618871252205
}