{
  "bolusiob": 0, 
  "iob": 0.6915430762808374, 
  "activity": 0.00988412954144621
}