{
  "bolusiob": 0, 
  "iob": -0.18058102862453265, 
  "activity": -0.00028731860670193945
}