{
  "bolusiob": 0.26309007979999993, 
  "iob": 1.1872105413879033, 
  "activity": 0.02842596975308641
}