{
  "bolusiob": 0, 
  "iob": 0.25478661196277785, 
  "activity": 0.005075820105820106
}