{
  "bolusiob": 0.38802587126666677, 
  "iob": 1.9031259515255554, 
  "activity": 0.02876904761904761
}