{
  "bolusiob": 0, 
  "iob": 0.5650088341330985, 
  "activity": 0.00543137603174603
}