{
  "bolusiob": 0.4636263231111111, 
  "iob": 1.7701637342133334, 
  "activity": 0.023717530864197527
}