{
  "bolusiob": 0, 
  "iob": 0.5716636325439767, 
  "activity": 0.009793077724867722
}