{
  "bolusiob": 0.9663985044266667, 
  "iob": 1.5888967080800003, 
  "activity": 0.016040211640211636
}