{
  "bolusiob": 0, 
  "iob": 0.08523843719499997, 
  "activity": 0.001212645502645502
}