{
  "bolusiob": 0, 
  "iob": 0.488729531243507, 
  "activity": 0.006709338624338623
}