{
  "bolusiob": 0, 
  "iob": 0.5641015236806465, 
  "activity": 0.010090705590828917
}