{
  "bolusiob": 0, 
  "iob": -0.3572243242043611, 
  "activity": -0.0033729012345679013
}