{
  "bolusiob": 0, 
  "iob": 0.051401260390079286, 
  "activity": 0.0023693316578483233
}