{
  "bolusiob": 0, 
  "iob": 0.3640491060017015, 
  "activity": 0.003874470899470899
}