{
  "bolusiob": 0, 
  "iob": 0.10977988492133331, 
  "activity": -0.003012821869488536
}