{
  "bolusiob": 0, 
  "iob": 0.6909782877201154, 
  "activity": 0.00882135788359788
}