{
  "bolusiob": 0.7365155585955557, 
  "iob": 2.413169221375779, 
  "activity": 0.018460840899470903
}