{
  "bolusiob": 2.9231817012088888, 
  "iob": 3.5662411130861957, 
  "activity": 0.013324849999999997
}