{
  "bolusiob": 0, 
  "iob": -0.6102269216233335, 
  "activity": -0.005815714285714284
}