{
  "bolusiob": 0, 
  "iob": 0.060119492087069216, 
  "activity": 0.0017372134391534383
}