{
  "bolusiob": 0, 
  "iob": 0.7704313702622706, 
  "activity": 0.01202495615520282
}