{
  "bolusiob": 0, 
  "iob": 0.12148326988166666, 
  "activity": 0.0011838271604938267
}