{
  "bolusiob": 0, 
  "iob": -0.06313255990000005, 
  "activity": 0.01073331569664903
}