{
  "bolusiob": 0, 
  "iob": 0.017610511379791693, 
  "activity": 0.0008752292768959434
}