{
  "bolusiob": 0, 
  "iob": 0.2332403034955142, 
  "activity": -0.0028490474426807757
}