{
  "bolusiob": 0, 
  "iob": 0.14195190100763894, 
  "activity": 0.0029154850088183417
}