{
  "bolusiob": 0, 
  "iob": -0.19306459652868235, 
  "activity": 4.556991181657825e-05
}