{
  "bolusiob": 0, 
  "iob": -0.5430573549507843, 
  "activity": 0.0018074774603174595
}