{
  "bolusiob": 0, 
  "iob": 0.2490565644583518, 
  "activity": 0.00444710795414462
}