{
  "bolusiob": 0.6644312604266667, 
  "iob": 2.0392138803675692, 
  "activity": 0.020999320987654318
}