{
  "bolusiob": 0, 
  "iob": 0.838983743145, 
  "activity": 0.01120068783068783
}