{
  "bolusiob": 0, 
  "iob": 0.4757376719570834, 
  "activity": 0.013934982363315694
}