{
  "bolusiob": 0, 
  "iob": 0.19378138065611114, 
  "activity": 0.0037989065255731925
}