{
  "bolusiob": 0, 
  "iob": -0.3512722502834723, 
  "activity": -0.0016607583774250437
}