{
  "bolusiob": 0, 
  "iob": -0.1783038514056462, 
  "activity": -0.0030245058024691352
}