{
  "bolusiob": 0, 
  "iob": 0.30628849086792814, 
  "activity": 0.0032870101940035267
}