{
  "bolusiob": 0.016406001186666685, 
  "iob": 0.44420503929881944, 
  "activity": 0.02324671075837742
}