{
  "bolusiob": 0, 
  "iob": 0.21653195309834936, 
  "activity": 0.006316666225749557
}