{
  "bolusiob": 0, 
  "iob": 0.2551186418080026, 
  "activity": 0.0029647263668430334
}