{
  "bolusiob": 0, 
  "iob": -0.03303383698963888, 
  "activity": -0.0020595414462081124
}