{
  "bolusiob": 0, 
  "iob": 0.5622142252404566, 
  "activity": 0.009233024814814814
}