{
  "bolusiob": 0, 
  "iob": 0.42017854354873707, 
  "activity": 0.006617812962962962
}