{
  "bolusiob": 0, 
  "iob": -0.13283742410163102, 
  "activity": 0.0019202467901234558
}