{
  "bolusiob": 0.23419370896000002, 
  "iob": 2.025943137306965, 
  "activity": 0.03509765343915342
}