{
  "bolusiob": 0, 
  "iob": 0.011854714334861058, 
  "activity": 0.003922530864197529
}