{
  "bolusiob": 0, 
  "iob": 0.12280047465759675, 
  "activity": 0.00020979982363315692
}