{
  "bolusiob": 0, 
  "iob": 0.026910076157206968, 
  "activity": -0.002769329611992945
}