{
  "bolusiob": 0, 
  "iob": -0.46281841845710714, 
  "activity": -0.005544294779541447
}