{
  "bolusiob": 0, 
  "iob": -0.08762662052999527, 
  "activity": -0.0008452996472663134
}