{
  "bolusiob": 0, 
  "iob": 0.12272656264090086, 
  "activity": 0.006773800529100526
}