{
  "bolusiob": 0, 
  "iob": 0.11988125541951625, 
  "activity": -0.0007951100352733692
}