{
  "bolusiob": 0, 
  "iob": -0.35074558974895437, 
  "activity": 0.0021612344444444445
}