{
  "bolusiob": 0.27917985166666676, 
  "iob": 0.7967847369309861, 
  "activity": 0.019502248677248674
}