{
  "bolusiob": 0, 
  "iob": 0.08768118450682258, 
  "activity": 0.0012586856790123464
}