{
  "bolusiob": 0, 
  "iob": -0.18946204514093026, 
  "activity": -0.0007520455908289233
}