{
  "bolusiob": 0.78481715584, 
  "iob": 0.7693345123850001, 
  "activity": 0.003108606701940035
}