{
  "bolusiob": 0, 
  "iob": 0.1682464491804355, 
  "activity": 0.002993456913580247
}