{
  "bolusiob": 1.2729879050488888, 
  "iob": 2.354441186875979, 
  "activity": 0.009689839153439142
}