{
  "bolusiob": 0, 
  "iob": -0.4273744839093952, 
  "activity": -0.0012451235449735445
}