{
  "bolusiob": 0, 
  "iob": 0.4124584900109376, 
  "activity": 0.006142138712522045
}