{
  "bolusiob": 0, 
  "iob": 0.079113491533125, 
  "activity": -0.00012813932980599657
}