{
  "bolusiob": 0, 
  "iob": 1.0702488659062852, 
  "activity": 0.011066269841269844
}