{
  "bolusiob": 0, 
  "iob": 0.6549309068693342, 
  "activity": 0.0029753351675484993
}