{
  "bolusiob": 0, 
  "iob": -0.42215113394422227, 
  "activity": -0.005508377425044091
}