{
  "bolusiob": 0, 
  "iob": -0.6335036933355966, 
  "activity": -0.004962645626102293
}