{
  "bolusiob": 0, 
  "iob": -0.10416583433611112, 
  "activity": -0.0014023456790123454
}