{
  "bolusiob": 0, 
  "iob": 0.20147622368791587, 
  "activity": 0.007666252028218694
}