{
  "bolusiob": 2.668021907342222, 
  "iob": 3.145737483054722, 
  "activity": 0.011159162257495591
}