{
  "bolusiob": 0, 
  "iob": -0.03087617245833332, 
  "activity": 0.0014667107583774249
}