{
  "bolusiob": 0, 
  "iob": 1.0243342173467669, 
  "activity": 0.012086428306878309
}