{
  "bolusiob": 0, 
  "iob": -0.07231065058979168, 
  "activity": -0.002329144620811287
}