{
  "bolusiob": 0, 
  "iob": 0.09908983022722222, 
  "activity": 0.00012932098765432097
}