{
  "bolusiob": 0, 
  "iob": 0.22184487351988377, 
  "activity": 0.0071168958553791874
}