{
  "bolusiob": 0, 
  "iob": -0.014166104928155232, 
  "activity": 0.0010715075485008814
}