{
  "bolusiob": 0.26424017669333355, 
  "iob": 1.7995525435312614, 
  "activity": 0.025394771075837732
}