{
  "bolusiob": 0, 
  "iob": -0.27326569990444444, 
  "activity": -0.0014208641975308643
}