{
  "bolusiob": 0, 
  "iob": 0.16931616714721606, 
  "activity": 0.00181908783068783
}