{
  "bolusiob": 0, 
  "iob": 0.6505522903810204, 
  "activity": 0.0067253569664902976
}