{
  "bolusiob": 0, 
  "iob": 0.4213706834032782, 
  "activity": 0.0046538799823633145
}