{
  "bolusiob": 1.557584824888889, 
  "iob": 1.7008745482042267, 
  "activity": 0.005335566578483247
}