{
  "bolusiob": 0, 
  "iob": 1.2405314883808611, 
  "activity": 0.01465683421516755
}