{
  "bolusiob": 0, 
  "iob": 0.7647255586463195, 
  "activity": 0.007521393298059964
}