{
  "bolusiob": 0, 
  "iob": 0.5359702837140418, 
  "activity": 0.007672470881834214
}