{
  "bolusiob": 0, 
  "iob": 0.02922591545375639, 
  "activity": -0.0033014900352733682
}