{
  "bolusiob": 0, 
  "iob": 0.5901737269125557, 
  "activity": 0.003321604938271602
}