{
  "bolusiob": 0.12157232789333336, 
  "iob": 1.7979898750044283, 
  "activity": 0.037955308730158725
}