{
  "bolusiob": 0, 
  "iob": 0.05188531450441666, 
  "activity": 0.0014549118165784827
}