{
  "bolusiob": 0, 
  "iob": 0.2929732318461111, 
  "activity": 0.006092804232804231
}