{
  "bolusiob": 0, 
  "iob": -0.3940935178728488, 
  "activity": -0.007987513350970017
}