{
  "bolusiob": 0, 
  "iob": -0.014754214740636831, 
  "activity": 0.010964933650793648
}