{
  "bolusiob": 0, 
  "iob": -0.13263896149319446, 
  "activity": -0.002371225749559083
}