{
  "bolusiob": 0, 
  "iob": -0.4317475689318414, 
  "activity": -0.0026027951499118162
}