{
  "bolusiob": 0, 
  "iob": 0.10887592323451747, 
  "activity": 0.002447962698412698
}