{
  "bolusiob": 0, 
  "iob": 0.5159115658922916, 
  "activity": 0.01750181657848324
}