{
  "bolusiob": 0.047031806293333325, 
  "iob": 0.5750127726244447, 
  "activity": 0.015490705467372134
}