{
  "bolusiob": 0, 
  "iob": 0.5958720431867196, 
  "activity": 0.005493095608465607
}