{
  "bolusiob": 0.25584684884000003, 
  "iob": 0.8935706122163738, 
  "activity": 0.0165472661904762
}