{
  "bolusiob": 0, 
  "iob": 0.5365623601616429, 
  "activity": 0.008228254091710753
}