{
  "bolusiob": 0, 
  "iob": 0.14438249455722224, 
  "activity": 0.0013398765432098769
}