{
  "bolusiob": 0, 
  "iob": -0.2845457689082324, 
  "activity": 0.006203209735449732
}