{
  "bolusiob": 0, 
  "iob": 0.8664783022961112, 
  "activity": 0.011128130511463847
}