{
  "bolusiob": 0, 
  "iob": 0.89318307843, 
  "activity": 0.016451005291005287
}