{
  "bolusiob": 0, 
  "iob": 0.1805002211310418, 
  "activity": 0.003459982451499115
}