{
  "bolusiob": 0, 
  "iob": 0.013258554705053383, 
  "activity": 0.0023304877954144613
}