{
  "bolusiob": 0, 
  "iob": 0.6651176681433301, 
  "activity": 0.0056367328042328056
}