{
  "bolusiob": 0, 
  "iob": -0.6984783346786044, 
  "activity": -0.007856966613756613
}