{
  "bolusiob": 0, 
  "iob": -0.4964919827866961, 
  "activity": -0.005902028130511464
}