{
  "bolusiob": 0, 
  "iob": 0.44561189673771323, 
  "activity": 0.010442548747795414
}