{
  "bolusiob": 0, 
  "iob": 0.3391064297645001, 
  "activity": 0.004206754850088184
}