{
  "bolusiob": 0, 
  "iob": 0.17189269221730738, 
  "activity": -0.00288500873015873
}