{
  "bolusiob": 0, 
  "iob": 0.0035376836712772766, 
  "activity": 0.008348139417989415
}