{
  "bolusiob": 0, 
  "iob": 0.6643813827919751, 
  "activity": 0.0031950794532627862
}