{
  "bolusiob": 0, 
  "iob": -0.2207997005826673, 
  "activity": 0.010489603227513232
}