{
  "bolusiob": 0, 
  "iob": 1.0131363564091804, 
  "activity": 0.01717521137566137
}