{
  "bolusiob": 0, 
  "iob": -0.06676598896188193, 
  "activity": 0.0027726243386243373
}