{
  "bolusiob": 0.19869856256, 
  "iob": -0.7271835765798751, 
  "activity": -0.010015802839506172
}