{
  "bolusiob": 0, 
  "iob": -0.8057186982353437, 
  "activity": -0.0007373990828924142
}