{
  "bolusiob": 0, 
  "iob": 1.2069334541545325, 
  "activity": 0.02744908509700175
}