{
  "bolusiob": 0.05488060446666665, 
  "iob": 0.43318023254633364, 
  "activity": 0.016844021164021162
}