{
  "bolusiob": 0, 
  "iob": 0.5497532200169445, 
  "activity": 0.013055961199294528
}