{
  "bolusiob": 0.5404784832, 
  "iob": 1.1535569483016668, 
  "activity": 0.007002530864197531
}