{
  "bolusiob": 0.38699273728, 
  "iob": 0.8120056455992208, 
  "activity": 0.009744479700176363
}