{
  "bolusiob": 0, 
  "iob": -0.06420172010642358, 
  "activity": -0.0008642460317460317
}