{
  "bolusiob": 1.370544218293333, 
  "iob": 2.1916699267428346, 
  "activity": 0.013578888518518519
}