{
  "bolusiob": 0, 
  "iob": 0.4862887019300918, 
  "activity": 0.008892997830687827
}