{
  "bolusiob": 0, 
  "iob": 0.17582257971423904, 
  "activity": 0.0068282891181657805
}