{
  "bolusiob": 0, 
  "iob": 0.7259103841546416, 
  "activity": 0.009610071005291005
}