{
  "bolusiob": 0, 
  "iob": 0.3641930663177778, 
  "activity": 0.0055770370370370375
}