{
  "bolusiob": 0, 
  "iob": -0.05445243378287617, 
  "activity": -0.0012119580423280425
}