{
  "bolusiob": 0, 
  "iob": 0.22800935064430553, 
  "activity": 0.0027671604938271596
}