{
  "bolusiob": 0, 
  "iob": -0.2094810112970871, 
  "activity": -0.0035655025573192237
}