{
  "bolusiob": 0.004970584000000011, 
  "iob": -0.10207179339288139, 
  "activity": -0.000970872751322751
}