{
  "bolusiob": 0, 
  "iob": 1.249693256467793, 
  "activity": 0.027855938271604944
}