{
  "bolusiob": 0, 
  "iob": -0.22713428593194446, 
  "activity": -0.0016922927689594352
}