{
  "bolusiob": 0, 
  "iob": -0.07975801004256944, 
  "activity": 0.0005500088183421518
}