{
  "bolusiob": 0, 
  "iob": -0.44292658721678924, 
  "activity": -0.005048633492063491
}