{
  "bolusiob": 0, 
  "iob": 0.720681342346621, 
  "activity": 0.008761893456790121
}