{
  "bolusiob": 0, 
  "iob": -0.2765315322752778, 
  "activity": 0.004854929453262778
}