{
  "bolusiob": 0, 
  "iob": -0.27939543884455187, 
  "activity": 0.0010160492945326272
}