{
  "bolusiob": 0, 
  "iob": 0.6941660779985619, 
  "activity": 0.005535820370370369
}