{
  "bolusiob": 0, 
  "iob": 0.3582904098357384, 
  "activity": 0.0055796829100529105
}