{
  "bolusiob": 0, 
  "iob": 0.4863712744982015, 
  "activity": 0.008136322751322748
}