{
  "bolusiob": 0, 
  "iob": -0.07028143528552691, 
  "activity": -0.0012707229276895942
}