{
  "bolusiob": 0, 
  "iob": -0.07388821014430556, 
  "activity": -0.0031243121693121686
}