{
  "bolusiob": -0.00015551053333351383, 
  "iob": 0.6591304268422223, 
  "activity": 0.013764973544973544
}