{
  "bolusiob": 0, 
  "iob": 0.23104606423057245, 
  "activity": 0.003864403615520281
}