{
  "bolusiob": 0, 
  "iob": -0.1461154810184877, 
  "activity": -0.0011386685537918867
}