{
  "bolusiob": 1.24405352592, 
  "iob": 2.001100441961597, 
  "activity": 0.011064656084656085
}