{
  "bolusiob": 0, 
  "iob": 0.844990215535, 
  "activity": 0.010912098765432096
}