{
  "bolusiob": 0, 
  "iob": -0.5662739885372895, 
  "activity": -0.005567883968253969
}