{
  "bolusiob": 0.24781883015999995, 
  "iob": 1.5044834754473615, 
  "activity": 0.022838738977072306
}