{
  "bolusiob": 0, 
  "iob": 1.1245821521527433, 
  "activity": 0.01306978395061728
}