{
  "bolusiob": 0, 
  "iob": 0.23846172812319022, 
  "activity": 0.005361666790123457
}