{
  "bolusiob": 0, 
  "iob": 0.638974907463947, 
  "activity": 0.009593941957671952
}