{
  "bolusiob": 0, 
  "iob": 0.737333112371501, 
  "activity": 0.010366922716049384
}