{
  "bolusiob": 0, 
  "iob": 0.042893317293333344, 
  "activity": 0.001696649029982363
}