{
  "bolusiob": 0.002690589239999996, 
  "iob": -0.4614334864531323, 
  "activity": 0.008829302998236331
}