{
  "bolusiob": 0, 
  "iob": -0.1385399475442485, 
  "activity": -0.0007886831569664939
}