{
  "bolusiob": 0, 
  "iob": -0.1075145107644773, 
  "activity": -0.000984603350970018
}