{
  "bolusiob": 0, 
  "iob": 0.04166536666396861, 
  "activity": 0.003192248500881833
}