{
  "bolusiob": 0, 
  "iob": 0.008178095494949876, 
  "activity": -0.0015700791005291003
}