{
  "bolusiob": 0, 
  "iob": 0.3376561885632351, 
  "activity": 0.005082098536155202
}