{
  "bolusiob": 0, 
  "iob": 0.47059150971180175, 
  "activity": 0.00903455795414462
}