{
  "bolusiob": 0, 
  "iob": 0.6174283698903309, 
  "activity": 0.008135969664902997
}