{
  "bolusiob": 0, 
  "iob": 0.3760791539618175, 
  "activity": 0.007953068430335096
}