{
  "bolusiob": 0, 
  "iob": 0.3395692163283334, 
  "activity": 0.0049647442680776
}