{
  "bolusiob": 0, 
  "iob": 0.7512988734077204, 
  "activity": 0.009724180352733685
}