{
  "bolusiob": 0.6838021798399999, 
  "iob": 1.0668066654335016, 
  "activity": 0.01288582883597883
}