{
  "bolusiob": 0.10979733256000009, 
  "iob": 1.171261444642222, 
  "activity": 0.022073209876543206
}