{
  "bolusiob": 0, 
  "iob": -0.367549514194043, 
  "activity": -0.002111985890652558
}