{
  "bolusiob": 0, 
  "iob": 0.35087979012055553, 
  "activity": 0.005445643738977074
}