{
  "bolusiob": 0, 
  "iob": 0.5700560771441555, 
  "activity": 0.012682407671957672
}