{
  "bolusiob": 0, 
  "iob": 0.8371163083655492, 
  "activity": 0.006236208236331568
}