{
  "bolusiob": 0, 
  "iob": 0.6692180596692222, 
  "activity": 0.009120626102292766
}