{
  "bolusiob": 0, 
  "iob": 0.45778346880605386, 
  "activity": 0.0079761264021164
}