{
  "bolusiob": 0, 
  "iob": 0.013667184597811494, 
  "activity": -0.0025339706878306873
}