{
  "bolusiob": 1.512445, 
  "iob": 2.9925681346564637, 
  "activity": 0.026554701410934745
}