{
  "bolusiob": 0, 
  "iob": 0.03342447422174471, 
  "activity": 0.001749003350970017
}