{
  "bolusiob": 0, 
  "iob": -0.25441401332861113, 
  "activity": 0.0017059435626102294
}