{
  "bolusiob": 0, 
  "iob": 0.17647771311334504, 
  "activity": -0.0017655112522045853
}