{
  "bolusiob": 0, 
  "iob": -0.08849807201104551, 
  "activity": -0.0020002556261022927
}