{
  "bolusiob": 0, 
  "iob": -0.505737393315, 
  "activity": -0.0057051322751322745
}