{
  "bolusiob": 0, 
  "iob": 0.05262991688499896, 
  "activity": 0.004593465485008815
}