{
  "bolusiob": 0, 
  "iob": 0.2541229136172524, 
  "activity": 0.005600255855379188
}