{
  "bolusiob": 0, 
  "iob": 0.2336389818193397, 
  "activity": 0.0018208995590828928
}