{
  "bolusiob": 2.298198247751111, 
  "iob": 5.083113109123889, 
  "activity": 0.04647941798941798
}