{
  "bolusiob": 0, 
  "iob": -0.25716393601666665, 
  "activity": -0.0029733421516754846
}