{
  "bolusiob": 0, 
  "iob": 0.12678730715806502, 
  "activity": 0.0031153084656084643
}