{
  "bolusiob": 0, 
  "iob": -0.044176436521666675, 
  "activity": 0.00024141093474426816
}