{
  "bolusiob": 0, 
  "iob": 0.7975891145004167, 
  "activity": 0.009299356261022925
}