{
  "bolusiob": 0, 
  "iob": 0.5490834501586039, 
  "activity": 0.011249702733686067
}