{
  "bolusiob": 0, 
  "iob": -0.03962311818573498, 
  "activity": 0.003039017971781305
}