{
  "bolusiob": 0, 
  "iob": -0.19831107226041667, 
  "activity": -0.00199910934744268
}