{
  "bolusiob": 0, 
  "iob": 0.548514839852014, 
  "activity": 0.006427019400352734
}