{
  "bolusiob": 0, 
  "iob": 1.4430837981451194, 
  "activity": 0.018338266049382712
}