{
  "bolusiob": 0, 
  "iob": 0.799302611173568, 
  "activity": 0.008765535361552026
}