{
  "bolusiob": 0, 
  "iob": 0.7868980405655557, 
  "activity": 0.007999814814814812
}