{
  "bolusiob": 0, 
  "iob": -0.19778220307782815, 
  "activity": 0.00016677910052909968
}