{
  "bolusiob": 0, 
  "iob": 0.5550988690538263, 
  "activity": 0.00582237250440917
}