{
  "bolusiob": 0, 
  "iob": -0.4320133169650926, 
  "activity": -0.006660493738977071
}