{
  "bolusiob": 0, 
  "iob": 0.4667702597194445, 
  "activity": 0.0072880158730158715
}