{
  "bolusiob": 0, 
  "iob": -0.3333316801786111, 
  "activity": 0.0030941447619047624
}