{
  "bolusiob": 0.056838434639999845, 
  "iob": 1.3520499870883333, 
  "activity": 0.02971490299823633
}