{
  "bolusiob": 0, 
  "iob": 0.727607912953435, 
  "activity": 0.0026690925925925927
}