{
  "bolusiob": 0, 
  "iob": -0.45596485128722225, 
  "activity": -0.005597865961199293
}