{
  "bolusiob": 0, 
  "iob": -0.08102046273700003, 
  "activity": -0.0021821781305114635
}