{
  "bolusiob": 0, 
  "iob": 0.8079574259587565, 
  "activity": 0.010106596243386242
}