{
  "bolusiob": 0, 
  "iob": 0.16434643910875002, 
  "activity": 0.0023029276895943558
}