{
  "bolusiob": 0.05618043666666661, 
  "iob": 0.8037131362711111, 
  "activity": 0.008040335097001763
}