{
  "bolusiob": 0.0061168874666666095, 
  "iob": 0.4695112085333334, 
  "activity": 0.010236331569664902
}