{
  "bolusiob": 0, 
  "iob": -0.792788432509861, 
  "activity": -0.0068247707231040575
}