{
  "bolusiob": 0, 
  "iob": -0.4129433235125003, 
  "activity": 0.0006809171075837618
}