{
  "bolusiob": 0.7823139060000003, 
  "iob": 1.735919331060694, 
  "activity": 0.019962936507936502
}