{
  "bolusiob": 0, 
  "iob": 0.4959348686004236, 
  "activity": 0.00787475308641975
}