{
  "bolusiob": 0, 
  "iob": 0.7148741872008546, 
  "activity": 0.005033534832451496
}