{
  "bolusiob": 0, 
  "iob": -0.13165629152111114, 
  "activity": -0.0010778835978835976
}