{
  "bolusiob": 0, 
  "iob": 0.4724865971643517, 
  "activity": 0.0023931926102292765
}