{
  "bolusiob": 1.0306388441599998, 
  "iob": 1.9841777914627778, 
  "activity": 0.016307707231040563
}