{
  "bolusiob": 0.22043998486666666, 
  "iob": 1.0763926888851616, 
  "activity": 0.028479876278659614
}