{
  "bolusiob": 0, 
  "iob": 0.5088610983072223, 
  "activity": 0.008603033509700174
}