{
  "bolusiob": 0, 
  "iob": -0.1540490520321472, 
  "activity": -0.0044979721164021165
}