{
  "bolusiob": 0, 
  "iob": 0.5717816558428684, 
  "activity": 0.008591260670194
}