{
  "bolusiob": 0, 
  "iob": -0.3487787877693482, 
  "activity": -0.0028301498236331566
}