{
  "bolusiob": 0, 
  "iob": 0.41168608291793524, 
  "activity": 0.006821957319223984
}