{
  "bolusiob": 0, 
  "iob": -0.24488878056611113, 
  "activity": 0.001184814814814815
}