{
  "bolusiob": 0, 
  "iob": -0.07321905200204447, 
  "activity": -0.001905802469135802
}