{
  "bolusiob": 0, 
  "iob": 1.0017293959386526, 
  "activity": 0.01650129603174603
}