{
  "bolusiob": 0, 
  "iob": 0.23996488869930557, 
  "activity": 0.005499347442680775
}