{
  "bolusiob": 0, 
  "iob": -0.18144912868871127, 
  "activity": -0.00019070557319224
}