{
  "bolusiob": 0, 
  "iob": -0.20801921084388889, 
  "activity": -0.002322204585537919
}