{
  "bolusiob": 0, 
  "iob": 0.2897561071844167, 
  "activity": 0.0006012257495590826
}