{
  "bolusiob": 0, 
  "iob": -0.27682293799208335, 
  "activity": -0.0009419312169312168
}