{
  "bolusiob": 0, 
  "iob": -0.26643288917623154, 
  "activity": 7.231049382716077e-05
}