{
  "bolusiob": 0.10166961820000006, 
  "iob": 1.0883859699161114, 
  "activity": 0.01782154320987654
}