{
  "bolusiob": 0, 
  "iob": -0.8904320085149181, 
  "activity": -0.0027933602821869517
}