{
  "bolusiob": 0, 
  "iob": 0.6175017155529862, 
  "activity": 0.005057063492063493
}