{
  "bolusiob": 0, 
  "iob": 0.4255310403316667, 
  "activity": 0.006198924162257496
}