{
  "bolusiob": 0, 
  "iob": -0.14669416321991702, 
  "activity": -0.0018627871957671949
}