{
  "bolusiob": 0, 
  "iob": -0.4033925440718486, 
  "activity": 0.007649814726631391
}