{
  "bolusiob": 0.9838806014800003, 
  "iob": 1.970116218018334, 
  "activity": 0.019036102292768958
}