{
  "bolusiob": 0.5612937782, 
  "iob": 1.4586522061294445, 
  "activity": 0.01156475308641975
}