{
  "bolusiob": 0, 
  "iob": -0.020217861492516098, 
  "activity": -0.005644091499118165
}