{
  "bolusiob": 0, 
  "iob": -0.3923468432276251, 
  "activity": -0.006394320987654319
}