{
  "bolusiob": 0, 
  "iob": 0.5662716545271036, 
  "activity": 0.0029278835097001745
}