{
  "bolusiob": 0, 
  "iob": -0.417201869383318, 
  "activity": -0.005826949576719577
}