{
  "bolusiob": 0, 
  "iob": -0.08424536128500004, 
  "activity": 0.0020966402116402113
}