{
  "bolusiob": 0, 
  "iob": -0.17523747169386597, 
  "activity": -0.0016326189594356255
}