{
  "bolusiob": 0.32937079663999996, 
  "iob": 0.6639255765285555, 
  "activity": 0.005208624338624337
}