{
  "bolusiob": 0, 
  "iob": 0.11742221203329224, 
  "activity": 0.006742530740740737
}