{
  "bolusiob": 0.2670639746800001, 
  "iob": 2.0906940440908555, 
  "activity": 0.035187618165784834
}