{
  "bolusiob": 0, 
  "iob": 0.029913691616070333, 
  "activity": 0.0007444705996472658
}