{
  "bolusiob": 0, 
  "iob": 0.21771513468666667, 
  "activity": 0.0006805643738977073
}