{
  "bolusiob": 0, 
  "iob": -0.538516253500446, 
  "activity": -0.007900985802469136
}