{
  "bolusiob": 1.3515713365333333, 
  "iob": 1.786811178365111, 
  "activity": 0.0004167973192239854
}