{
  "bolusiob": 0, 
  "iob": 0.6271610265608888, 
  "activity": 0.0033638095238095237
}