{
  "bolusiob": 1.0040104474666667, 
  "iob": 1.6874709159206267, 
  "activity": 0.010991904885361548
}