{
  "bolusiob": 0, 
  "iob": -0.11598306275722224, 
  "activity": -0.000150573192239859
}