{
  "bolusiob": 0, 
  "iob": 0.24079560965967226, 
  "activity": 0.004879905291005286
}