{
  "bolusiob": 0, 
  "iob": 0.6806224805625825, 
  "activity": 0.002615291463844796
}