{
  "bolusiob": 0, 
  "iob": 0.20106306226822193, 
  "activity": -0.004429659435626102
}