{
  "bolusiob": 1.3412740930666667, 
  "iob": 1.8297204258001658, 
  "activity": 0.007082727195767194
}