{
  "bolusiob": 0, 
  "iob": 1.0599833310946476, 
  "activity": 0.011003430246913578
}