{
  "bolusiob": 0, 
  "iob": 0.7475041056286613, 
  "activity": 0.011459126631393299
}