{
  "bolusiob": 0, 
  "iob": 0.030385125736367258, 
  "activity": -0.0024306787477954145
}