{
  "bolusiob": 2.5160759999975912e-05, 
  "iob": 0.45928960359383714, 
  "activity": 0.004436613668430333
}