{
  "bolusiob": 0, 
  "iob": -0.4299782677800834, 
  "activity": -0.0063175925925925925
}