{
  "bolusiob": 0, 
  "iob": 0.17524081832406482, 
  "activity": 0.0013083772134038765
}