{
  "bolusiob": 0, 
  "iob": 0.08198011013798612, 
  "activity": -0.0009684391534391533
}