{
  "bolusiob": 0, 
  "iob": 0.10549584904579638, 
  "activity": 0.003368650529100528
}