{
  "bolusiob": 0, 
  "iob": 0.7153978306458334, 
  "activity": 0.007760264550264551
}