{
  "bolusiob": 0.6649089871822222, 
  "iob": 0.6896953341288888, 
  "activity": 0.0012254320987654316
}