{
  "bolusiob": 0, 
  "iob": 0.261462754903042, 
  "activity": -0.004191722927689593
}