{
  "bolusiob": 0, 
  "iob": -0.3467150835311806, 
  "activity": -0.005735405502645502
}