{
  "bolusiob": 0, 
  "iob": 0.06818007338611111, 
  "activity": -0.0003385714285714289
}