{
  "bolusiob": 0, 
  "iob": 0.21538524134999998, 
  "activity": 0.00532201058201058
}