{
  "bolusiob": 0, 
  "iob": 0.2475814841513651, 
  "activity": 0.004640282557319222
}