{
  "bolusiob": 0, 
  "iob": -0.041113812815, 
  "activity": 0.000516402116402116
}