{
  "bolusiob": 0, 
  "iob": -0.17216267471682042, 
  "activity": -0.003606631305114638
}