{
  "bolusiob": 0.1851325047866668, 
  "iob": 1.0442180689633116, 
  "activity": 0.016367160846560844
}