{
  "bolusiob": 0, 
  "iob": -0.49464546996272607, 
  "activity": -0.0044011993298059965
}