{
  "bolusiob": 0, 
  "iob": -0.037453239520416674, 
  "activity": -0.0025678747795414457
}