{
  "bolusiob": 0, 
  "iob": 0.454535184764664, 
  "activity": 0.004915203350970016
}