{
  "bolusiob": 0, 
  "iob": -0.10686770172563893, 
  "activity": 0.001438192239858905
}