{
  "bolusiob": 0, 
  "iob": 0.9216681749047976, 
  "activity": 0.012725497971781305
}