{
  "bolusiob": 0, 
  "iob": 0.899708854027741, 
  "activity": 0.00788332442680776
}