{
  "bolusiob": 0, 
  "iob": -0.3086053749919113, 
  "activity": -0.0034770018165784836
}