{
  "bolusiob": 0, 
  "iob": -0.0627950055603125, 
  "activity": -0.00015710317460317457
}