{
  "bolusiob": 0, 
  "iob": 0.4738670972488889, 
  "activity": 0.007986084656084655
}