{
  "bolusiob": 0, 
  "iob": 0.5977838114321019, 
  "activity": 0.0066917817989418
}