{
  "bolusiob": 0, 
  "iob": 0.19991747260930637, 
  "activity": -0.006360660529100529
}