{
  "bolusiob": 0, 
  "iob": 0.33902384455866674, 
  "activity": -0.001266754850088183
}