{
  "bolusiob": 0, 
  "iob": -0.28164363862972225, 
  "activity": -0.002339700176366843
}