{
  "bolusiob": 0, 
  "iob": -0.125806310425, 
  "activity": 0.0014273721340388008
}