{
  "bolusiob": 0, 
  "iob": -0.27408413812678895, 
  "activity": -0.005364911816578484
}