{
  "bolusiob": 0, 
  "iob": -0.1049432551315278, 
  "activity": -0.0009658289241622582
}