{
  "bolusiob": 0.010593924760000028, 
  "iob": 0.7764071702532117, 
  "activity": 0.013251740564373895
}