{
  "bolusiob": 0, 
  "iob": -0.03626659940119569, 
  "activity": 0.0023765519400352738
}