{
  "bolusiob": 0, 
  "iob": 0.9701440337338891, 
  "activity": 0.01084864197530864
}