{
  "bolusiob": 0, 
  "iob": -0.4499948337140974, 
  "activity": 0.007154365079365073
}