{
  "bolusiob": 0, 
  "iob": 0.7189044121759723, 
  "activity": 0.006337054673721341
}