{
  "bolusiob": 0, 
  "iob": -0.19309175617726657, 
  "activity": 0.0001235360317460313
}