{
  "bolusiob": 0, 
  "iob": -0.1787739510923305, 
  "activity": -0.003327521675485008
}