{
  "bolusiob": 0, 
  "iob": 0.5071732909642366, 
  "activity": 0.005910106261022927
}