{
  "bolusiob": 0, 
  "iob": 0.13906992696797296, 
  "activity": -0.0047468686419753076
}