{
  "bolusiob": 0, 
  "iob": -0.3717206211659583, 
  "activity": -0.0018240740740740728
}