{
  "bolusiob": 0, 
  "iob": 0.2761126382184302, 
  "activity": 0.00354723996472663
}