{
  "bolusiob": 0, 
  "iob": 0.9781436103792379, 
  "activity": 0.015079938007054669
}