{
  "bolusiob": 0.8487194560000001, 
  "iob": 1.3286703628963885, 
  "activity": 0.010112186948853614
}