{
  "bolusiob": 0, 
  "iob": -0.10295182798293423, 
  "activity": 0.0004890300705467376
}