{
  "bolusiob": 0, 
  "iob": -0.2340422798780482, 
  "activity": -0.00274605811287478
}