{
  "bolusiob": 0, 
  "iob": -0.8093968944742057, 
  "activity": 0.0008355462433862434
}