{
  "bolusiob": 0.020504785173333553, 
  "iob": 0.8845662548460554, 
  "activity": 0.027200070546737207
}