{
  "bolusiob": 0, 
  "iob": 0.25475681648410853, 
  "activity": 0.005823932627865961
}