{
  "bolusiob": 0, 
  "iob": -0.5451851394545035, 
  "activity": -0.007935150158730158
}