{
  "bolusiob": 0.81415269152, 
  "iob": 1.583129529396743, 
  "activity": 0.01001260178130511
}