{
  "bolusiob": 0, 
  "iob": 0.8644351776209965, 
  "activity": 0.01179912712522046
}