{
  "bolusiob": 0, 
  "iob": 0.7192671268545731, 
  "activity": 0.009279549629629631
}