{
  "bolusiob": 0, 
  "iob": 0.2678694359585747, 
  "activity": 0.002989867901234568
}