{
  "bolusiob": 0, 
  "iob": 0.3475662397138889, 
  "activity": 0.008350670194003528
}