{
  "bolusiob": 0, 
  "iob": -0.24193356959541673, 
  "activity": -0.0042633597883597885
}