{
  "bolusiob": 0, 
  "iob": 0.17625515564322922, 
  "activity": -0.001523932980599647
}