{
  "bolusiob": 0, 
  "iob": -0.10213152723997121, 
  "activity": 0.002182636225749558
}