{
  "bolusiob": 0, 
  "iob": 0.8309614699853233, 
  "activity": 0.01784720961199294
}