{
  "bolusiob": 0.0003129540266665565, 
  "iob": 0.36227547364222235, 
  "activity": 0.006606490299823634
}