{
  "bolusiob": 0, 
  "iob": 0.18746519504163958, 
  "activity": -0.0067583853968253985
}