{
  "bolusiob": 2.0246250158, 
  "iob": 3.209197723311943, 
  "activity": 0.029423068835978824
}