{
  "bolusiob": 0, 
  "iob": 0.10582521190796323, 
  "activity": 0.002016225873015873
}