{
  "bolusiob": 0, 
  "iob": -0.1943326811357183, 
  "activity": -0.001239036261022929
}