{
  "bolusiob": 0, 
  "iob": -0.11764776088713472, 
  "activity": -0.0021590914462081127
}