{
  "bolusiob": 0, 
  "iob": 0.41743469638443176, 
  "activity": 0.002859770811287478
}