{
  "bolusiob": 0, 
  "iob": 0.038963533010555565, 
  "activity": 0.006365714285714283
}