{
  "bolusiob": 0, 
  "iob": -0.03738785327935085, 
  "activity": 0.0006969310405643735
}