{
  "bolusiob": 0, 
  "iob": -0.26470108668959996, 
  "activity": -5.346560846560822e-05
}