{
  "bolusiob": 0, 
  "iob": 0.6743409372662998, 
  "activity": 0.0010716228395061722
}