{
  "bolusiob": 0, 
  "iob": 0.36436777455254293, 
  "activity": 0.027062628095238083
}