{
  "bolusiob": 1.0031635950133333, 
  "iob": 1.9395186773244972, 
  "activity": 0.01631712548500882
}