{
  "bolusiob": 0, 
  "iob": 0.8614086209995468, 
  "activity": 0.015429274338624333
}