{
  "bolusiob": 0, 
  "iob": 0.3831046081065353, 
  "activity": 0.007415811234567899
}