{
  "bolusiob": 0, 
  "iob": 1.0572523596470833, 
  "activity": 0.01078069664902998
}