{
  "bolusiob": 1.8594747595200003, 
  "iob": 1.88399242028882, 
  "activity": 0.001725489717813048
}