{
  "bolusiob": 0, 
  "iob": 1.1191807071127782, 
  "activity": 0.013165731922398591
}