{
  "bolusiob": 0, 
  "iob": -0.05967374029411812, 
  "activity": 0.005543377160493827
}