{
  "bolusiob": 0, 
  "iob": 0.7337591108783333, 
  "activity": 0.009346049382716047
}