{
  "bolusiob": 0, 
  "iob": 0.42644022506191487, 
  "activity": 0.006988941975308638
}