{
  "bolusiob": 0, 
  "iob": 0.8190830411933502, 
  "activity": 0.009867906701940037
}