{
  "bolusiob": 0, 
  "iob": -0.21664600385971708, 
  "activity": -0.0029359699294532623
}