{
  "bolusiob": 0.20403932237333333, 
  "iob": 1.8659172430134554, 
  "activity": 0.0338955462962963
}