{
  "bolusiob": 0, 
  "iob": -0.2973702082871181, 
  "activity": 0.0008041446208112829
}