{
  "bolusiob": 0, 
  "iob": 0.37525309423071074, 
  "activity": 0.005670785202821869
}