{
  "bolusiob": 0, 
  "iob": -0.005197088299270836, 
  "activity": -0.0004311067019400351
}