{
  "bolusiob": 0, 
  "iob": -0.29378714910222226, 
  "activity": -0.0005333333333333333
}