{
  "bolusiob": 0, 
  "iob": 0.8374879093239469, 
  "activity": 0.009296066754850084
}