{
  "bolusiob": 0, 
  "iob": -0.6120057835964444, 
  "activity": -0.0011156966490299825
}