{
  "bolusiob": 0, 
  "iob": -0.020216186537416657, 
  "activity": -0.0014154938271604936
}