{
  "bolusiob": 0, 
  "iob": 0.9575582297161113, 
  "activity": 0.010399559082892418
}