{
  "bolusiob": 0, 
  "iob": -0.10726240156033338, 
  "activity": -0.0021262627865961197
}