{
  "bolusiob": 0, 
  "iob": 0.22658224803727778, 
  "activity": 0.0035698765432098756
}