{
  "bolusiob": 0, 
  "iob": -0.03954271642988331, 
  "activity": -0.00010363712522045874
}