{
  "bolusiob": 0, 
  "iob": 0.05018613446868475, 
  "activity": 0.024680846172839496
}