{
  "bolusiob": 0, 
  "iob": 0.9457417532204169, 
  "activity": 0.009873959435626101
}