{
  "bolusiob": 0, 
  "iob": 0.0917007193304, 
  "activity": 0.003632380952380952
}