{
  "bolusiob": 0, 
  "iob": 0.7692756342348887, 
  "activity": 0.010824991798941794
}