{
  "bolusiob": 0, 
  "iob": -0.09003812052366666, 
  "activity": -0.0021865520282186948
}