{
  "bolusiob": 0, 
  "iob": -0.5199492730863889, 
  "activity": -0.005367548412698412
}