{
  "bolusiob": 0, 
  "iob": 0.21243718146214025, 
  "activity": 0.004107698148148146
}