{
  "bolusiob": 0, 
  "iob": -3.7314999995485824e-08, 
  "activity": -2.3809523809523172e-06
}