{
  "bolusiob": 0, 
  "iob": -0.3608543641549006, 
  "activity": -0.003267865978835979
}