{
  "bolusiob": 0, 
  "iob": 0.6939310088846528, 
  "activity": 0.007528165784832449
}