{
  "bolusiob": 0, 
  "iob": 0.06191028531285684, 
  "activity": -0.0006273366843033507
}