{
  "bolusiob": 0, 
  "iob": -0.20744797071208332, 
  "activity": -0.0002735890652557322
}