{
  "bolusiob": 0, 
  "iob": 0.5347024449259721, 
  "activity": 0.0012088536155202814
}