{
  "bolusiob": 0, 
  "iob": 1.0269386344873799, 
  "activity": 0.01045955017636684
}