{
  "bolusiob": 0, 
  "iob": -0.6847388131307358, 
  "activity": -0.006028068518518517
}