{
  "bolusiob": 0, 
  "iob": 0.6342758706105015, 
  "activity": 0.0062038006172839485
}