{
  "bolusiob": 0, 
  "iob": 0.10335684451935401, 
  "activity": -0.005357398589065257
}