{
  "bolusiob": 0, 
  "iob": 0.054586212168844114, 
  "activity": -0.0011335622222222218
}