{
  "bolusiob": 0, 
  "iob": 0.2822845130343542, 
  "activity": -0.0045642416225749535
}