{
  "bolusiob": 0, 
  "iob": 1.1154715921831946, 
  "activity": 0.01199806878306878
}