{
  "bolusiob": 0, 
  "iob": -0.2834782922025, 
  "activity": -0.0028903262786596114
}