{
  "bolusiob": 0, 
  "iob": 0.4971727708306698, 
  "activity": 0.007883209823633157
}