{
  "bolusiob": 0, 
  "iob": 0.22037326836559257, 
  "activity": 0.0023644142504409163
}