{
  "bolusiob": 0, 
  "iob": -0.5821344769803471, 
  "activity": -0.004409935784832452
}