{
  "bolusiob": 0, 
  "iob": 0.38597918886222227, 
  "activity": 0.005680652557319223
}