{
  "bolusiob": 0, 
  "iob": 0.6797371309102382, 
  "activity": 0.008587381111111108
}