{
  "bolusiob": 2.394455757226667, 
  "iob": 2.411860635449355, 
  "activity": 0.004834003156966491
}