{
  "bolusiob": 0, 
  "iob": 0.7593172237015886, 
  "activity": 0.022284267636684302
}