{
  "bolusiob": 1.27979156864, 
  "iob": 2.4735933731190918, 
  "activity": 0.031891693209876525
}