{
  "bolusiob": 0, 
  "iob": 1.087857802257361, 
  "activity": 0.011421455026455024
}