{
  "bolusiob": 0, 
  "iob": -0.0656286302005556, 
  "activity": -0.002791384479717813
}