{
  "bolusiob": 0, 
  "iob": 0.13850600415722225, 
  "activity": 0.001454162257495591
}