{
  "bolusiob": 0, 
  "iob": -0.29838135177308045, 
  "activity": -0.002804506084656084
}