{
  "bolusiob": 0, 
  "iob": 0.5756323134218345, 
  "activity": 0.009209321111111106
}