{
  "bolusiob": 1.29042768, 
  "iob": 1.0439763628194445, 
  "activity": 0.0028571957671957664
}