{
  "bolusiob": 0, 
  "iob": 0.1982062711736918, 
  "activity": 0.0003999295414462075
}