{
  "bolusiob": 0, 
  "iob": -0.5027988456251019, 
  "activity": -0.003744467813051146
}