{
  "bolusiob": 0.44921777360000015, 
  "iob": 1.57670350716789, 
  "activity": 0.01988086410934744
}