{
  "bolusiob": 0, 
  "iob": -0.40348709582375, 
  "activity": -0.0034072574955908287
}