{
  "bolusiob": 0.3994215439333334, 
  "iob": 0.9367567016093196, 
  "activity": 0.02027154320987654
}