{
  "bolusiob": 0, 
  "iob": 0.3377046897255669, 
  "activity": 0.002402530970017637
}