{
  "bolusiob": 0, 
  "iob": -0.5782591212605, 
  "activity": -0.005983888888888888
}