{
  "bolusiob": 0, 
  "iob": 0.0822494783945876, 
  "activity": 0.01839985008818341
}