{
  "bolusiob": 0, 
  "iob": -0.15328164908645264, 
  "activity": -0.00149258368606702
}