{
  "bolusiob": 0, 
  "iob": 0.13771944713055553, 
  "activity": 0.004093597883597882
}