{
  "bolusiob": 0, 
  "iob": 0.21510841624361113, 
  "activity": 0.005137927689594355
}