{
  "bolusiob": 0, 
  "iob": 0.8478907458273612, 
  "activity": 0.013112486772486767
}