{
  "bolusiob": 0.061848118080000083, 
  "iob": 1.2224562796627774, 
  "activity": 0.02502994708994709
}