{
  "bolusiob": 0.5624779609955557, 
  "iob": 2.32192967464189, 
  "activity": 0.03944468253968254
}