{
  "bolusiob": 0, 
  "iob": -0.10644681000444445, 
  "activity": 0.000683853615520282
}