{
  "bolusiob": 1.3148243305244443, 
  "iob": 1.4788874156866667, 
  "activity": 0.006584312169312168
}