{
  "bolusiob": 0.7163995638711111, 
  "iob": 2.0824611664886805, 
  "activity": 0.020397522045855373
}