{
  "bolusiob": 0, 
  "iob": -0.04834714560041667, 
  "activity": -0.0021899470899470895
}