{
  "bolusiob": 0, 
  "iob": 0.26716705175375, 
  "activity": 0.003483756613756614
}