{
  "bolusiob": 0, 
  "iob": 0.23410653454152786, 
  "activity": 0.008225749559082894
}