{
  "bolusiob": 0, 
  "iob": 0.1878465695941758, 
  "activity": 0.0035482802469135786
}