{
  "bolusiob": 0, 
  "iob": 0.9448729171630834, 
  "activity": 0.0103831569664903
}