{
  "bolusiob": 0, 
  "iob": 0.7482175921581816, 
  "activity": 0.009232128271604939
}