{
  "bolusiob": 0, 
  "iob": -0.08976642960491978, 
  "activity": 0.00036984982363315615
}