{
  "bolusiob": 0.5266899766933333, 
  "iob": 1.3725040414712848, 
  "activity": 0.01615758377425043
}