{
  "bolusiob": 0, 
  "iob": 0.2711871862561111, 
  "activity": 0.0062192680776014106
}