{
  "bolusiob": 0, 
  "iob": 0.6514578707120138, 
  "activity": 0.00775120811287478
}