{
  "bolusiob": 0, 
  "iob": -0.005101281786212934, 
  "activity": -0.0005091711640211636
}