{
  "bolusiob": 0, 
  "iob": 0.8376150508827144, 
  "activity": 0.007335670105820106
}