{
  "bolusiob": 0, 
  "iob": 0.07413689513591104, 
  "activity": 0.0021906350440917097
}