{
  "bolusiob": 0, 
  "iob": 1.1140348663981565, 
  "activity": 0.011036181798941799
}