{
  "bolusiob": 1.8230545621866667, 
  "iob": 2.7829351368403548, 
  "activity": 0.005951192698412696
}