{
  "bolusiob": 0, 
  "iob": 0.441804176569362, 
  "activity": 0.01719219760141092
}