{
  "bolusiob": 0, 
  "iob": -0.23433222739638893, 
  "activity": -0.0016026984126984126
}