{
  "bolusiob": 0, 
  "iob": 0.9127386407330716, 
  "activity": 0.008815696860670193
}