{
  "bolusiob": 0, 
  "iob": -0.2641141740053333, 
  "activity": -0.0001964638447971783
}