{
  "bolusiob": 0, 
  "iob": 0.2302159505305555, 
  "activity": 0.006931419753086415
}