{
  "bolusiob": 0, 
  "iob": 0.19751112759065262, 
  "activity": 0.0008411422927689585
}