{
  "bolusiob": 0, 
  "iob": -0.22681977791943603, 
  "activity": -0.0023253526455026454
}