{
  "bolusiob": 0.017718466959999967, 
  "iob": 1.0994625530333335, 
  "activity": 0.021139823633156963
}