{
  "bolusiob": 1.70737125888, 
  "iob": 2.2904606301544455, 
  "activity": 0.01619391534391534
}