{
  "bolusiob": 0, 
  "iob": -0.12056886157932223, 
  "activity": -0.004778456790123457
}