{
  "bolusiob": 0, 
  "iob": 0.8066916398116666, 
  "activity": 0.009453968253968251
}