{
  "bolusiob": 0, 
  "iob": 0.31395607211438503, 
  "activity": 0.001929594726631393
}