{
  "bolusiob": 0.5056025431244444, 
  "iob": 1.3825081145311198, 
  "activity": 0.009560661746031747
}