{
  "bolusiob": 0, 
  "iob": -0.11950796303224895, 
  "activity": 0.002929435396825397
}