{
  "bolusiob": 0, 
  "iob": 0.7997800906097714, 
  "activity": 0.011174392116402108
}