{
  "bolusiob": 0, 
  "iob": -0.33604910232502055, 
  "activity": -0.0007550615873015925
}