{
  "bolusiob": 0.5241871854933335, 
  "iob": 1.771244517376329, 
  "activity": 0.0266629512345679
}