{
  "bolusiob": 0, 
  "iob": -0.13234214587179322, 
  "activity": -0.00317395934744268
}