{
  "bolusiob": 0, 
  "iob": -0.4778517257842317, 
  "activity": -0.005681517125220458
}