{
  "bolusiob": 0, 
  "iob": 0.5014410062555557, 
  "activity": 0.005725978835978836
}