{
  "bolusiob": 0, 
  "iob": -0.3202389943363613, 
  "activity": -0.005005749382716048
}