{
  "bolusiob": 0.21232098037333336, 
  "iob": 0.6094474285290279, 
  "activity": 0.005698245149911817
}