{
  "bolusiob": 0, 
  "iob": 0.4695622532661599, 
  "activity": 0.010929673985890655
}