{
  "bolusiob": 0, 
  "iob": 0.009132683554520099, 
  "activity": 0.0055648146913580224
}