{
  "bolusiob": 0, 
  "iob": -0.06463988213873487, 
  "activity": -0.002240141340388007
}