{
  "bolusiob": 0, 
  "iob": -0.17078068514463596, 
  "activity": -0.0040424161375661365
}