{
  "bolusiob": 0, 
  "iob": -0.32164866969025774, 
  "activity": -0.003408783192239858
}