{
  "bolusiob": 0, 
  "iob": 0.11755975230253377, 
  "activity": 0.002206226455026454
}