{
  "bolusiob": 0, 
  "iob": -0.34272133135769456, 
  "activity": -0.003607151675485009
}