{
  "bolusiob": 0, 
  "iob": 0.12656982350899998, 
  "activity": 0.0025341711992945323
}