{
  "bolusiob": 0.6609328768, 
  "iob": 1.4764231648386668, 
  "activity": 0.016487671957671958
}