{
  "bolusiob": 0, 
  "iob": 0.022452783532222173, 
  "activity": 0.0032911463844797124
}