{
  "bolusiob": 0, 
  "iob": 0.36683088031308336, 
  "activity": 0.005179444444444443
}