{
  "bolusiob": 0.7815228017777778, 
  "iob": 0.4672291193031112, 
  "activity": -0.003528712522045855
}