{
  "bolusiob": 0, 
  "iob": 0.7804266747965364, 
  "activity": 0.009060767178130508
}