{
  "bolusiob": 1.8073179264, 
  "iob": 2.770120977883333, 
  "activity": 0.017313474426807755
}