{
  "bolusiob": 0, 
  "iob": 1.1202948785155171, 
  "activity": 0.02391841315696648
}