{
  "bolusiob": 0, 
  "iob": 0.8788061176463723, 
  "activity": 0.010903562610229279
}