{
  "bolusiob": 0.04395346005333334, 
  "iob": 0.7125609672670277, 
  "activity": 0.011623139329805996
}