{
  "bolusiob": 0, 
  "iob": 0.2356017159907156, 
  "activity": 0.00237469111111111
}