{
  "bolusiob": 0, 
  "iob": 0.13536772362, 
  "activity": 0.0013495414462081116
}