{
  "bolusiob": 0.2986687577066667, 
  "iob": -0.00979511063022842, 
  "activity": -0.002327204955908289
}