{
  "bolusiob": 0, 
  "iob": -0.5072585667610195, 
  "activity": -0.004393650705467373
}