{
  "bolusiob": 0, 
  "iob": 0.8865021591048614, 
  "activity": 0.00915589947089947
}