{
  "bolusiob": 0.3776259721777778, 
  "iob": 0.5745759504272223, 
  "activity": 0.006469753086419752
}