{
  "bolusiob": -9.937873333337732e-05, 
  "iob": 0.406642720172105, 
  "activity": 0.030204320899470897
}