{
  "bolusiob": 1.4535396168, 
  "iob": 1.6867765809286337, 
  "activity": -0.00136152737213404
}