{
  "bolusiob": 0, 
  "iob": -0.5204194883376949, 
  "activity": -0.0077834590299823625
}