{
  "bolusiob": 1.1584377617066666, 
  "iob": 1.4235197942968854, 
  "activity": 0.005369144532627865
}