{
  "bolusiob": 0.6262301729599999, 
  "iob": 0.5502336211090972, 
  "activity": -0.00020207231040564512
}