{
  "bolusiob": 1.2816363252622223, 
  "iob": 1.5811850496948612, 
  "activity": 0.00822754850088183
}