{
  "bolusiob": 2.0531444070400005, 
  "iob": 2.9579802559746, 
  "activity": 0.018605767195767193
}