{
  "bolusiob": 0, 
  "iob": -0.6036405089901035, 
  "activity": -0.00747279569664903
}