{
  "bolusiob": 0, 
  "iob": -0.28234049478375, 
  "activity": -0.002003095238095238
}