{
  "bolusiob": 0, 
  "iob": -0.024599809534156716, 
  "activity": 0.0018287392416225746
}