{
  "bolusiob": 0, 
  "iob": -0.1101545803694807, 
  "activity": 0.0006233244268077601
}