{
  "bolusiob": 0, 
  "iob": 1.2098109445538496, 
  "activity": 0.012682152045855377
}