{
  "bolusiob": 0, 
  "iob": -0.5248061087819443, 
  "activity": -0.0015078218694885368
}