{
  "bolusiob": 0.08592495146666668, 
  "iob": 0.5920058153122223, 
  "activity": 0.006855149911816578
}