{
  "bolusiob": 0, 
  "iob": 0.08259647368127179, 
  "activity": 0.0004896826278659609
}