{
  "bolusiob": 0, 
  "iob": 0.5616082400238567, 
  "activity": 0.008786040687830685
}