{
  "bolusiob": 0, 
  "iob": -0.3457595150930995, 
  "activity": -0.003645908624338623
}