{
  "bolusiob": 0, 
  "iob": -0.025633386843244323, 
  "activity": 0.005975625978835978
}