{
  "bolusiob": 0, 
  "iob": -0.22004187282611123, 
  "activity": -0.002267989417989422
}