{
  "bolusiob": 0, 
  "iob": 0.9277293207390437, 
  "activity": 0.009408374444444444
}