{
  "bolusiob": 0, 
  "iob": 0.5108136783038629, 
  "activity": 0.0006571517636684257
}