{
  "bolusiob": 0, 
  "iob": -0.3055435088335408, 
  "activity": -0.0010723370017636693
}