{
  "bolusiob": 0, 
  "iob": 0.06769997383722198, 
  "activity": 0.0028017636684303316
}