{
  "bolusiob": 0, 
  "iob": -0.20316924607861117, 
  "activity": -0.0014223985890652556
}