{
  "bolusiob": 0, 
  "iob": 0.9465686956546011, 
  "activity": 0.010722866455026452
}