{
  "bolusiob": 1.7622049386844445, 
  "iob": 2.7650671398411113, 
  "activity": 0.019068095238095235
}