{
  "bolusiob": 0, 
  "iob": 0.8364676660250212, 
  "activity": 0.004256014938271605
}