{
  "bolusiob": 0.009080533333333297, 
  "iob": 0.6512824878593889, 
  "activity": 0.025536931216931215
}