{
  "bolusiob": 0, 
  "iob": 0.07511660062710085, 
  "activity": 0.005756516578483245
}