{
  "bolusiob": 0.24659119850666686, 
  "iob": 2.2273478045899995, 
  "activity": 0.04151186948853615
}