{
  "bolusiob": 0, 
  "iob": -0.582601862127234, 
  "activity": -0.005989215537918871
}