{
  "bolusiob": 0.08573208604, 
  "iob": -0.03914079333599364, 
  "activity": -0.002099214902998236
}