{
  "bolusiob": 0, 
  "iob": 0.11710551411133334, 
  "activity": -0.002765467372134039
}