{
  "bolusiob": 0, 
  "iob": 0.6205515773348289, 
  "activity": 0.008995564497354497
}