{
  "bolusiob": 0, 
  "iob": 0.6912560412214214, 
  "activity": 0.0090919397707231
}