{
  "bolusiob": 0, 
  "iob": 0.27268147081222216, 
  "activity": 0.006547089947089945
}