{
  "bolusiob": 0, 
  "iob": -0.4444431038001251, 
  "activity": 0.00392993827160494
}