{
  "bolusiob": 0, 
  "iob": 0.05400616960582259, 
  "activity": -0.0009467657495590838
}