{
  "bolusiob": 0, 
  "iob": -0.07288820405, 
  "activity": -0.0028344620811287476
}