{
  "bolusiob": 0, 
  "iob": 0.5388751714288719, 
  "activity": 0.005117663227513227
}