{
  "bolusiob": 0, 
  "iob": 0.2915819413949018, 
  "activity": 0.004799206119929452
}