{
  "bolusiob": 0, 
  "iob": -0.17744839481177085, 
  "activity": -0.0034713492063492067
}