{
  "bolusiob": 0, 
  "iob": -0.43859552695711146, 
  "activity": -0.0024300967372134032
}