{
  "bolusiob": 0.9459239870222222, 
  "iob": 1.1858947464599767, 
  "activity": 0.002531269576719576
}