{
  "bolusiob": 0, 
  "iob": 0.9825807700134027, 
  "activity": 0.009094832451499116
}