{
  "bolusiob": 0, 
  "iob": -0.5680496505389698, 
  "activity": -0.003894850141093473
}