{
  "bolusiob": 0, 
  "iob": 0.5398041618887499, 
  "activity": 0.000726190476190476
}