{
  "bolusiob": 0, 
  "iob": 0.7382507671790521, 
  "activity": 0.008751614003527334
}