{
  "bolusiob": 0, 
  "iob": 0.9052792492923452, 
  "activity": 0.024194809347442676
}