{
  "bolusiob": 0, 
  "iob": 0.9075522824506831, 
  "activity": 0.01760148160493827
}