{
  "bolusiob": 0, 
  "iob": 0.3322765377425556, 
  "activity": 0.0012423104056437397
}