{
  "bolusiob": 0, 
  "iob": 0.004999590159521394, 
  "activity": -0.004667371957671957
}