{
  "bolusiob": 0, 
  "iob": 0.9421744922563762, 
  "activity": 0.008177878800705463
}