{
  "bolusiob": 0, 
  "iob": 0.5798376690763795, 
  "activity": 0.006263059876543209
}