{
  "bolusiob": 0, 
  "iob": 0.25771215012263887, 
  "activity": -0.0021658377425044094
}