{
  "bolusiob": 0, 
  "iob": 0.2986995208683334, 
  "activity": 0.006709876543209875
}