{
  "bolusiob": 0, 
  "iob": 0.6266826673573038, 
  "activity": 0.011146041058201049
}