{
  "bolusiob": 0, 
  "iob": 0.6259345362219443, 
  "activity": 0.005934268342151674
}