{
  "bolusiob": 0, 
  "iob": -0.04488437240654927, 
  "activity": -0.0018009703703703707
}