{
  "bolusiob": 0, 
  "iob": 0.05847716103888432, 
  "activity": -0.0017254493650793656
}