{
  "bolusiob": 0, 
  "iob": -0.16066868130652928, 
  "activity": -0.0014338182539682539
}