{
  "bolusiob": 0.22594856426666668, 
  "iob": 0.9175574843094444, 
  "activity": 0.011423368606701938
}