{
  "bolusiob": 0, 
  "iob": -0.19752311681333334, 
  "activity": -0.00025560846560846557
}