{
  "bolusiob": 0, 
  "iob": 0.2268046251644445, 
  "activity": 0.00015409171075837777
}