{
  "bolusiob": 0, 
  "iob": 0.2971583138694237, 
  "activity": 0.0036497967901234565
}