{
  "bolusiob": 0, 
  "iob": 0.9180094450530311, 
  "activity": 0.011743112980599645
}