{
  "bolusiob": 0.21295560490666665, 
  "iob": -0.14142839323866152, 
  "activity": -0.00258572544973545
}