{
  "bolusiob": 1.4815291234933332, 
  "iob": 2.583544934951667, 
  "activity": 0.027101675485008817
}