{
  "bolusiob": 0, 
  "iob": 0.2641772683180673, 
  "activity": 0.0003169930335096954
}