{
  "bolusiob": 0, 
  "iob": 0.6297246167436392, 
  "activity": 0.004929471075837742
}