{
  "bolusiob": 0, 
  "iob": -0.11186215975477781, 
  "activity": -0.002159426807760141
}