{
  "bolusiob": 0, 
  "iob": 0.34428243515107876, 
  "activity": 0.008520193368606701
}