{
  "bolusiob": 0, 
  "iob": -0.33879186852757825, 
  "activity": 0.009344456684303346
}