{
  "bolusiob": 0, 
  "iob": 0.06899024205910088, 
  "activity": -0.0018902025573192239
}