{
  "bolusiob": 0, 
  "iob": 0.26099084011750007, 
  "activity": 0.005243888888888887
}