{
  "bolusiob": 0, 
  "iob": 0.1117120601450951, 
  "activity": -0.004982345467372134
}