{
  "bolusiob": 0, 
  "iob": 0.8205489821718294, 
  "activity": 0.010392767813051143
}