{
  "bolusiob": 0, 
  "iob": 0.3519156350331158, 
  "activity": 0.00476440008818342
}