{
  "bolusiob": 0, 
  "iob": -0.1727625475936111, 
  "activity": 0.0017461111111111102
}