{
  "bolusiob": 0, 
  "iob": 0.036625628874335105, 
  "activity": 4.248686067019384e-05
}