{
  "bolusiob": 0, 
  "iob": 0.5094840734242596, 
  "activity": 0.008937472486772485
}