{
  "bolusiob": 0.08600698640000015, 
  "iob": 1.2593225955475056, 
  "activity": 0.024447248589065242
}