{
  "bolusiob": 0, 
  "iob": 0.2575753315145926, 
  "activity": 0.001970935449735449
}