{
  "bolusiob": 0, 
  "iob": -0.19571806476529044, 
  "activity": 0.003482168959435625
}