{
  "bolusiob": 0, 
  "iob": 0.3391578693340691, 
  "activity": 0.009416410229276893
}