{
  "bolusiob": 0, 
  "iob": -0.511489564837672, 
  "activity": -0.004478465643738976
}