{
  "bolusiob": 0, 
  "iob": 0.09617731396067136, 
  "activity": 0.0022206259259259253
}