{
  "bolusiob": 0, 
  "iob": -0.09685380568172842, 
  "activity": -0.004324646913580248
}