{
  "bolusiob": 0, 
  "iob": 0.1623020280522266, 
  "activity": 0.0029955556790123455
}