{
  "bolusiob": 0, 
  "iob": 1.0822467434141285, 
  "activity": 0.025317997954144616
}