{
  "bolusiob": 0, 
  "iob": -0.39029433038981254, 
  "activity": -0.003469232980599648
}