{
  "bolusiob": 0, 
  "iob": 0.530346619588121, 
  "activity": 0.01295531795414462
}