{
  "bolusiob": 1.2345117330666666, 
  "iob": 1.7822133359880898, 
  "activity": 0.010301284832451497
}