{
  "bolusiob": 0, 
  "iob": 0.8125661347062321, 
  "activity": 0.009359161904761902
}