{
  "bolusiob": 0, 
  "iob": -0.06360174288637024, 
  "activity": -0.0010380067901234564
}