{
  "bolusiob": 0, 
  "iob": -0.2566752788144424, 
  "activity": -0.0008050812522045859
}