{
  "bolusiob": 0, 
  "iob": 0.5355495911436191, 
  "activity": 0.0043274986596119926
}