{
  "bolusiob": 0, 
  "iob": 0.052869468333611204, 
  "activity": 0.017813897707231036
}