{
  "bolusiob": 0, 
  "iob": 0.2235476065209705, 
  "activity": -0.004349497354497355
}