{
  "bolusiob": 0, 
  "iob": -0.08170941132574862, 
  "activity": 0.0013326187830687826
}