{
  "bolusiob": 0, 
  "iob": 0.37010321446666666, 
  "activity": 0.006078377425044092
}