{
  "bolusiob": 0, 
  "iob": 0.03972821375888889, 
  "activity": 0.0031479894179894173
}