{
  "bolusiob": 0, 
  "iob": 0.45886716145722234, 
  "activity": 0.003945784832451499
}