{
  "bolusiob": 1.1155154260444444, 
  "iob": 2.042720090163819, 
  "activity": 0.014137178130511456
}