{
  "bolusiob": 0.1768793284266667, 
  "iob": 0.847070687673889, 
  "activity": 0.01121426807760141
}