{
  "bolusiob": 0, 
  "iob": 0.4977886382898573, 
  "activity": 0.005559762275132274
}