{
  "bolusiob": 0, 
  "iob": 1.0945960862921247, 
  "activity": 0.012080167460317457
}