{
  "bolusiob": 0, 
  "iob": 1.222984678825139, 
  "activity": 0.02512179012345678
}