{
  "bolusiob": 0, 
  "iob": 0.1274097460177778, 
  "activity": 0.00345
}