{
  "bolusiob": 0, 
  "iob": -0.1580463142307814, 
  "activity": -0.0017164464902998235
}