{
  "bolusiob": 0, 
  "iob": 0.6789343941326638, 
  "activity": 0.006867627777777776
}