{
  "bolusiob": 0.6945, 
  "iob": 1.8797929495433336, 
  "activity": 0.024929347442680775
}