{
  "bolusiob": 0, 
  "iob": -0.2806378582532299, 
  "activity": -0.00019590811287477963
}