{
  "bolusiob": 0, 
  "iob": -0.16144414860573716, 
  "activity": 0.0037375129453262796
}