{
  "bolusiob": 0.005233364266666651, 
  "iob": 0.3918764196508059, 
  "activity": 0.011798200970017636
}