{
  "bolusiob": 0, 
  "iob": 0.05262037619319402, 
  "activity": 0.00426998492063492
}