{
  "bolusiob": 0, 
  "iob": -0.006277494528772791, 
  "activity": -0.002371049488536155
}