{
  "bolusiob": 0, 
  "iob": -0.4379502583616561, 
  "activity": -0.0021070461375661373
}