{
  "bolusiob": 0, 
  "iob": 0.9745126483811423, 
  "activity": 0.00991811312169312
}