{
  "bolusiob": 0.08726303497333338, 
  "iob": 0.7236545093294445, 
  "activity": 0.013654656084656082
}