{
  "bolusiob": 0, 
  "iob": 0.18026828646166665, 
  "activity": 0.001255467372134038
}