{
  "bolusiob": 1.8167178140266669, 
  "iob": 3.449581587662986, 
  "activity": 0.026537398589065248
}