{
  "bolusiob": 0, 
  "iob": 0.7809720982960414, 
  "activity": 0.006459779841269841
}