{
  "bolusiob": 0, 
  "iob": 0.6726669970976027, 
  "activity": 0.0019178658730158729
}