{
  "bolusiob": 0.011439694200000017, 
  "iob": 0.920209192506111, 
  "activity": 0.017960132275132275
}