{
  "bolusiob": 0, 
  "iob": 0.7547090856553278, 
  "activity": 0.00896648172839506
}