{
  "bolusiob": 0, 
  "iob": -0.18083649161798893, 
  "activity": -0.0048973280423280415
}