{
  "bolusiob": 0, 
  "iob": -0.1975073058016528, 
  "activity": -0.002522671957671958
}