{
  "bolusiob": 0, 
  "iob": 0.49394832352715173, 
  "activity": 0.006248260070546737
}