{
  "bolusiob": 0, 
  "iob": -0.18763279573579514, 
  "activity": 0.0018365515873015868
}