{
  "bolusiob": 2.5728842760000004, 
  "iob": 2.823240371253681, 
  "activity": 0.009341684303350969
}