{
  "bolusiob": 0.27915913956000005, 
  "iob": 0.8089113858514583, 
  "activity": 0.010779585537918867
}