{
  "bolusiob": 0, 
  "iob": 0.24800742834846695, 
  "activity": 0.008969206084656086
}