{
  "bolusiob": 0, 
  "iob": 0.3607597688745382, 
  "activity": 0.00418379897707231
}