{
  "bolusiob": 0.008754629199999964, 
  "iob": 1.1079815092244445, 
  "activity": 0.020713350970017634
}