{
  "bolusiob": 0, 
  "iob": 0.020543656151379062, 
  "activity": 0.00609927680776014
}