{
  "bolusiob": 0, 
  "iob": 0.4905864307808332, 
  "activity": 0.0073280423280423276
}