{
  "bolusiob": 0, 
  "iob": 0.12434558933479167, 
  "activity": 0.00031165784832451476
}