{
  "bolusiob": 0, 
  "iob": -0.01658016420333335, 
  "activity": -0.0008774162257495596
}