{
  "bolusiob": 0, 
  "iob": 0.1314144834052987, 
  "activity": 0.0053750707231040576
}