{
  "bolusiob": 0.057616102, 
  "iob": 1.4626638265566787, 
  "activity": 0.01723914837742504
}