{
  "bolusiob": 0, 
  "iob": -0.19010985107852435, 
  "activity": -0.000520467495590829
}