{
  "bolusiob": 0.5987534583333334, 
  "iob": 1.0512369377643054, 
  "activity": 0.007037345679012344
}