{
  "bolusiob": 0, 
  "iob": 1.234856510426, 
  "activity": 0.011621358024691357
}