{
  "bolusiob": 0, 
  "iob": 0.6641991245742848, 
  "activity": 0.010029929611992946
}