{
  "bolusiob": 0, 
  "iob": 0.44778345478413056, 
  "activity": 0.008627446913580247
}