{
  "bolusiob": 0, 
  "iob": -0.26470344833322923, 
  "activity": -0.0029722971781305104
}