{
  "bolusiob": 0.0045730902000001294, 
  "iob": 1.0313873688952173, 
  "activity": 0.03437700139329806
}