{
  "bolusiob": 0, 
  "iob": 0.0005107485720682245, 
  "activity": 0.007181746296296294
}