{
  "bolusiob": 0, 
  "iob": 0.02017498375015961, 
  "activity": -0.004230264462081128
}