{
  "bolusiob": 0, 
  "iob": -0.041578582351111185, 
  "activity": -0.006550052910052909
}