{
  "bolusiob": 0, 
  "iob": -0.05753137682645835, 
  "activity": -0.0020692680776014105
}