{
  "bolusiob": 0, 
  "iob": 0.559552288433125, 
  "activity": 0.008629021164021164
}