{
  "bolusiob": 0, 
  "iob": -0.05948365047328131, 
  "activity": 0.002856710634920635
}