{
  "bolusiob": 0, 
  "iob": 0.30671858177798783, 
  "activity": 0.004522310582010579
}