{
  "bolusiob": 0.00695391666666656, 
  "iob": 0.7487434636927777, 
  "activity": 0.021353862433862433
}