{
  "bolusiob": 1.6928476832488895, 
  "iob": 2.485663202758139, 
  "activity": 0.012543756613756611
}