{
  "bolusiob": 0, 
  "iob": -0.5416881982137062, 
  "activity": -0.0076484571604938266
}