{
  "bolusiob": 0, 
  "iob": 0.0864389939266666, 
  "activity": 0.005155837742504408
}