{
  "bolusiob": 0, 
  "iob": 0.19148654256608333, 
  "activity": 0.004545458553791886
}