{
  "bolusiob": 0, 
  "iob": -0.05625225719307586, 
  "activity": 0.0020246646384479714
}