{
  "bolusiob": 0, 
  "iob": -0.872207028563257, 
  "activity": -0.007682755555555552
}