{
  "bolusiob": 0, 
  "iob": -0.05880664482556039, 
  "activity": 0.001953368253968253
}