{
  "bolusiob": 0, 
  "iob": 0.05767547948833306, 
  "activity": 0.0004601234567901204
}