{
  "bolusiob": 0.6372313581511111, 
  "iob": 0.48227871770240666, 
  "activity": -0.002843756719576719
}