{
  "bolusiob": 0, 
  "iob": -0.15775333156248245, 
  "activity": -0.001095784567901234
}