{
  "bolusiob": 0, 
  "iob": 0.20265232145025003, 
  "activity": 0.006323677248677246
}