{
  "bolusiob": 0, 
  "iob": 0.5350080817685416, 
  "activity": 0.0034720017636684294
}