{
  "bolusiob": 0, 
  "iob": 0.08823555540947925, 
  "activity": 0.0018942945326278662
}