{
  "bolusiob": 0, 
  "iob": 1.1146771231758332, 
  "activity": 0.013373509700176365
}