{
  "bolusiob": 0, 
  "iob": -0.3116138344552778, 
  "activity": -0.003268403880070547
}