{
  "bolusiob": 0, 
  "iob": 0.2539946475977778, 
  "activity": 0.005104506172839501
}