{
  "bolusiob": 0.5007752402488889, 
  "iob": 0.6463348593955555, 
  "activity": 0.0030869135802469127
}