{
  "bolusiob": 0, 
  "iob": 0.4898605926320406, 
  "activity": 0.006090635291005289
}