{
  "bolusiob": 0, 
  "iob": -0.4202372600459029, 
  "activity": -0.0020876278659612045
}