{
  "bolusiob": 0, 
  "iob": -0.12815457442623585, 
  "activity": -0.001952469312169312
}