{
  "bolusiob": 0, 
  "iob": -0.12537951661611108, 
  "activity": 0.0024275044091710755
}