{
  "bolusiob": 0, 
  "iob": 0.9346170160263534, 
  "activity": 0.009705774373897703
}