{
  "bolusiob": 0, 
  "iob": 0.5542238483401067, 
  "activity": 0.007822459876543208
}