{
  "bolusiob": 0, 
  "iob": 0.06586960203588776, 
  "activity": 0.0008213004409171068
}