{
  "bolusiob": 0, 
  "iob": 0.1645857762308334, 
  "activity": -0.0007760229276895932
}