{
  "bolusiob": 0, 
  "iob": -0.4988049301602051, 
  "activity": -0.005638342522045854
}