{
  "bolusiob": 0, 
  "iob": -0.10922876240694443, 
  "activity": 0.0006877689594356262
}