{
  "bolusiob": 0, 
  "iob": -0.02886044835675989, 
  "activity": -0.003058721252204585
}