{
  "bolusiob": 0.4599763868444445, 
  "iob": 0.4356141846111111, 
  "activity": -0.0009174603174603169
}