{
  "bolusiob": 0, 
  "iob": -0.007683940216694413, 
  "activity": 0.0010860405643738978
}