{
  "bolusiob": 0, 
  "iob": -0.3744374199225147, 
  "activity": -0.0063903789241622575
}