{
  "bolusiob": 0, 
  "iob": 0.7182606746835988, 
  "activity": 0.008945961410934743
}