{
  "bolusiob": 0, 
  "iob": 1.0915024210686108, 
  "activity": 0.012851713668430331
}