{
  "bolusiob": 0, 
  "iob": 0.019179362501666675, 
  "activity": 0.0009607583774250438
}