{
  "bolusiob": 0, 
  "iob": 0.9162407669900002, 
  "activity": 0.033367936507936506
}