{
  "bolusiob": 0, 
  "iob": 0.6796597452191887, 
  "activity": 0.007577184620811287
}