{
  "bolusiob": 0, 
  "iob": 0.9967999842284025, 
  "activity": 0.012144064991181659
}