{
  "bolusiob": 0, 
  "iob": -0.10639120464569446, 
  "activity": -0.0007652469135802469
}