{
  "bolusiob": 0, 
  "iob": -0.1061335246750488, 
  "activity": 0.0015749734215167546
}