{
  "bolusiob": 0, 
  "iob": -0.12016492258841666, 
  "activity": -0.0021522839506172833
}