{
  "bolusiob": 0, 
  "iob": -0.253500702458506, 
  "activity": -0.0029730775132275128
}