{
  "bolusiob": 0, 
  "iob": 0.8512497914570241, 
  "activity": 0.011185484938271602
}