{
  "bolusiob": 0, 
  "iob": -0.3642318118546528, 
  "activity": 0.0007684038800705475
}