{
  "bolusiob": 0, 
  "iob": -0.5209183076623786, 
  "activity": -0.0015941096649029983
}