{
  "bolusiob": 0, 
  "iob": 0.0328698252307014, 
  "activity": 0.0023508333333333332
}