{
  "bolusiob": 0, 
  "iob": 0.610979731048889, 
  "activity": 0.006292336860670195
}