{
  "bolusiob": 0.8335610992, 
  "iob": 1.3161888148, 
  "activity": 0.008392592592592592
}