{
  "bolusiob": 0.11125559239999994, 
  "iob": 1.0410690931014948, 
  "activity": 0.01925269871252204
}