{
  "bolusiob": 0.11966154581333335, 
  "iob": 0.7853109475261436, 
  "activity": 0.01164486472663139
}