{
  "bolusiob": 1.63428070432, 
  "iob": 3.4423235176645197, 
  "activity": 0.028017522398589047
}