{
  "bolusiob": 0.19829246386666677, 
  "iob": 0.7658237778479161, 
  "activity": 0.008918298059964707
}