{
  "bolusiob": 0.00284643626666653, 
  "iob": 1.590706350322501, 
  "activity": 0.045545044091710764
}