{
  "bolusiob": 0, 
  "iob": -0.2484572259578331, 
  "activity": 0.0007277421869488535
}