{
  "bolusiob": 0, 
  "iob": 0.8030595655755558, 
  "activity": 0.010876684303350969
}