{
  "bolusiob": 0, 
  "iob": -0.1353988374508889, 
  "activity": -0.0016473809523809525
}