{
  "bolusiob": 0, 
  "iob": 0.2864122486205557, 
  "activity": 0.013535291005291003
}