{
  "bolusiob": 0, 
  "iob": 0.5270776954374767, 
  "activity": 0.0031094297178130502
}