{
  "bolusiob": 0, 
  "iob": -0.37729185027253326, 
  "activity": -0.0020538978306878304
}