{
  "bolusiob": 1.6105403458311112, 
  "iob": 2.4160867640302084, 
  "activity": 0.015560211640211636
}