{
  "bolusiob": 0.0017903599999999353, 
  "iob": 0.6809577730474327, 
  "activity": 0.013441551940035275
}