{
  "bolusiob": 3.10016534784, 
  "iob": 3.51690560104092, 
  "activity": 0.01161509259259259
}