{
  "bolusiob": 0, 
  "iob": -0.513596733014097, 
  "activity": 0.006435052910052916
}