{
  "bolusiob": 0, 
  "iob": 0.07369839656145832, 
  "activity": 0.00033089947089947046
}