{
  "bolusiob": 0, 
  "iob": 0.04574053201688747, 
  "activity": 0.005008580070546735
}