{
  "bolusiob": 0, 
  "iob": 0.11436490231777782, 
  "activity": 0.0032209876543209874
}