{
  "bolusiob": 0.8475479694222222, 
  "iob": 0.6879838528944506, 
  "activity": 0.004951829559082891
}