{
  "bolusiob": 0, 
  "iob": -0.02060509329416682, 
  "activity": 0.011088783068783055
}