{
  "bolusiob": 0, 
  "iob": 0.6742587574474443, 
  "activity": 0.009846402116402118
}