{
  "bolusiob": 0, 
  "iob": 0.4117986785716667, 
  "activity": 0.006025414462081128
}