{
  "bolusiob": 0, 
  "iob": 1.1531722525864716, 
  "activity": 0.026316980511463837
}