{
  "bolusiob": 0, 
  "iob": -0.5568748238259723, 
  "activity": -0.004385599647266313
}