{
  "bolusiob": 0, 
  "iob": -0.32732788752738823, 
  "activity": -0.004836869400352734
}