{
  "bolusiob": 0.1183628732666667, 
  "iob": 0.5426858751240536, 
  "activity": 0.004444879559082891
}