{
  "bolusiob": 0, 
  "iob": 0.5447131861794445, 
  "activity": 0.009187301587301586
}