{
  "bolusiob": 0, 
  "iob": 0.3772855994068361, 
  "activity": 0.007012989206349207
}