{
  "bolusiob": 0, 
  "iob": 0.3598042261055555, 
  "activity": 0.0013186067019400347
}