{
  "bolusiob": 0, 
  "iob": -0.18640744417750488, 
  "activity": -0.002192768941798942
}