{
  "bolusiob": 0, 
  "iob": -0.20308204843541663, 
  "activity": -0.0016344797178130506
}