{
  "bolusiob": -0.0003524834399999399, 
  "iob": 0.9268520535060544, 
  "activity": 0.03633777800705466
}