{
  "bolusiob": 0.7036325888, 
  "iob": 1.1201261353561112, 
  "activity": 0.006265246913580246
}