{
  "bolusiob": 0.04371456363999998, 
  "iob": 0.2892852635833334, 
  "activity": 0.012168007054673718
}