{
  "bolusiob": 0.005590166399999985, 
  "iob": 0.595125890219958, 
  "activity": 0.009826508042328043
}