{
  "bolusiob": 0, 
  "iob": 1.006480932268403, 
  "activity": 0.009414761904761903
}