{
  "bolusiob": 0, 
  "iob": 0.12109212558026414, 
  "activity": 0.0010550085537918868
}