{
  "bolusiob": 0, 
  "iob": 0.3777881427301041, 
  "activity": -0.0038483245149911814
}