{
  "bolusiob": 0, 
  "iob": -0.5242586154836112, 
  "activity": -0.002246860670194002
}