{
  "bolusiob": 0, 
  "iob": -0.31544728521877474, 
  "activity": -0.010405202645502645
}