{
  "bolusiob": 0, 
  "iob": -0.42595552490312505, 
  "activity": -0.0034483068783068777
}