{
  "bolusiob": 0, 
  "iob": 1.0734833366071108, 
  "activity": 0.02340559121693121
}