{
  "bolusiob": 0, 
  "iob": -0.07758247830666669, 
  "activity": -0.00183562610229277
}