{
  "bolusiob": 0.15800625280000002, 
  "iob": 0.9280793065950003, 
  "activity": 0.011470679012345678
}