{
  "bolusiob": 0.13434121903999968, 
  "iob": 1.150921714772993, 
  "activity": 0.022379153315696648
}