{
  "bolusiob": 0, 
  "iob": -0.9304024164905557, 
  "activity": -0.009711807760141095
}