{
  "bolusiob": 0, 
  "iob": 0.5429340763926809, 
  "activity": 0.0019435186067019406
}