{
  "bolusiob": 0, 
  "iob": 0.8774270469136388, 
  "activity": 0.011152857142857145
}