{
  "bolusiob": 0.9962588776888889, 
  "iob": 1.285540440860135, 
  "activity": 0.0011314376543209875
}