{
  "bolusiob": 0, 
  "iob": -0.25319930949197716, 
  "activity": -0.004212046190476189
}