{
  "bolusiob": 0, 
  "iob": 0.4214709396209535, 
  "activity": 0.0074829240740740734
}