{
  "bolusiob": 0.11412654046666648, 
  "iob": 1.6815483447766668, 
  "activity": 0.03848597883597883
}