{
  "bolusiob": 0, 
  "iob": 0.04740629902168266, 
  "activity": -0.00022917116402116402
}