{
  "bolusiob": 0, 
  "iob": -0.5157598313407755, 
  "activity": -0.004497653968253968
}