{
  "bolusiob": 0, 
  "iob": -0.5251302410584167, 
  "activity": -0.006391663139329805
}