{
  "bolusiob": 0, 
  "iob": 0.6128726263158154, 
  "activity": 0.006383783333333334
}