{
  "bolusiob": 0, 
  "iob": 0.22134459815305624, 
  "activity": 0.03286820105820105
}