{
  "bolusiob": 0.08181785802666659, 
  "iob": 0.8834655923093052, 
  "activity": 0.015499532627865955
}