{
  "bolusiob": 0, 
  "iob": -0.5698858915987361, 
  "activity": -0.00681731922398589
}