{
  "bolusiob": 0, 
  "iob": 0.2942103326506629, 
  "activity": 0.004818642345679013
}