{
  "bolusiob": 2.207175041546667, 
  "iob": 3.4934529982314446, 
  "activity": 0.019025467724867722
}