{
  "bolusiob": 0, 
  "iob": -0.09238348399695989, 
  "activity": 0.0020700705291005284
}