{
  "bolusiob": 0.7269245088, 
  "iob": 2.378553956020888, 
  "activity": 0.03602795414462081
}