{
  "bolusiob": 0.06274035200000001, 
  "iob": 0.764096901175361, 
  "activity": 0.011674955908289243
}