{
  "bolusiob": 0, 
  "iob": -0.0531766250269091, 
  "activity": 0.0010118431569664911
}