{
  "bolusiob": 0, 
  "iob": 0.12243341955517689, 
  "activity": 0.0033815786067019392
}