{
  "bolusiob": 0, 
  "iob": 0.07340596547005554, 
  "activity": -0.004796631393298059
}