{
  "bolusiob": 0, 
  "iob": 0.18895881273678283, 
  "activity": 0.005396437760141093
}