{
  "bolusiob": 0, 
  "iob": -0.4639069253104166, 
  "activity": -0.0035858641975308643
}