{
  "bolusiob": 0, 
  "iob": -0.4623081455970834, 
  "activity": -0.002001781305114638
}