{
  "bolusiob": 0, 
  "iob": 0.5395094538275976, 
  "activity": 0.006976164285714284
}