{
  "bolusiob": 0, 
  "iob": -0.29126134395477066, 
  "activity": -0.0006001150088183441
}