{
  "bolusiob": 0, 
  "iob": -0.5585545474594651, 
  "activity": -0.006189709365079364
}