{
  "bolusiob": 0, 
  "iob": -0.19873583097333336, 
  "activity": -0.00019259259259259257
}