{
  "bolusiob": 0, 
  "iob": 0.05272186959122256, 
  "activity": 0.00210324476190476
}