{
  "bolusiob": 0, 
  "iob": -0.4361537029989473, 
  "activity": -0.005586313580246914
}