{
  "bolusiob": 0, 
  "iob": -0.22136044896897047, 
  "activity": 0.0024776892416225743
}