{
  "bolusiob": 0, 
  "iob": 0.06319418214733635, 
  "activity": -0.005784064620811288
}