{
  "bolusiob": 0.48560133333333333, 
  "iob": 1.133179657755, 
  "activity": 0.0075096913580246895
}