{
  "bolusiob": 0, 
  "iob": 0.29082412671901786, 
  "activity": 0.020725714409171075
}