{
  "bolusiob": 0, 
  "iob": 0.6879746304445018, 
  "activity": 0.009724796913580242
}