{
  "bolusiob": 0, 
  "iob": -0.5212090533919614, 
  "activity": -0.007606415308641976
}