{
  "bolusiob": 0, 
  "iob": 0.9371894094098155, 
  "activity": 0.010432082451499115
}