{
  "bolusiob": 0, 
  "iob": 0.8292106090969431, 
  "activity": 0.011852284091710758
}