{
  "bolusiob": 0.4556320064, 
  "iob": 0.6613126078437015, 
  "activity": 0.008297139417989416
}