{
  "bolusiob": 0, 
  "iob": 1.392590024477924, 
  "activity": 0.018353289506172835
}