{
  "bolusiob": 0, 
  "iob": -0.2345143178779167, 
  "activity": -0.001044488536155203
}