{
  "bolusiob": 0, 
  "iob": -0.1160811928164309, 
  "activity": 0.00044589918871252145
}