{
  "bolusiob": 0, 
  "iob": 0.02792551499611113, 
  "activity": 0.0006264021164021168
}