{
  "bolusiob": 0, 
  "iob": -0.4573990407321, 
  "activity": -0.0048281037037037015
}