{
  "bolusiob": 0, 
  "iob": -0.05376210823731819, 
  "activity": -0.00197732795414462
}