{
  "bolusiob": 0, 
  "iob": 0.3744586269955556, 
  "activity": -0.00111037037037037
}