{
  "bolusiob": 0, 
  "iob": 0.55918168775384, 
  "activity": 0.006911419312169311
}