{
  "bolusiob": 0, 
  "iob": -0.1966099524073611, 
  "activity": -0.001802275132275132
}