{
  "bolusiob": 0, 
  "iob": 0.45755505909286115, 
  "activity": 0.004119109347442681
}