{
  "bolusiob": 0, 
  "iob": 0.2637473378711111, 
  "activity": 0.0009537037037037038
}