{
  "bolusiob": 0, 
  "iob": -0.29624999748972225, 
  "activity": -0.0021410934744268075
}