{
  "bolusiob": 0, 
  "iob": -0.15166460572944446, 
  "activity": 0.0011431040564373897
}