{
  "bolusiob": 0, 
  "iob": 0.49121057048208344, 
  "activity": 0.0005501410934744265
}