{
  "bolusiob": 0, 
  "iob": -0.41516700667785855, 
  "activity": -0.006390211816578483
}