{
  "bolusiob": 0, 
  "iob": -0.17526701603076256, 
  "activity": -0.0020142241622574963
}