{
  "bolusiob": 2.6828304095999997, 
  "iob": 4.040721395317778, 
  "activity": 0.034890687830687814
}