{
  "bolusiob": 0, 
  "iob": 0.4729517311078115, 
  "activity": 0.007151587513227506
}