{
  "bolusiob": 0, 
  "iob": 0.45659407447059247, 
  "activity": 0.0048520808641975294
}