{
  "bolusiob": 1.2684689598, 
  "iob": 3.3261029394122223, 
  "activity": 0.03728052910052909
}