{
  "bolusiob": 0, 
  "iob": -0.8134857865705178, 
  "activity": -0.012273148271604938
}