{
  "bolusiob": 0.6901603239999999, 
  "iob": 0.7371627655063148, 
  "activity": -6.27902998236304e-06
}