{
  "bolusiob": 0, 
  "iob": 0.09661890014718003, 
  "activity": 0.005081931093474421
}