{
  "bolusiob": 0, 
  "iob": 0.9718379029598248, 
  "activity": 0.014353130246913577
}