{
  "bolusiob": 0, 
  "iob": -0.5590544108613071, 
  "activity": -0.0035852117636684297
}