{
  "bolusiob": 0, 
  "iob": -0.25059585958583336, 
  "activity": -0.00207331569664903
}