{
  "bolusiob": 0, 
  "iob": -0.17217664869192148, 
  "activity": 0.005027089506172838
}