{
  "bolusiob": 0, 
  "iob": 0.8253325684253939, 
  "activity": 0.010939277001763665
}