{
  "bolusiob": 0, 
  "iob": -0.5323401099476389, 
  "activity": -0.0018034832451499123
}