{
  "bolusiob": 2.938130055555556, 
  "iob": 3.794716909489635, 
  "activity": 0.01583164915343915
}