{
  "bolusiob": 0, 
  "iob": -0.01127534045486113, 
  "activity": -0.002445396825396825
}