{
  "bolusiob": 0, 
  "iob": 0.5188398294507477, 
  "activity": 0.005968009276895942
}