{
  "bolusiob": 0, 
  "iob": -0.43801995475409716, 
  "activity": 0.007716269841269847
}