{
  "bolusiob": 0, 
  "iob": 0.361794300456875, 
  "activity": 0.0008675044091710752
}