{
  "bolusiob": 0, 
  "iob": -0.13958585844555557, 
  "activity": -0.002230176366843033
}