{
  "bolusiob": 0, 
  "iob": 0.18091814657479172, 
  "activity": -0.00018087301587301602
}