{
  "bolusiob": 0, 
  "iob": 0.42608004781250003, 
  "activity": 0.007069717813051145
}