{
  "bolusiob": 0, 
  "iob": 0.753219332730661, 
  "activity": 0.008825934991181655
}