{
  "bolusiob": 0, 
  "iob": -0.3081138585475665, 
  "activity": -0.0008028925573192233
}