{
  "bolusiob": 0, 
  "iob": -0.23730006954231708, 
  "activity": -0.0030396736331569658
}