{
  "bolusiob": 0.39051276006666674, 
  "iob": 2.1405048887434415, 
  "activity": 0.041129453350970006
}