{
  "bolusiob": 0, 
  "iob": 0.7562382368452654, 
  "activity": 0.008719074320987655
}