{
  "bolusiob": 0, 
  "iob": 0.05338317869854165, 
  "activity": -0.002088139329805995
}