{
  "bolusiob": 0, 
  "iob": 0.7154810632140721, 
  "activity": 0.015503783192239856
}