{
  "bolusiob": 0, 
  "iob": 0.5590607200095833, 
  "activity": 0.006283483245149913
}