{
  "bolusiob": 0, 
  "iob": -0.3174791390796113, 
  "activity": -0.006565070617283951
}