{
  "bolusiob": 0.004582729559999987, 
  "iob": 0.35094551810915214, 
  "activity": 0.014239655961199287
}