{
  "bolusiob": 0, 
  "iob": 0.6689988775014096, 
  "activity": 0.00633426844797178
}