{
  "bolusiob": 0, 
  "iob": 0.4281705219006562, 
  "activity": -0.0017551581657848328
}