{
  "bolusiob": 0.7213820758933334, 
  "iob": 1.0933710758924025, 
  "activity": 0.012501185978835977
}