{
  "bolusiob": 0, 
  "iob": -0.0009003460754422182, 
  "activity": 0.0013721606172839504
}