{
  "bolusiob": 0, 
  "iob": -0.32799642129947293, 
  "activity": -0.001905829294532631
}