{
  "bolusiob": 0, 
  "iob": 0.5061692778335556, 
  "activity": 0.007001410934744266
}