{
  "bolusiob": 0, 
  "iob": -0.0052721110855555725, 
  "activity": -0.0014617636684303343
}