{
  "bolusiob": 0.18599054873333323, 
  "iob": 0.9726157000684914, 
  "activity": 0.028519946825396818
}