{
  "bolusiob": 0, 
  "iob": 0.3694565283415684, 
  "activity": 0.005110317231040565
}