{
  "bolusiob": 0, 
  "iob": 0.5045080874511112, 
  "activity": 0.008000670194003523
}