{
  "bolusiob": 0, 
  "iob": 0.28120874317724953, 
  "activity": 0.004591411305114638
}