{
  "bolusiob": 0, 
  "iob": -0.061592338089791684, 
  "activity": -0.002143959435626102
}