{
  "bolusiob": 0, 
  "iob": -0.014214790732187475, 
  "activity": -0.0016139770723104052
}