{
  "bolusiob": 0, 
  "iob": -0.12439261186970918, 
  "activity": -0.0019666139329805998
}