{
  "bolusiob": 0.05245959093333326, 
  "iob": 1.191446695012813, 
  "activity": 0.042317548324514974
}