{
  "bolusiob": 0, 
  "iob": 1.0682894378427008, 
  "activity": 0.011671525485008816
}