{
  "bolusiob": 0.2251721262266667, 
  "iob": 1.0032554681980554, 
  "activity": 0.013617054673721336
}