{
  "bolusiob": 0, 
  "iob": 0.2668320027952894, 
  "activity": 0.0006176304232804232
}