{
  "bolusiob": 2.208043157044445, 
  "iob": 3.8082915392300003, 
  "activity": 0.03537241622574955
}