{
  "bolusiob": 0, 
  "iob": 0.25363393822436026, 
  "activity": 0.004768527072310406
}