{
  "bolusiob": 0, 
  "iob": -0.2886791685994445, 
  "activity": -0.0004006701940035271
}