{
  "bolusiob": 0.7256590660177779, 
  "iob": 1.878187703735, 
  "activity": 0.01827148148148148
}