{
  "bolusiob": 0, 
  "iob": 0.0559500629475405, 
  "activity": 0.0023607145149911806
}