{
  "bolusiob": 1.2724416473600002, 
  "iob": 1.5684348700259725, 
  "activity": 0.008269735449735447
}