{
  "bolusiob": 0, 
  "iob": 0.5822427937702084, 
  "activity": 0.007468818342151674
}