{
  "bolusiob": 0, 
  "iob": 0.7414012936902822, 
  "activity": 0.01272999142857143
}