{
  "bolusiob": 0, 
  "iob": 0.5727905937778125, 
  "activity": 0.005789316578483245
}