{
  "bolusiob": 0.08608966706666665, 
  "iob": 1.5651719607287649, 
  "activity": 0.033458612239858895
}