{
  "bolusiob": 0, 
  "iob": 1.1095776629890555, 
  "activity": 0.01521255026455026
}