{
  "bolusiob": 0.05417737546666647, 
  "iob": 1.4939783489755558, 
  "activity": 0.036939929453262785
}