{
  "bolusiob": 0, 
  "iob": -0.21948191723110272, 
  "activity": 0.004356093350970017
}