{
  "bolusiob": 0, 
  "iob": -0.0446666622427777, 
  "activity": 0.01115225749559083
}