{
  "bolusiob": 0.3771993948444444, 
  "iob": 0.6089309510962773, 
  "activity": 0.0015558731040564374
}