{
  "bolusiob": 0, 
  "iob": 0.8644345666942438, 
  "activity": 0.00970603165784832
}