{
  "bolusiob": 0.9914695603200001, 
  "iob": 2.288204925905153, 
  "activity": 0.01970634929453263
}