{
  "bolusiob": 2.4803415398400004, 
  "iob": 2.780715845511076, 
  "activity": 0.010599492945326278
}