{
  "bolusiob": 0, 
  "iob": 0.4425363581067641, 
  "activity": 0.006800545520282187
}