{
  "bolusiob": 0, 
  "iob": 0.3151607452192294, 
  "activity": 0.0019931576719576715
}