{
  "bolusiob": 0, 
  "iob": -0.4525571071396963, 
  "activity": 0.011249144532627858
}