{
  "bolusiob": 0, 
  "iob": 0.9973244874736802, 
  "activity": 0.012268509435626098
}