{
  "bolusiob": 0, 
  "iob": 0.2991850617595722, 
  "activity": 0.0023957583774250435
}