{
  "bolusiob": 0.31943164408, 
  "iob": 0.6011252507380287, 
  "activity": 0.0028085099647266313
}