{
  "bolusiob": 0, 
  "iob": -0.14389658998154886, 
  "activity": 0.001081851410934744
}