{
  "bolusiob": 0, 
  "iob": 0.49067678672621345, 
  "activity": 0.007756824162257494
}