{
  "bolusiob": 0, 
  "iob": 0.22741749937942235, 
  "activity": 0.0030359168606701923
}