{
  "bolusiob": 0, 
  "iob": -0.26849550867942623, 
  "activity": -0.003878974955908287
}