{
  "bolusiob": 0, 
  "iob": 1.3847647824938862, 
  "activity": 0.01826100779541446
}