{
  "bolusiob": 0.21611983757333317, 
  "iob": 2.147073975081928, 
  "activity": 0.04174798051146381
}