{
  "bolusiob": 0, 
  "iob": 0.40467453902479755, 
  "activity": 0.007595070811287479
}