{
  "bolusiob": 0, 
  "iob": 0.7475455750969445, 
  "activity": 0.036699982363315675
}