{
  "bolusiob": 0, 
  "iob": -0.26185272811251964, 
  "activity": -0.003893366490299822
}