{
  "bolusiob": 0, 
  "iob": 0.09580177883532734, 
  "activity": -0.0003088797001763659
}