{
  "bolusiob": 0, 
  "iob": 1.0504406604865442, 
  "activity": 0.024751581305114633
}