{
  "bolusiob": 0, 
  "iob": 0.17565104325666667, 
  "activity": -0.0023063403880070553
}