{
  "bolusiob": 0, 
  "iob": -0.5141965061623056, 
  "activity": -0.006606636684303349
}