{
  "bolusiob": 0.009061871866666626, 
  "iob": 0.22801865557583353, 
  "activity": 0.008374065255731923
}