{
  "bolusiob": 0, 
  "iob": -0.6606764897304167, 
  "activity": -0.0046004850088183415
}