{
  "bolusiob": 0, 
  "iob": 0.5015354505452083, 
  "activity": 0.0013719488536155199
}