{
  "bolusiob": 0, 
  "iob": 0.9621754468945138, 
  "activity": 0.008709876543209875
}