{
  "bolusiob": 0, 
  "iob": -0.08272390296027782, 
  "activity": -0.000797195767195767
}