{
  "bolusiob": 1.2764867908800004, 
  "iob": 2.7085312551938316, 
  "activity": 0.014240512345679005
}