{
  "bolusiob": 0, 
  "iob": -0.24679937247222222, 
  "activity": 0.0011136860670194007
}