{
  "bolusiob": 0, 
  "iob": 0.41519456508784214, 
  "activity": 0.004678986014109346
}