{
  "bolusiob": 0, 
  "iob": 0.41432878719824306, 
  "activity": 0.001058994708994709
}