{
  "bolusiob": 0, 
  "iob": 0.3310546145094444, 
  "activity": -0.0035638888888888873
}