{
  "bolusiob": 0, 
  "iob": 0.39642403998954867, 
  "activity": -0.0029548324514991173
}