{
  "bolusiob": 0, 
  "iob": 0.7457978023522703, 
  "activity": 0.012338095485008815
}