{
  "bolusiob": 0, 
  "iob": 0.6030231989577781, 
  "activity": 0.013053615432098766
}