{
  "bolusiob": 0, 
  "iob": -0.08530402671589753, 
  "activity": 0.0010636769841269836
}