{
  "bolusiob": 0, 
  "iob": 0.8120661514290245, 
  "activity": 0.005975044215167547
}