{
  "bolusiob": 1.17370308224, 
  "iob": 2.389461244934464, 
  "activity": 0.012568310052910049
}