{
  "bolusiob": 0, 
  "iob": 0.8000320400610588, 
  "activity": 0.008949938253968252
}