{
  "bolusiob": 0, 
  "iob": 0.5950255616920958, 
  "activity": 0.0012771778659611981
}