{
  "bolusiob": 0, 
  "iob": -0.08312854292722224, 
  "activity": -0.001864717813051146
}