{
  "bolusiob": 0, 
  "iob": -0.1040657894623054, 
  "activity": 0.0014690499118165776
}