{
  "bolusiob": 0, 
  "iob": 0.1728336169488889, 
  "activity": 7.239858906525607e-05
}