{
  "bolusiob": 0, 
  "iob": 0.2155009678113056, 
  "activity": 0.002802962962962963
}