{
  "bolusiob": 0, 
  "iob": -0.6061101130566666, 
  "activity": -0.005816384479717812
}