{
  "bolusiob": 0.19577501160000005, 
  "iob": 1.223550198476667, 
  "activity": 0.030242116402116406
}