{
  "bolusiob": 0.01024034399999999, 
  "iob": -0.055817747945248034, 
  "activity": -0.0009039415343915343
}