{
  "bolusiob": 0, 
  "iob": 0.05302277133166668, 
  "activity": 0.0018316578483245144
}