{
  "bolusiob": 1.9766784807466666, 
  "iob": 3.1242517898169235, 
  "activity": 0.023915202627865954
}