{
  "bolusiob": 1.800654661728889, 
  "iob": 4.008963814261571, 
  "activity": 0.034133431005291
}