{
  "bolusiob": 0, 
  "iob": -0.24513389798595836, 
  "activity": -0.0014805291005290995
}