{
  "bolusiob": 0, 
  "iob": 0.19784416222166668, 
  "activity": 0.00028686067019400343
}