{
  "bolusiob": 0, 
  "iob": 0.8488176266478259, 
  "activity": 0.012774180141093475
}