{
  "bolusiob": 0, 
  "iob": 0.07303347796091972, 
  "activity": -0.0023741847266313927
}