{
  "bolusiob": 0, 
  "iob": -0.09699873896616494, 
  "activity": -0.006459453262786597
}