{
  "bolusiob": 0, 
  "iob": 0.3938837567246181, 
  "activity": 0.007841900352733685
}