{
  "bolusiob": 0.1369419846400001, 
  "iob": 1.16565130603, 
  "activity": 0.02166765432098765
}