{
  "bolusiob": 0.5871484365333335, 
  "iob": 2.2059312315740773, 
  "activity": 0.03142978825396825
}