{
  "bolusiob": 0, 
  "iob": 0.20172450696722222, 
  "activity": 0.0041272927689594355
}