{
  "bolusiob": 0, 
  "iob": 0.4139060875349729, 
  "activity": 0.005700167918871252
}