{
  "bolusiob": 0, 
  "iob": 0.05408704314388881, 
  "activity": 0.006572354497354495
}