{
  "bolusiob": 2.192254112888889, 
  "iob": 3.5688712256617237, 
  "activity": 0.018758880035273373
}