{
  "bolusiob": 0, 
  "iob": 0.06780633434833336, 
  "activity": -0.0016456790123456782
}