{
  "bolusiob": 0.17612697983999995, 
  "iob": -0.12545899713395803, 
  "activity": -0.002578588800705468
}