{
  "bolusiob": 0, 
  "iob": 0.589370457551917, 
  "activity": 0.006182075520282186
}