{
  "bolusiob": 0, 
  "iob": 0.07740137454621315, 
  "activity": 0.005252763597883597
}