{
  "bolusiob": 0, 
  "iob": 0.6743579502274036, 
  "activity": 0.030252045485008816
}