{
  "bolusiob": 0, 
  "iob": -0.15639737833021805, 
  "activity": -0.0018528568783068786
}