{
  "bolusiob": 0.35983306737777776, 
  "iob": 1.1234108478015947, 
  "activity": 0.004598976984126983
}