{
  "bolusiob": 0, 
  "iob": -0.32432890100494793, 
  "activity": -0.0038548412874779537
}