{
  "bolusiob": 0, 
  "iob": -0.33026726512888893, 
  "activity": -0.00118
}