{
  "bolusiob": 0, 
  "iob": 0.3581591555639193, 
  "activity": 0.006972248465608465
}