{
  "bolusiob": 0, 
  "iob": 0.002167332049630398, 
  "activity": 0.001794698289241622
}