{
  "bolusiob": 0, 
  "iob": -0.38724929853875, 
  "activity": -0.002849673721340387
}