{
  "bolusiob": 0, 
  "iob": 0.3036989780100833, 
  "activity": 0.0032918430335097007
}