{
  "bolusiob": 0, 
  "iob": -0.5159353814744445, 
  "activity": -0.005690035273368607
}