{
  "bolusiob": 0, 
  "iob": -0.5327083200794445, 
  "activity": -0.0028255202821869485
}