{
  "bolusiob": 0, 
  "iob": 0.6992026241939081, 
  "activity": 0.009143774708994707
}