{
  "bolusiob": 0, 
  "iob": 0.670510498046837, 
  "activity": 0.0050537038800705465
}