{
  "bolusiob": 2.2038489435555557, 
  "iob": 2.383606329631079, 
  "activity": 0.010476811216931212
}