{
  "bolusiob": 0, 
  "iob": 0.21395642908899326, 
  "activity": 0.012687459964726632
}