{
  "bolusiob": 0, 
  "iob": 0.6971186728183586, 
  "activity": 0.009488377160493828
}