{
  "bolusiob": 0, 
  "iob": -0.16945866578958338, 
  "activity": -0.001272072310405643
}