{
  "bolusiob": 0, 
  "iob": 0.25169127103121536, 
  "activity": 0.0015032451499118176
}