{
  "bolusiob": 0, 
  "iob": 0.003242430123333334, 
  "activity": 0.0002881834215167548
}