{
  "bolusiob": 0, 
  "iob": 0.8971165992907965, 
  "activity": 0.010671578977072306
}