{
  "bolusiob": 0, 
  "iob": 0.34170993586954856, 
  "activity": -0.0009439153439153442
}