{
  "bolusiob": 0, 
  "iob": 0.2589316971519445, 
  "activity": 0.000985476190476191
}