{
  "bolusiob": 0, 
  "iob": -0.2559979752587213, 
  "activity": -0.002956623156966491
}