{
  "bolusiob": 0, 
  "iob": 0.42427026192000006, 
  "activity": 0.00706994708994709
}