{
  "bolusiob": 0.0087812524799999, 
  "iob": 0.3972636414812186, 
  "activity": 0.014193824867724865
}