{
  "bolusiob": 0.1637407867377778, 
  "iob": -0.5261710720464918, 
  "activity": -0.009994127354497352
}