{
  "bolusiob": 0, 
  "iob": 0.08132060176141279, 
  "activity": -0.00016577590828924173
}