{
  "bolusiob": 0, 
  "iob": 0.2193500397388437, 
  "activity": 0.00047773880070546776
}