{
  "bolusiob": 3.379476350008889, 
  "iob": 3.2938657966761102, 
  "activity": 0.005433315696649028
}