{
  "bolusiob": 0, 
  "iob": 0.23209762904822218, 
  "activity": 0.023163650299823625
}