{
  "bolusiob": 0, 
  "iob": 0.7590272927960807, 
  "activity": 0.008731287460317459
}