{
  "bolusiob": 0, 
  "iob": 0.9505698136869241, 
  "activity": 0.010702293262786593
}