{
  "bolusiob": 0, 
  "iob": 0.17875897501353574, 
  "activity": 0.0037610318342151667
}