{
  "bolusiob": 0, 
  "iob": 0.8925612857308826, 
  "activity": 0.00889998248677249
}