{
  "bolusiob": 0, 
  "iob": 0.5117352899485725, 
  "activity": 0.0030299827160493813
}