{
  "bolusiob": 0, 
  "iob": 0.3483884449600185, 
  "activity": 0.009325017813051145
}