{
  "bolusiob": 0, 
  "iob": 0.2103082290825279, 
  "activity": 0.006753465608465608
}