{
  "bolusiob": 0, 
  "iob": -0.20263060230993726, 
  "activity": 0.0021678785185185183
}