{
  "bolusiob": 0.18730334842666657, 
  "iob": 1.698515950456496, 
  "activity": 0.024919374268077596
}