{
  "bolusiob": 0, 
  "iob": -0.17598806249805557, 
  "activity": -0.0023060846560846553
}