{
  "bolusiob": 0, 
  "iob": 0.8804477455102776, 
  "activity": 0.010603862433862432
}