{
  "bolusiob": 0, 
  "iob": -0.058599615292251946, 
  "activity": -0.0010106788359788355
}