{
  "bolusiob": 0, 
  "iob": -0.18641319293898598, 
  "activity": -0.0036195413580246906
}