{
  "bolusiob": 0, 
  "iob": -0.001342835129999992, 
  "activity": -0.000195238095238095
}