{
  "bolusiob": 0.015833374999999993, 
  "iob": 0.8729138457660922, 
  "activity": 0.01752701084656085
}