{
  "bolusiob": 0, 
  "iob": 0.1795868542572103, 
  "activity": 0.011989876349206346
}