{
  "bolusiob": 0, 
  "iob": 0.11584382899524874, 
  "activity": 0.0024571692239858914
}