{
  "bolusiob": 0, 
  "iob": 0.14367255391555556, 
  "activity": -0.002523765432098765
}