{
  "bolusiob": 1.1097156420266667, 
  "iob": 0.7766637076418887, 
  "activity": 0.0007639153439153435
}