{
  "bolusiob": 0, 
  "iob": -0.4425242138505918, 
  "activity": -0.005720547107583774
}