{
  "bolusiob": 1.259866485048889, 
  "iob": 2.3850071843036225, 
  "activity": 0.01018407620811288
}