{
  "bolusiob": 0, 
  "iob": 0.9641714304654168, 
  "activity": 0.009770202821869486
}