{
  "bolusiob": 1.8872315477866668, 
  "iob": 2.750064736309753, 
  "activity": 0.004568372398589066
}