{
  "bolusiob": 1.022199332, 
  "iob": 1.3034487125269414, 
  "activity": 0.00414041433862434
}