{
  "bolusiob": 0, 
  "iob": -0.30032513712534803, 
  "activity": -0.0035068430864197524
}