{
  "bolusiob": 0, 
  "iob": -0.14542317691755555, 
  "activity": -0.0019480793650793649
}