{
  "bolusiob": 0, 
  "iob": 0.7476480425378037, 
  "activity": 0.009186305361552027
}