{
  "bolusiob": 0, 
  "iob": 0.3474386802100371, 
  "activity": 0.006273210052910053
}