{
  "bolusiob": 0, 
  "iob": 0.2546486149963245, 
  "activity": 0.00293047594356261
}