{
  "bolusiob": 0, 
  "iob": 0.7002273661894446, 
  "activity": 0.00911174603174603
}