{
  "bolusiob": 0, 
  "iob": 0.06727576021615353, 
  "activity": 7.956788359788389e-05
}