{
  "bolusiob": 1.6567928406399999, 
  "iob": 1.7253374076431325, 
  "activity": -0.0008459967548500884
}