{
  "bolusiob": 0, 
  "iob": 0.713537469159035, 
  "activity": 0.003422531746031746
}