{
  "bolusiob": 0, 
  "iob": 0.5826050465638267, 
  "activity": 0.004507804514991181
}