{
  "bolusiob": 0, 
  "iob": 0.2343249651256111, 
  "activity": 0.0034629805996472655
}