{
  "bolusiob": 0, 
  "iob": -0.5115425283433331, 
  "activity": -0.006183562980599647
}