{
  "bolusiob": -6.49448400000252e-05, 
  "iob": 0.005002594127666703, 
  "activity": 0.007719171075837739
}