{
  "bolusiob": 0, 
  "iob": 0.8172200296213705, 
  "activity": 0.010722016649029982
}