{
  "bolusiob": 0, 
  "iob": -0.1449556284673611, 
  "activity": 0.0017850705467372132
}