{
  "bolusiob": 0, 
  "iob": 0.23769479595549842, 
  "activity": 0.00459336897707231
}