{
  "bolusiob": 0, 
  "iob": 0.7263283175436808, 
  "activity": 0.008314684303350969
}