{
  "bolusiob": 0, 
  "iob": -0.418638265451434, 
  "activity": -0.0015016491181657839
}