{
  "bolusiob": 0, 
  "iob": 1.0380478062911902, 
  "activity": 0.008860069947089948
}