{
  "bolusiob": 0, 
  "iob": -0.2861461773912252, 
  "activity": 0.00046132266313932954
}