{
  "bolusiob": 1.0809007783466669, 
  "iob": 1.974380106695192, 
  "activity": 0.015724091975308635
}