{
  "bolusiob": 0.09479588137333338, 
  "iob": 1.4535873171450004, 
  "activity": 0.02811417989417989
}