{
  "bolusiob": 0, 
  "iob": -0.33703196387875006, 
  "activity": -0.001928738977072311
}