{
  "bolusiob": 0, 
  "iob": 0.056181782940795406, 
  "activity": 0.0026881656613756627
}