{
  "bolusiob": 0, 
  "iob": 0.4792875834536111, 
  "activity": 0.005025511463844796
}