{
  "bolusiob": 0, 
  "iob": -0.2814532547491668, 
  "activity": 0.0034742592592592538
}