{
  "bolusiob": 0, 
  "iob": 1.004708156873393, 
  "activity": 0.013690908536155203
}