{
  "bolusiob": 0, 
  "iob": 0.689471864587014, 
  "activity": 0.008112671957671957
}