{
  "bolusiob": 0, 
  "iob": 0.19698124252166674, 
  "activity": 0.005382116402116401
}