{
  "bolusiob": 0, 
  "iob": -0.5615430448852095, 
  "activity": 0.0007545236860670178
}