{
  "bolusiob": 0, 
  "iob": -0.22974756668553983, 
  "activity": -8.303169312169335e-05
}