{
  "bolusiob": 0.07243221162666665, 
  "iob": 0.5983257188111112, 
  "activity": 0.008395432098765431
}