{
  "bolusiob": 0, 
  "iob": 0.9450955049216669, 
  "activity": 0.009448024691358026
}