{
  "bolusiob": 0, 
  "iob": -0.5403112325229681, 
  "activity": -0.006329691181657848
}