{
  "bolusiob": 0.08192466240000003, 
  "iob": 1.5413562489943395, 
  "activity": 0.02369686104056437
}