{
  "bolusiob": 0, 
  "iob": -0.28652167527828926, 
  "activity": -0.002781931128747795
}