{
  "bolusiob": 0, 
  "iob": 0.008275224579793704, 
  "activity": 0.0023420101940035275
}