{
  "bolusiob": 0, 
  "iob": 0.10370872639555558, 
  "activity": -0.0015229629629629627
}