{
  "bolusiob": 1.3255751113955556, 
  "iob": 3.5601938192461113, 
  "activity": 0.04250420634920633
}