{
  "bolusiob": -0.0004501517333332927, 
  "iob": 0.927889649118539, 
  "activity": 0.019447393474426807
}