{
  "bolusiob": 0, 
  "iob": 0.25804024075108334, 
  "activity": 0.0057508024691358016
}