{
  "bolusiob": 0, 
  "iob": 0.2674622700511667, 
  "activity": 0.0029049911816578485
}