{
  "bolusiob": 0, 
  "iob": 0.03371369347555558, 
  "activity": 0.0010791534391534387
}