{
  "bolusiob": 0, 
  "iob": 0.35177022413963743, 
  "activity": 0.008427777865961196
}