{
  "bolusiob": 0, 
  "iob": -0.10001579547322915, 
  "activity": 0.005223306878306878
}