{
  "bolusiob": 0, 
  "iob": -0.5057667626332591, 
  "activity": -0.0035617282186948857
}