{
  "bolusiob": 0, 
  "iob": -0.49712168774033344, 
  "activity": -0.005095608465608464
}