{
  "bolusiob": 0, 
  "iob": -0.292804640776066, 
  "activity": 0.004152186507936507
}