{
  "bolusiob": -0.0001768725600000076, 
  "iob": 1.3063172156455143, 
  "activity": 0.053936260758377395
}