{
  "bolusiob": 0, 
  "iob": -0.3555717037338889, 
  "activity": -0.005397971781305114
}