{
  "bolusiob": 0, 
  "iob": -0.22296427880722222, 
  "activity": -0.0021681569664902993
}