{
  "bolusiob": 0.04339644031999993, 
  "iob": 0.8662274475590163, 
  "activity": 0.03161931770723104
}