{
  "bolusiob": 0.2704464143200003, 
  "iob": 1.5307025157270042, 
  "activity": 0.029103668395061726
}