{
  "bolusiob": 0, 
  "iob": 0.3842769344862257, 
  "activity": 0.00803979710758377
}