{
  "bolusiob": 0, 
  "iob": 0.3922790750503741, 
  "activity": 0.0015521225044091715
}