{
  "bolusiob": 0, 
  "iob": 0.19203328035260545, 
  "activity": 0.006561022927689595
}