{
  "bolusiob": 0, 
  "iob": 0.5244194830404167, 
  "activity": 0.019012663139329804
}