{
  "bolusiob": 0, 
  "iob": 0.28464851945444447, 
  "activity": 0.0018014902998236331
}