{
  "bolusiob": 0, 
  "iob": 0.17253084788097225, 
  "activity": 0.0029933774250440913
}