{
  "bolusiob": 0, 
  "iob": -0.07521454417388887, 
  "activity": 0.003950934744268078
}