{
  "bolusiob": 0, 
  "iob": -0.117068398884428, 
  "activity": 0.0028591974074074077
}