{
  "bolusiob": 0.046652488760000006, 
  "iob": -0.02207507740719586, 
  "activity": -0.0016626716931216934
}