{
  "bolusiob": 0.49545836003111104, 
  "iob": 1.3134156748899175, 
  "activity": 0.009834718077601409
}