{
  "bolusiob": 0, 
  "iob": 0.7443522471880002, 
  "activity": 0.006324938271604938
}