{
  "bolusiob": 0, 
  "iob": 0.7445347445203044, 
  "activity": 0.010361525943562606
}