{
  "bolusiob": 0, 
  "iob": -0.6072886614550567, 
  "activity": -0.004105687654320988
}