{
  "bolusiob": 0, 
  "iob": -0.08850219895033336, 
  "activity": -0.00173858024691358
}