{
  "bolusiob": 0, 
  "iob": 0.33489272834334727, 
  "activity": 0.00406347479717813
}