{
  "bolusiob": 0, 
  "iob": 0.22105236517309265, 
  "activity": -0.0033398852733686063
}