{
  "bolusiob": 0, 
  "iob": -0.26325115736355253, 
  "activity": -0.0036876012522045845
}