{
  "bolusiob": 0, 
  "iob": 0.13206300514989686, 
  "activity": 0.0035472928924162248
}