{
  "bolusiob": 0, 
  "iob": -0.5007021858609414, 
  "activity": -0.007309345061728394
}