{
  "bolusiob": 0.49215476337777775, 
  "iob": 0.7454119292561462, 
  "activity": 0.00879575874779541
}