{
  "bolusiob": 0, 
  "iob": -0.010408839243124985, 
  "activity": -0.0007371693121693118
}