{
  "bolusiob": 0, 
  "iob": 0.4418925183454362, 
  "activity": 0.007996998500881832
}