{
  "bolusiob": 0, 
  "iob": -0.06048446094013971, 
  "activity": -0.0023424601410934735
}