{
  "bolusiob": 0.8495727855333333, 
  "iob": 1.9985119626968413, 
  "activity": 0.027367495326278662
}