{
  "bolusiob": 0, 
  "iob": 0.24661540406408258, 
  "activity": 0.003033518130511464
}