{
  "bolusiob": 0, 
  "iob": -0.10807227489777775, 
  "activity": 0.0003674514991181659
}