{
  "bolusiob": 0, 
  "iob": 0.3305987261155353, 
  "activity": 0.009077733721340386
}