{
  "bolusiob": 0.08300730393333333, 
  "iob": 0.3596214522331891, 
  "activity": 0.006299911552028219
}