{
  "bolusiob": 0, 
  "iob": 0.8422407163529445, 
  "activity": 0.012487671957671953
}