{
  "bolusiob": 0, 
  "iob": 0.28360859677085193, 
  "activity": 0.007071314056437388
}