{
  "bolusiob": 0, 
  "iob": -0.05215018610055558, 
  "activity": -0.0027232892416225746
}