{
  "bolusiob": 0, 
  "iob": 0.1377307872675309, 
  "activity": -0.0005127423104056431
}