{
  "bolusiob": 0, 
  "iob": 0.39771424659800486, 
  "activity": 0.004762133950617284
}