{
  "bolusiob": 0, 
  "iob": 0.37561353012902776, 
  "activity": 0.005506102292768958
}