{
  "bolusiob": 0, 
  "iob": 0.5308847124044154, 
  "activity": 0.011225652804232805
}