{
  "bolusiob": 0, 
  "iob": 0.030818694851764583, 
  "activity": 0.000562327918871252
}