{
  "bolusiob": 0, 
  "iob": 0.27590084703322765, 
  "activity": 0.002788576384479718
}