{
  "bolusiob": 0, 
  "iob": 0.7313451019976945, 
  "activity": 0.008841992945326279
}