{
  "bolusiob": 0, 
  "iob": 0.4378950150548593, 
  "activity": 0.006545092433862433
}