{
  "bolusiob": 0, 
  "iob": 0.26130787023948193, 
  "activity": -0.0013985537918871239
}