{
  "bolusiob": 0, 
  "iob": 1.0669106414973613, 
  "activity": 0.01153574074074074
}