{
  "bolusiob": 0, 
  "iob": 0.31092083304970286, 
  "activity": 0.005404006084656083
}