{
  "bolusiob": 0, 
  "iob": -0.08496158676569446, 
  "activity": 0.00572915343915344
}