{
  "bolusiob": 0, 
  "iob": -0.7352804300332698, 
  "activity": -0.006487645114638446
}