{
  "bolusiob": 0, 
  "iob": 0.5974048221105028, 
  "activity": 0.004021948941798942
}