{
  "bolusiob": 0.05356978899999999, 
  "iob": 0.4864094351941909, 
  "activity": 0.0167414198765432
}