{
  "bolusiob": 2.4776191903822222, 
  "iob": 2.9793875495445836, 
  "activity": 0.016996216931216928
}