{
  "bolusiob": 0, 
  "iob": -0.0374759480678813, 
  "activity": -0.006553147883597883
}