{
  "bolusiob": 0.715194909, 
  "iob": 1.2785267265741667, 
  "activity": 0.010550388007054672
}