{
  "bolusiob": 0, 
  "iob": 0.3472931558478612, 
  "activity": 0.0032418077601410935
}