{
  "bolusiob": 0, 
  "iob": -0.4254113262116481, 
  "activity": -0.004427028130511463
}