{
  "bolusiob": -0.0005170181333334356, 
  "iob": 1.1533642945277776, 
  "activity": 0.039056208112874774
}