{
  "bolusiob": 0.5867253757866667, 
  "iob": 1.4896352410028673, 
  "activity": 0.0122572578659612
}