{
  "bolusiob": 0, 
  "iob": -0.3346812647270112, 
  "activity": 0.005798553262786592
}