{
  "bolusiob": 0, 
  "iob": -0.28375984422007194, 
  "activity": -0.005584849911816577
}