{
  "bolusiob": 0, 
  "iob": 1.0474747953226389, 
  "activity": 0.01131431216931217
}