{
  "bolusiob": 0, 
  "iob": 0.10252995448333334, 
  "activity": 0.003358553791887124
}