{
  "bolusiob": 0, 
  "iob": -0.4646598159123184, 
  "activity": -0.006831102663139329
}