{
  "bolusiob": 0, 
  "iob": -0.11301782337855626, 
  "activity": 0.00028477063492063457
}