{
  "bolusiob": 0, 
  "iob": -0.5342155389990568, 
  "activity": -0.0036908552028218694
}