{
  "bolusiob": 0, 
  "iob": 0.7544931707358891, 
  "activity": 0.0024304761904761856
}