{
  "bolusiob": 0, 
  "iob": 0.2186275681434728, 
  "activity": 0.011668077248677246
}