{
  "bolusiob": 0, 
  "iob": 0.18799076284943245, 
  "activity": 0.0042869221340387995
}