{
  "bolusiob": 0.9735032810400002, 
  "iob": 1.6431386241242005, 
  "activity": 0.006755021587301585
}