{
  "bolusiob": 0.03674898773333313, 
  "iob": 1.243453615243934, 
  "activity": 0.023466631305114637
}