{
  "bolusiob": 0, 
  "iob": 0.3279146966933334, 
  "activity": 0.005006419753086419
}