{
  "bolusiob": 0, 
  "iob": -0.5693885314922222, 
  "activity": -0.005785185185185185
}