{
  "bolusiob": 0, 
  "iob": -0.04650609520444443, 
  "activity": -0.0010105467372134036
}