{
  "bolusiob": 0, 
  "iob": 0.6876231299195358, 
  "activity": 0.010142381252204584
}