{
  "bolusiob": 0, 
  "iob": 0.111725752121214, 
  "activity": 0.0024554498236331584
}