{
  "bolusiob": 0.0023349232399998312, 
  "iob": 0.8685951772312499, 
  "activity": 0.014339259259259258
}