{
  "bolusiob": 0, 
  "iob": 0.07779149987819031, 
  "activity": 0.00010263686067019437
}