{
  "bolusiob": 0, 
  "iob": 0.541011445028717, 
  "activity": 0.0038901059964726635
}