{
  "bolusiob": 0, 
  "iob": 0.909488487825, 
  "activity": 0.026670634920634914
}