{
  "bolusiob": 0, 
  "iob": 0.07848287855512785, 
  "activity": 0.002190939029982363
}