{
  "bolusiob": 0, 
  "iob": 0.14857223657500002, 
  "activity": 0.004136243386243385
}