{
  "bolusiob": 0, 
  "iob": 0.6221845062101152, 
  "activity": 0.02095006155202821
}