{
  "bolusiob": 0, 
  "iob": 0.40030930251589397, 
  "activity": 0.006102524779541445
}