{
  "bolusiob": 0, 
  "iob": 0.7390487904663801, 
  "activity": 0.005055731657848323
}