{
  "bolusiob": 0, 
  "iob": -0.06841370652430559, 
  "activity": -0.003080502645502645
}