{
  "bolusiob": 0, 
  "iob": 0.8338102886782934, 
  "activity": 0.006456843439153438
}