{
  "bolusiob": 0, 
  "iob": 0.29151146360935415, 
  "activity": -0.004050044091710757
}