{
  "bolusiob": 0, 
  "iob": 0.45983593993629784, 
  "activity": 0.004712125202821868
}