{
  "bolusiob": 0, 
  "iob": 0.6628341710718612, 
  "activity": 0.008533888888888888
}