{
  "bolusiob": 2.7612200089599996, 
  "iob": 2.032557793876332, 
  "activity": -0.003096038800705468
}