{
  "bolusiob": 0, 
  "iob": -0.26810193898069523, 
  "activity": -0.004486181305114639
}