{
  "bolusiob": 0, 
  "iob": -0.1742834779776888, 
  "activity": 0.003060961075837742
}