{
  "bolusiob": 0, 
  "iob": 0.24361874862819446, 
  "activity": 0.0013236155202821865
}