{
  "bolusiob": 0, 
  "iob": 0.465535810269757, 
  "activity": 0.006729435626102292
}