{
  "bolusiob": -6.49448400000252e-05, 
  "iob": 0.41890920274919297, 
  "activity": 0.019253978694885366
}