{
  "bolusiob": 0, 
  "iob": -0.39348990735328143, 
  "activity": -0.010706304938271606
}