{
  "bolusiob": 0, 
  "iob": 0.6201506997363309, 
  "activity": 0.01005527386243386
}