{
  "bolusiob": 0, 
  "iob": -0.48316319818591363, 
  "activity": -0.002135511287477954
}