{
  "bolusiob": 0, 
  "iob": 0.5570154125307779, 
  "activity": 0.009655446208112872
}