{
  "bolusiob": 0, 
  "iob": -0.3925605182815278, 
  "activity": -0.0035056790123456786
}