{
  "bolusiob": 0, 
  "iob": -0.4168792941977896, 
  "activity": 0.010357751234567893
}