{
  "bolusiob": 0, 
  "iob": -0.17255135518402778, 
  "activity": -0.001209462081128748
}