{
  "bolusiob": 0, 
  "iob": -0.028778906289693207, 
  "activity": -0.00046841259259259297
}