{
  "bolusiob": 0, 
  "iob": 0.3842555787842096, 
  "activity": 0.005571005661375661
}