{
  "bolusiob": 0, 
  "iob": 0.5261323252609605, 
  "activity": 0.012474215079365077
}