{
  "bolusiob": 0, 
  "iob": 0.4295598559686846, 
  "activity": 0.004928589171075837
}