{
  "bolusiob": 0, 
  "iob": 0.5621694798434789, 
  "activity": 0.006680167107583774
}