{
  "bolusiob": 0.22859833984000008, 
  "iob": 0.8383989145610046, 
  "activity": 0.01862311299823632
}