{
  "bolusiob": 0, 
  "iob": -0.7654826225998699, 
  "activity": -0.010839556613756612
}