{
  "bolusiob": 0, 
  "iob": 0.30958882351389583, 
  "activity": 0.0029919131922398587
}