{
  "bolusiob": 0, 
  "iob": -0.33129388010559657, 
  "activity": -0.01142002657848324
}