{
  "bolusiob": 0, 
  "iob": -0.004717063532222204, 
  "activity": 0.0025336684303350968
}