{
  "bolusiob": 0, 
  "iob": 0.7063922804613941, 
  "activity": 0.008675811446208114
}