{
  "bolusiob": 0.022472174666666647, 
  "iob": 0.6881511028198055, 
  "activity": 0.011454659611992941
}