{
  "bolusiob": 0, 
  "iob": -0.29232057356833346, 
  "activity": -0.0014306172839506173
}