{
  "bolusiob": 0, 
  "iob": 0.4329478880804393, 
  "activity": 0.006634179805996471
}