{
  "bolusiob": 0, 
  "iob": 0.031493970742268174, 
  "activity": 0.01551684264550265
}