{
  "bolusiob": 1.0799551645333334, 
  "iob": 1.862387507664445, 
  "activity": 0.02525248677248677
}