{
  "bolusiob": 0, 
  "iob": 0.07649885725972222, 
  "activity": -0.0009454850088183419
}