{
  "bolusiob": 0, 
  "iob": -0.013693709425393467, 
  "activity": -0.0012000098765432084
}