{
  "bolusiob": 0, 
  "iob": 0.7887121787588307, 
  "activity": 0.011210476437389767
}