{
  "bolusiob": 1.4352591421333334, 
  "iob": 1.5804121877399997, 
  "activity": 0.002500917107583773
}