{
  "bolusiob": 0, 
  "iob": -0.004768285034444449, 
  "activity": 0.003956966490299823
}