{
  "bolusiob": 0, 
  "iob": 1.0652353139077066, 
  "activity": 0.01225287490299823
}