{
  "bolusiob": 0, 
  "iob": 0.5816701405919157, 
  "activity": 0.016687345238095227
}