{
  "bolusiob": 0.09265154528000001, 
  "iob": 2.0274816442983665, 
  "activity": 0.03278556948853616
}