{
  "bolusiob": 0.011513013759999958, 
  "iob": 0.8688918689150599, 
  "activity": 0.021230882098765436
}