{
  "bolusiob": 0.011121421759999972, 
  "iob": 0.4559675219059137, 
  "activity": 0.025925066402116392
}