{
  "bolusiob": 0, 
  "iob": -0.015363309778194452, 
  "activity": -0.0012108377425044088
}