{
  "bolusiob": 0.4662943272266666, 
  "iob": 2.0798666612478622, 
  "activity": 0.03597500880070547
}