{
  "bolusiob": 3.332177863733333, 
  "iob": 4.061950991934528, 
  "activity": 0.015716375696649028
}