{
  "bolusiob": 0, 
  "iob": -0.05424016150799304, 
  "activity": 0.003077513227513228
}