{
  "bolusiob": 0, 
  "iob": 0.39192930266777787, 
  "activity": 0.006128589065255732
}