{
  "bolusiob": 1.4593034112, 
  "iob": 1.0730930163194445, 
  "activity": 0.0013206878306878307
}