{
  "bolusiob": 0, 
  "iob": -0.5027459859129374, 
  "activity": 0.0017242195767195772
}