{
  "bolusiob": 0, 
  "iob": 0.811726708326937, 
  "activity": 0.011317284197530864
}