{
  "bolusiob": 0.04269624999999977, 
  "iob": 0.7666414974538888, 
  "activity": 0.026632645502645498
}