{
  "bolusiob": 0, 
  "iob": -0.43127606047675004, 
  "activity": -0.0065525837742504405
}