{
  "bolusiob": 0, 
  "iob": -0.0297261568382575, 
  "activity": 0.0011342061728395053
}