{
  "bolusiob": 0, 
  "iob": 0.026644214490000016, 
  "activity": 0.002172486772486771
}