{
  "bolusiob": 0, 
  "iob": 1.029725702082639, 
  "activity": 0.01064679894179894
}