{
  "bolusiob": 0, 
  "iob": -0.34359347522729744, 
  "activity": -0.003783662610229276
}