{
  "bolusiob": 0, 
  "iob": 0.7199660116993611, 
  "activity": 0.00883910052910053
}