{
  "bolusiob": 0, 
  "iob": -0.3059044949340836, 
  "activity": -0.005218095061728394
}