{
  "bolusiob": 0, 
  "iob": -0.08184794870750005, 
  "activity": 0.0003032010582010583
}