{
  "bolusiob": 0, 
  "iob": -0.25527055512255153, 
  "activity": -0.00288979708994709
}