{
  "bolusiob": 0, 
  "iob": 0.24544601400479307, 
  "activity": 0.005763438800705466
}