{
  "bolusiob": 0, 
  "iob": -0.32270256756501586, 
  "activity": -0.006255555590828923
}