{
  "bolusiob": 0, 
  "iob": -0.08909777583166664, 
  "activity": 0.0008045149911816584
}