{
  "bolusiob": 0, 
  "iob": -0.09970299578888889, 
  "activity": -6.0123456790123454e-05
}