{
  "bolusiob": 0, 
  "iob": -0.031639018984226594, 
  "activity": 0.0017648676014109343
}