{
  "bolusiob": 0, 
  "iob": 0.4230486160955555, 
  "activity": 0.016887442680776008
}