{
  "bolusiob": 0, 
  "iob": -0.39044222997125, 
  "activity": -0.0017984832451499117
}