{
  "bolusiob": 0, 
  "iob": 0.9216569116900002, 
  "activity": 0.017888095238095234
}