{
  "bolusiob": 0, 
  "iob": 0.5684634675109722, 
  "activity": 0.008293086419753085
}