{
  "bolusiob": 0, 
  "iob": 0.46124707308847235, 
  "activity": 0.006571366843033509
}