{
  "bolusiob": 0, 
  "iob": 0.1359788950802535, 
  "activity": -0.0020586686772486773
}