{
  "bolusiob": 0, 
  "iob": 0.9215206313026775, 
  "activity": 0.007413920388007054
}