{
  "bolusiob": 1.8701228110711112, 
  "iob": 2.913830436989074, 
  "activity": 0.02300335077601411
}