{
  "bolusiob": 0, 
  "iob": -0.10765754187347223, 
  "activity": -0.0007334126984126986
}