{
  "bolusiob": 0.07156647193333332, 
  "iob": 0.485517142123264, 
  "activity": 0.023381049382716054
}