{
  "bolusiob": 0, 
  "iob": 0.09332929131000697, 
  "activity": 0.0032051403703703698
}