{
  "bolusiob": 0, 
  "iob": 0.4975794953136622, 
  "activity": 0.006078980141093475
}