{
  "bolusiob": 0.24509424295999993, 
  "iob": 2.0899932107793227, 
  "activity": 0.030304374144620803
}