{
  "bolusiob": 0, 
  "iob": 0.735708331106111, 
  "activity": 0.01011132275132275
}