{
  "bolusiob": 0, 
  "iob": 0.6485053580559722, 
  "activity": 0.012601437389770717
}