{
  "bolusiob": 0, 
  "iob": 0.049595755683912855, 
  "activity": -0.002052239647266314
}