{
  "bolusiob": 0, 
  "iob": -0.27300090967055557, 
  "activity": -0.00303152557319224
}