{
  "bolusiob": 0, 
  "iob": -0.1308782522647222, 
  "activity": 0.0005819135802469137
}