{
  "bolusiob": 0, 
  "iob": 0.8348358767900002, 
  "activity": 0.014830846560846558
}