{
  "bolusiob": 3.36300356672, 
  "iob": 3.9600876473058024, 
  "activity": 0.01317481432098765
}