{
  "bolusiob": 0, 
  "iob": 0.8655322265299998, 
  "activity": 0.01513751322751322
}