{
  "bolusiob": 0, 
  "iob": 0.02553828009722227, 
  "activity": 0.005784973544973543
}