{
  "bolusiob": 0, 
  "iob": 0.28898611933845025, 
  "activity": 0.008507521340388007
}