{
  "bolusiob": 0, 
  "iob": -0.0578182536214584, 
  "activity": -0.002486957671957671
}