{
  "bolusiob": 0, 
  "iob": 0.43612638665200665, 
  "activity": 0.007478218253968252
}