{
  "bolusiob": 0, 
  "iob": -0.11065761199569446, 
  "activity": -0.0003385802469135803
}