{
  "bolusiob": 0, 
  "iob": 0.23495842200763892, 
  "activity": 0.005026675485008817
}