{
  "bolusiob": 0, 
  "iob": 0.36322391336595766, 
  "activity": 0.006023285185185184
}