{
  "bolusiob": 0, 
  "iob": 0.23884863066833334, 
  "activity": 0.004635097001763666
}