{
  "bolusiob": 0, 
  "iob": 0.45459164795346474, 
  "activity": 0.006386091746031745
}