{
  "bolusiob": 0, 
  "iob": 0.7305787427797904, 
  "activity": 0.0064036648148148145
}