{
  "bolusiob": 0, 
  "iob": 0.37163148554777775, 
  "activity": 0.007109876543209873
}