{
  "bolusiob": 0, 
  "iob": 0.3851466336702501, 
  "activity": 0.006088280423280422
}