{
  "bolusiob": 0, 
  "iob": 0.50734755767229, 
  "activity": 0.013667963227513227
}