{
  "bolusiob": 0, 
  "iob": 0.6123527309025709, 
  "activity": 0.007835679259259258
}