{
  "bolusiob": 0, 
  "iob": 0.19148046042173664, 
  "activity": 0.0001247884832451503
}