{
  "bolusiob": 0, 
  "iob": 0.14205433194605685, 
  "activity": 0.0037111024162257487
}