{
  "bolusiob": 0.0015115189999999833, 
  "iob": 0.321784932054112, 
  "activity": 0.013639021040564372
}