{
  "bolusiob": 0.8837998681733334, 
  "iob": 2.289072629343899, 
  "activity": 0.03421491208112875
}