{
  "bolusiob": 0.4681820384266667, 
  "iob": 1.4339265721274916, 
  "activity": 0.013432956349206352
}