{
  "bolusiob": 2.0681395007466667, 
  "iob": 3.2395447571063856, 
  "activity": 0.02389805566137564
}