{
  "bolusiob": 2.1794763829866675, 
  "iob": 4.180219249484075, 
  "activity": 0.030300080035273354
}