{
  "bolusiob": 0, 
  "iob": 0.9128580388671826, 
  "activity": 0.014029876278659611
}