{
  "bolusiob": 0, 
  "iob": 0.8995725473938967, 
  "activity": 0.018226366966490295
}