{
  "bolusiob": 0, 
  "iob": -0.8080162424257079, 
  "activity": -9.560014109347598e-05
}