{
  "bolusiob": 0, 
  "iob": -0.01372248139312501, 
  "activity": -0.0009056878306878302
}