{
  "bolusiob": 0, 
  "iob": 0.06371150810235728, 
  "activity": 5.008839506172877e-05
}