{
  "bolusiob": 0, 
  "iob": 0.07386783183944468, 
  "activity": 0.003123403880070545
}