{
  "bolusiob": 0, 
  "iob": 1.1777896785868631, 
  "activity": 0.012881234938271605
}