{
  "bolusiob": 0, 
  "iob": -0.11221924936553193, 
  "activity": -0.0013931479717813047
}