{
  "bolusiob": 0, 
  "iob": -0.44948581022783474, 
  "activity": -0.006835140917107582
}