{
  "bolusiob": 2.04887413248, 
  "iob": 2.5353586615783343, 
  "activity": 0.013550105820105816
}