{
  "bolusiob": 0, 
  "iob": 0.22619972318064094, 
  "activity": 0.009927945202821864
}