{
  "bolusiob": 0, 
  "iob": 0.06231580373848028, 
  "activity": 0.0006328480599647262
}