{
  "bolusiob": 0, 
  "iob": 0.6118119654743249, 
  "activity": 0.005352636684303351
}