{
  "bolusiob": 0, 
  "iob": 0.5693039262549773, 
  "activity": 0.019269960758377423
}