{
  "bolusiob": 0.77763102152, 
  "iob": 2.256561195303333, 
  "activity": 0.0298442680776014
}