{
  "bolusiob": 0, 
  "iob": 0.6088573177560099, 
  "activity": 0.008307213350970016
}