{
  "bolusiob": 0, 
  "iob": 1.0593731746324155, 
  "activity": 0.02134329825396825
}