{
  "bolusiob": 0, 
  "iob": -0.5702957174831944, 
  "activity": -0.00490253086419753
}