{
  "bolusiob": 0, 
  "iob": -0.028910273049990956, 
  "activity": -0.002094100776014109
}