{
  "bolusiob": 0, 
  "iob": 0.3744064686416669, 
  "activity": 0.007587592592592592
}