{
  "bolusiob": 0, 
  "iob": -0.41608360504554176, 
  "activity": -0.0005423192239858899
}