{
  "bolusiob": 0, 
  "iob": 0.10524167181008336, 
  "activity": -0.0021018518518518526
}