{
  "bolusiob": 0.10460171262666669, 
  "iob": 0.7750128743138889, 
  "activity": 0.012402839506172839
}