{
  "bolusiob": 0, 
  "iob": 0.582950575029623, 
  "activity": 0.005715132892416226
}