{
  "bolusiob": 0, 
  "iob": 0.04656212116833333, 
  "activity": 0.00180379188712522
}