{
  "bolusiob": 0, 
  "iob": -0.20150009284108764, 
  "activity": -0.005749947001763667
}