{
  "bolusiob": 0, 
  "iob": 0.2160201348049152, 
  "activity": 0.0063364641975308614
}