{
  "bolusiob": 0, 
  "iob": 0.22184698168555556, 
  "activity": 0.00153694885361552
}