{
  "bolusiob": 0, 
  "iob": 0.01423381704482805, 
  "activity": 0.0009504406525573189
}