{
  "bolusiob": 0.9727735422222222, 
  "iob": 1.2232959294316668, 
  "activity": 0.0021942592592592586
}