{
  "bolusiob": 0, 
  "iob": 0.42611844599375515, 
  "activity": 0.005456164232804231
}