{
  "bolusiob": 0, 
  "iob": -0.11501299136495521, 
  "activity": -0.0024572396825396814
}