{
  "bolusiob": 0, 
  "iob": 0.18388718997333328, 
  "activity": 0.004843236331569663
}