{
  "bolusiob": 0, 
  "iob": 0.18938933651111112, 
  "activity": 0.005086878306878307
}