{
  "bolusiob": 0.001235554493333324, 
  "iob": 0.6042303922594444, 
  "activity": 0.012145079365079362
}