{
  "bolusiob": 0, 
  "iob": 0.9717758486598019, 
  "activity": 0.008196438236331571
}