{
  "bolusiob": 0, 
  "iob": -0.18345869695005546, 
  "activity": 0.000432222222222222
}