{
  "bolusiob": 0, 
  "iob": 0.19844259466263886, 
  "activity": 0.009458236331569662
}