{
  "bolusiob": 0, 
  "iob": 0.26365806759494814, 
  "activity": 0.009866631305114636
}