{
  "bolusiob": 0, 
  "iob": 0.07573890214458427, 
  "activity": -0.0042423631922398584
}