{
  "bolusiob": 0, 
  "iob": 0.42827910071666686, 
  "activity": 0.016433553791887136
}