{
  "bolusiob": 0, 
  "iob": -0.012865737074219334, 
  "activity": 0.004304799735449735
}