{
  "bolusiob": 2.2667119741155557, 
  "iob": 1.9783322575263336, 
  "activity": 0.0022715167548500873
}