{
  "bolusiob": 0, 
  "iob": -0.056228511041559404, 
  "activity": -0.0005232493827160492
}