{
  "bolusiob": 0, 
  "iob": 0.5427013821312797, 
  "activity": 0.00870772451499118
}