{
  "bolusiob": 1.0398398568, 
  "iob": 1.6349962400098847, 
  "activity": 0.01278597862433862
}