{
  "bolusiob": 0.6606179659733334, 
  "iob": 1.3544497944376315, 
  "activity": 0.02377314823633156
}