{
  "bolusiob": 0, 
  "iob": 0.43862128784904153, 
  "activity": 0.007308060141093473
}