{
  "bolusiob": 0, 
  "iob": 0.7065093377474253, 
  "activity": 0.006708307142857144
}