{
  "bolusiob": 0, 
  "iob": 0.32007335852631874, 
  "activity": -0.0039445249029982365
}