{
  "bolusiob": 0, 
  "iob": -0.18818555575666546, 
  "activity": -0.003589320899470899
}