{
  "bolusiob": 0, 
  "iob": 0.02275902653661111, 
  "activity": -0.0025915343915343917
}