{
  "bolusiob": 0, 
  "iob": 0.683597984450139, 
  "activity": 0.012705881834215166
}