{
  "bolusiob": 0, 
  "iob": 0.565972688442139, 
  "activity": 0.007838395061728395
}