{
  "bolusiob": 0, 
  "iob": 0.13364065491, 
  "activity": 0.003912169312169311
}