{
  "bolusiob": 0, 
  "iob": -0.5716744356620695, 
  "activity": -0.006740864197530864
}