{
  "bolusiob": 0, 
  "iob": 0.17036268971041035, 
  "activity": 0.0004136470899470898
}