{
  "bolusiob": 0, 
  "iob": 0.3064717149060444, 
  "activity": 0.012451005414462072
}