{
  "bolusiob": 0, 
  "iob": 0.24441184794499982, 
  "activity": 0.004809479717813052
}