{
  "bolusiob": 0, 
  "iob": 0.9260895942934178, 
  "activity": 0.010692945820105817
}