{
  "bolusiob": 0, 
  "iob": 0.10603741338444445, 
  "activity": -0.00244432098765432
}