{
  "bolusiob": 0, 
  "iob": 0.7836809464142569, 
  "activity": 0.0046962610229276894
}