{
  "bolusiob": 1.079948463128889, 
  "iob": 1.4308609115008337, 
  "activity": 0.009393562610229278
}