{
  "bolusiob": 0, 
  "iob": -0.0742681081889175, 
  "activity": -0.00263875643738977
}