{
  "bolusiob": 0, 
  "iob": -0.07771001944151855, 
  "activity": 0.0009588976190476187
}