{
  "bolusiob": 0, 
  "iob": 0.0958606771983332, 
  "activity": 0.005819664902998228
}