{
  "bolusiob": 0, 
  "iob": -0.14248901637110936, 
  "activity": 0.0014241953262786593
}