{
  "bolusiob": 0, 
  "iob": -0.18266765979735683, 
  "activity": -0.0006737059964726628
}