{
  "bolusiob": 0, 
  "iob": 0.06163209052259998, 
  "activity": 0.0027961375661375654
}