{
  "bolusiob": 0.29208292288, 
  "iob": 0.8895327051291103, 
  "activity": 0.011032536507936508
}