{
  "bolusiob": 0, 
  "iob": 0.3205289218865278, 
  "activity": -0.0018031393298059961
}