{
  "bolusiob": 0, 
  "iob": 0.11338023848741824, 
  "activity": 0.003636514373897707
}