{
  "bolusiob": 0.02226461759999998, 
  "iob": 0.3870837254083333, 
  "activity": 0.006942328042328041
}