{
  "bolusiob": 0, 
  "iob": 0.19702347390040403, 
  "activity": 0.0004820283068783063
}