{
  "bolusiob": 0, 
  "iob": 0.43447152272977335, 
  "activity": 0.001078659841269841
}