{
  "bolusiob": 0, 
  "iob": -0.13626787891297495, 
  "activity": -0.0030657050970017636
}