{
  "bolusiob": 0, 
  "iob": 0.3192026850049249, 
  "activity": 0.001999612698412698
}