{
  "bolusiob": 0.017718952533333443, 
  "iob": 0.6146658160758889, 
  "activity": 0.016805784832451494
}