{
  "bolusiob": 0, 
  "iob": 0.7226665954030972, 
  "activity": 0.01224733710758377
}