{
  "bolusiob": 0.14022737561333337, 
  "iob": 1.6106746291864027, 
  "activity": 0.024438192610229278
}