{
  "bolusiob": 2.7840243700622227, 
  "iob": 2.679087563408, 
  "activity": 0.004528677248677247
}