{
  "bolusiob": 0, 
  "iob": 0.26942951934614734, 
  "activity": 0.005512487142857143
}