{
  "bolusiob": 0, 
  "iob": 0.17750909267040235, 
  "activity": -0.0045282328747795406
}