{
  "bolusiob": 0, 
  "iob": -0.05536777366683178, 
  "activity": 0.003947266225749558
}