{
  "bolusiob": 0, 
  "iob": 1.0929821698136108, 
  "activity": 0.013371075837742502
}