{
  "bolusiob": 0, 
  "iob": -0.2457866070344445, 
  "activity": -0.00290258377425044
}