{
  "bolusiob": 0, 
  "iob": 0.08130581564000003, 
  "activity": 0.0022998412698412695
}