{
  "bolusiob": 0, 
  "iob": -0.1089117130123611, 
  "activity": -0.00044395943562610215
}