{
  "bolusiob": 1.2011793576266667, 
  "iob": 1.706223549721738, 
  "activity": 0.010503504656084652
}