{
  "bolusiob": 0, 
  "iob": 0.028988559616611127, 
  "activity": -0.0010176719576719577
}