{
  "bolusiob": 1.6078665984533334, 
  "iob": 2.2506597361673375, 
  "activity": 0.0117961724691358
}