{
  "bolusiob": 0.22510498894222228, 
  "iob": 0.6715460137098688, 
  "activity": 0.008202715608465607
}