{
  "bolusiob": 0, 
  "iob": 0.30901261748471576, 
  "activity": 0.0020087921693121694
}