{
  "bolusiob": 0, 
  "iob": -0.27441162623298615, 
  "activity": 4.944444444444421e-05
}