{
  "bolusiob": 0, 
  "iob": 0.31079743831534734, 
  "activity": 0.007715282186948853
}