{
  "bolusiob": 0, 
  "iob": -0.4857920480228947, 
  "activity": -0.004035925784832451
}