{
  "bolusiob": 0, 
  "iob": 0.7033020561277352, 
  "activity": 0.012427461164021165
}