{
  "bolusiob": 0, 
  "iob": 0.041496887848333434, 
  "activity": 0.005921252204585531
}