{
  "bolusiob": 0, 
  "iob": 0.7870474032152778, 
  "activity": 0.010551992945326275
}