{
  "bolusiob": 0, 
  "iob": -0.163830107973932, 
  "activity": -0.0054790298059964725
}