{
  "bolusiob": 0, 
  "iob": 0.38980792802011704, 
  "activity": 0.004043968430335098
}