{
  "bolusiob": 0, 
  "iob": -0.05003667155030384, 
  "activity": 0.006944991181657846
}