{
  "bolusiob": 0, 
  "iob": -0.04267176264944443, 
  "activity": -0.00010786596119929462
}