{
  "bolusiob": 0, 
  "iob": 0.506847058679514, 
  "activity": 0.006652380952380953
}