{
  "bolusiob": 0, 
  "iob": -0.6192279930135273, 
  "activity": -0.005723130881834214
}