{
  "bolusiob": 0, 
  "iob": -0.15186024150285293, 
  "activity": 0.0013083244268077595
}