{
  "bolusiob": 0, 
  "iob": 0.7930107562632709, 
  "activity": 0.005928756984126983
}