{
  "bolusiob": 0, 
  "iob": 0.492659487975205, 
  "activity": 0.003354285361552028
}