{
  "bolusiob": 0, 
  "iob": 0.19926567365196407, 
  "activity": 0.003651472751322751
}