{
  "bolusiob": 0, 
  "iob": 0.6610915936195094, 
  "activity": 0.012950070282186943
}