{
  "bolusiob": 0, 
  "iob": 0.7326053745369445, 
  "activity": 0.011393915343915342
}