{
  "bolusiob": 0, 
  "iob": 0.19291297316055558, 
  "activity": 0.003922178130511463
}