{
  "bolusiob": 0.7256004244666667, 
  "iob": 2.5214945749769146, 
  "activity": 0.03389568770723104
}