{
  "bolusiob": 0, 
  "iob": -0.3424863773434047, 
  "activity": -0.006538632892416224
}