{
  "bolusiob": 0, 
  "iob": 0.5833277065735417, 
  "activity": 0.0072080776014109334
}