{
  "bolusiob": 0, 
  "iob": 0.8558994816447223, 
  "activity": 0.009949223985890652
}