{
  "bolusiob": 0, 
  "iob": 0.040777381390633645, 
  "activity": -0.0018207385361552033
}