{
  "bolusiob": 0, 
  "iob": -0.5262496966869998, 
  "activity": -0.00520416931216931
}