{
  "bolusiob": 0.016785092760000012, 
  "iob": -0.21731605290729183, 
  "activity": 0.012144938007054665
}