{
  "bolusiob": 0, 
  "iob": -0.3791861281124044, 
  "activity": -0.0031552029453262784
}