{
  "bolusiob": 0, 
  "iob": -0.6579398119904168, 
  "activity": -0.00643216049382716
}