{
  "bolusiob": 0, 
  "iob": -0.11631640515157218, 
  "activity": -0.0011819576719576718
}