{
  "bolusiob": 0, 
  "iob": 0.4264998797400001, 
  "activity": 0.02928744268077601
}