{
  "bolusiob": 0, 
  "iob": -0.454043085179908, 
  "activity": -0.003213094973544972
}