{
  "bolusiob": 0, 
  "iob": 0.6057965576267421, 
  "activity": 0.009140132522045855
}