{
  "bolusiob": 0, 
  "iob": 0.24518064602681178, 
  "activity": 0.0006030159611992946
}