{
  "bolusiob": 0, 
  "iob": -0.255763848431511, 
  "activity": -0.005888201305114636
}