{
  "bolusiob": 0.8865318298666668, 
  "iob": 3.062501148041111, 
  "activity": 0.03925238095238095
}