{
  "bolusiob": 0.07589730341333337, 
  "iob": 0.7457859398970278, 
  "activity": 0.011693774250440917
}