{
  "bolusiob": 0.1597993281066667, 
  "iob": 1.003855475884414, 
  "activity": 0.016290952733686068
}