{
  "bolusiob": 0, 
  "iob": -0.09247356099259194, 
  "activity": 0.012134243827160489
}