{
  "bolusiob": 0, 
  "iob": 0.1944351886416389, 
  "activity": 0.0005462522045855375
}