{
  "bolusiob": 0, 
  "iob": -0.024418637857777738, 
  "activity": 0.010214955908289237
}