{
  "bolusiob": 0, 
  "iob": 0.09975867144347225, 
  "activity": -0.00016888007054673707
}