{
  "bolusiob": 0, 
  "iob": -0.0038803127420651146, 
  "activity": -0.0004465785714285716
}