{
  "bolusiob": 0.011177688639999971, 
  "iob": 0.7796907516268489, 
  "activity": 0.017283765696649026
}