{
  "bolusiob": -5.9947733333343134e-05, 
  "iob": 0.09878209435729032, 
  "activity": 0.004898553527336859
}