{
  "bolusiob": 0, 
  "iob": 0.622932328670903, 
  "activity": 0.006245661375661374
}