{
  "bolusiob": 0, 
  "iob": 0.2989800808161928, 
  "activity": 0.004530669858906525
}