{
  "bolusiob": 1.1315981845333334, 
  "iob": 1.9113783389694439, 
  "activity": 0.025415502645502644
}