{
  "bolusiob": 0, 
  "iob": 0.047673298753055586, 
  "activity": 0.0005243474426807758
}