{
  "bolusiob": 0, 
  "iob": -0.3165132824009144, 
  "activity": 0.0026885614638447967
}