{
  "bolusiob": 0, 
  "iob": 0.08823168932939801, 
  "activity": 0.0019433419753086402
}