{
  "bolusiob": 0, 
  "iob": 0.07943529255812501, 
  "activity": -0.00014877425044091698
}