{
  "bolusiob": 0, 
  "iob": 0.491121813757293, 
  "activity": 0.008561287125220456
}