{
  "bolusiob": 0, 
  "iob": -0.8275304970645555, 
  "activity": 0.0013702439153439072
}