{
  "bolusiob": 2.6064849638400003, 
  "iob": 2.8407998725647916, 
  "activity": 0.008781208112874778
}