{
  "bolusiob": 0, 
  "iob": 1.0682205603247144, 
  "activity": 0.011330661287477955
}