{
  "bolusiob": 0, 
  "iob": -0.06395174605582178, 
  "activity": 0.00039530599647266267
}