{
  "bolusiob": 0, 
  "iob": -0.2887239952741389, 
  "activity": -0.0009707777777777778
}