{
  "bolusiob": 0, 
  "iob": -0.2581714137853644, 
  "activity": 5.62079894179892e-05
}