{
  "bolusiob": 0, 
  "iob": 0.6850106361597916, 
  "activity": 0.006153492063492062
}