{
  "bolusiob": 0, 
  "iob": -0.24633972056875, 
  "activity": -0.0032510670194003523
}