{
  "bolusiob": 0.0037780537999996477, 
  "iob": 1.18349251849, 
  "activity": 0.03436388007054673
}