{
  "bolusiob": 0.8930377129999998, 
  "iob": 2.740620191980368, 
  "activity": 0.03498252379188711
}