{
  "bolusiob": 0, 
  "iob": -0.3100930945011111, 
  "activity": -0.000728403880070546
}