{
  "bolusiob": 0, 
  "iob": -0.0058576405816774466, 
  "activity": 0.0034428392416225757
}