{
  "bolusiob": 0, 
  "iob": 0.1528184449668442, 
  "activity": 0.008749082892416228
}