{
  "bolusiob": 0, 
  "iob": -0.1982068120478896, 
  "activity": 0.0007614193121693114
}