{
  "bolusiob": 1.355093683502222, 
  "iob": 2.086659320633793, 
  "activity": 0.010665211375661374
}