{
  "bolusiob": 0, 
  "iob": -0.2546290756968056, 
  "activity": -0.0005879541446208115
}