{
  "bolusiob": 0.2547942124, 
  "iob": 2.1355408427246103, 
  "activity": 0.04675380925925926
}