{
  "bolusiob": 0.17873766080000023, 
  "iob": 2.859970341951111, 
  "activity": 0.06207033509700174
}