{
  "bolusiob": 0.7376132494222222, 
  "iob": 1.1323638056494445, 
  "activity": 0.005919567901234567
}