{
  "bolusiob": 0, 
  "iob": 0.49701981186195143, 
  "activity": 0.007886684038800704
}