{
  "bolusiob": 0, 
  "iob": -0.15203028355874826, 
  "activity": -0.0031988444268077594
}