{
  "bolusiob": 0, 
  "iob": 0.8542511205120888, 
  "activity": 0.00982631358024691
}