{
  "bolusiob": 0, 
  "iob": 0.022332314543333304, 
  "activity": 0.002004585537918871
}