{
  "bolusiob": 0, 
  "iob": 0.15783563446797227, 
  "activity": 0.00364253086419753
}