{
  "bolusiob": 0, 
  "iob": 0.058829089728007426, 
  "activity": -0.0011295414814814805
}