{
  "bolusiob": 0.30825221632, 
  "iob": 0.658745068409884, 
  "activity": 0.008388694514991184
}