{
  "bolusiob": 0, 
  "iob": -0.20241887780097226, 
  "activity": -0.0034774955908289237
}