{
  "bolusiob": 0.005255600999999966, 
  "iob": 1.3388725817755378, 
  "activity": 0.030811084744268073
}