{
  "bolusiob": 0, 
  "iob": -0.1817017142227778, 
  "activity": 0.0014544444444444446
}