{
  "bolusiob": 0, 
  "iob": 0.5017240498186568, 
  "activity": 0.008961358271604936
}