{
  "bolusiob": 0.7696918989200001, 
  "iob": 2.5353790253361796, 
  "activity": 0.02041355192239859
}