{
  "bolusiob": 0.04643071264000001, 
  "iob": 0.5202749492788125, 
  "activity": 0.01803570552028219
}