{
  "bolusiob": 0, 
  "iob": 0.7280773031271778, 
  "activity": 0.005251093209876542
}