{
  "bolusiob": 0, 
  "iob": -0.31272002621187495, 
  "activity": 0.0007953703703703703
}