{
  "bolusiob": 0.6928359034844443, 
  "iob": 1.9234192425616667, 
  "activity": 0.023705396825396824
}