{
  "bolusiob": 0, 
  "iob": -0.497853878503088, 
  "activity": -0.003995643597883598
}