{
  "bolusiob": 0, 
  "iob": 0.552489749726875, 
  "activity": 0.00726768959435626
}