{
  "bolusiob": 0, 
  "iob": 0.1512412649048611, 
  "activity": 0.0034018077601410917
}