{
  "bolusiob": 0, 
  "iob": 0.4904732773315279, 
  "activity": 0.009140582010582007
}