{
  "bolusiob": 0, 
  "iob": 0.5210093472349936, 
  "activity": 0.018384034832451487
}