{
  "bolusiob": 0, 
  "iob": 0.5855586408282011, 
  "activity": 0.007227503968253966
}