{
  "bolusiob": 0, 
  "iob": 0.8150050451713119, 
  "activity": 0.008511940652557316
}