{
  "bolusiob": 1.2251951778666668, 
  "iob": 1.4249510644666668, 
  "activity": 0.0050777777777777765
}