{
  "bolusiob": 0, 
  "iob": 0.46324612612050436, 
  "activity": 0.010618880317460316
}