{
  "bolusiob": 0, 
  "iob": -0.5110369055889723, 
  "activity": -0.005875917107583774
}