{
  "bolusiob": 0, 
  "iob": -0.24800677672401805, 
  "activity": -0.0025434830687830682
}