{
  "bolusiob": 0, 
  "iob": -0.0629294173226804, 
  "activity": 0.0017429802469135795
}