{
  "bolusiob": 0, 
  "iob": -0.09911113833937968, 
  "activity": -0.00418156049382716
}