{
  "bolusiob": 1.29262696576, 
  "iob": 1.5515411153593057, 
  "activity": 0.008170793650793646
}