{
  "bolusiob": 0.07480318392, 
  "iob": 0.3625556047693057, 
  "activity": 0.010581913580246911
}