{
  "bolusiob": 0, 
  "iob": -0.002678959689999999, 
  "activity": -0.0002978835978835976
}