{
  "bolusiob": 0, 
  "iob": 1.11171925997875, 
  "activity": 0.011895934744268076
}