{
  "bolusiob": 0, 
  "iob": 0.618339129001993, 
  "activity": 0.002882336948853616
}