{
  "bolusiob": 0.3098622058666667, 
  "iob": 0.9496834868798611, 
  "activity": 0.009733783068783065
}