{
  "bolusiob": 0, 
  "iob": -0.16491297283443368, 
  "activity": 0.0013330872134038746
}