{
  "bolusiob": 0, 
  "iob": 0.28690816253739565, 
  "activity": 0.0036428660670194
}