{
  "bolusiob": 0.3039451205999998, 
  "iob": 2.485264428881806, 
  "activity": 0.05052788359788358
}