{
  "bolusiob": 0, 
  "iob": 1.0973643475068404, 
  "activity": 0.010910013227513227
}