{
  "bolusiob": 0.43441722142666667, 
  "iob": 1.952123145496105, 
  "activity": 0.02417142001763668
}