{
  "bolusiob": 0.9491342074666669, 
  "iob": 2.589960434194222, 
  "activity": 0.03434552028218695
}