{
  "bolusiob": 0, 
  "iob": -0.06602666742182708, 
  "activity": 0.00031247804232804253
}