{
  "bolusiob": 0, 
  "iob": 0.023325741683888894, 
  "activity": -0.006299735449735449
}