{
  "bolusiob": 0, 
  "iob": 0.6156723523215278, 
  "activity": 0.002342998236331569
}