{
  "bolusiob": 0.5379850654666667, 
  "iob": 0.5960674817955328, 
  "activity": 0.005742892098765431
}