{
  "bolusiob": 0, 
  "iob": 0.08789785786374998, 
  "activity": 0.0024300705467372135
}