{
  "bolusiob": 0, 
  "iob": 0.8079692139133334, 
  "activity": 0.011095114638447968
}