{
  "bolusiob": 0, 
  "iob": -0.255125983129476, 
  "activity": -0.0021237653439153447
}