{
  "bolusiob": 0, 
  "iob": 0.7089140412596651, 
  "activity": 0.002563263051146385
}