{
  "bolusiob": 1.0378536637155555, 
  "iob": 1.4098464213980564, 
  "activity": 0.009532927689594357
}