{
  "bolusiob": 0, 
  "iob": 0.3853345599011112, 
  "activity": 0.00497031746031746
}