{
  "bolusiob": 0, 
  "iob": -0.029361882799121504, 
  "activity": -0.0024471431040564372
}