{
  "bolusiob": 0, 
  "iob": 0.11216531831527779, 
  "activity": 0.0006039153439153439
}