{
  "bolusiob": 0.39513650871111117, 
  "iob": 0.5348648110777777, 
  "activity": 0.0004103703703703705
}