{
  "bolusiob": 0.2638582896000001, 
  "iob": 1.038960525521898, 
  "activity": 0.015947354620811285
}