{
  "bolusiob": 0, 
  "iob": 0.14987822186569444, 
  "activity": -4.515873015873003e-05
}