{
  "bolusiob": 0, 
  "iob": -0.31923018994930613, 
  "activity": 0.001335082363315697
}