{
  "bolusiob": 0, 
  "iob": 0.4958881524333405, 
  "activity": 0.008538847530864197
}