{
  "bolusiob": 0, 
  "iob": -0.3976883216831111, 
  "activity": -0.004857072310405643
}