{
  "bolusiob": 0, 
  "iob": 0.8213246006534969, 
  "activity": 0.009240105555555553
}