{
  "bolusiob": 0, 
  "iob": 0.0032880573401388932, 
  "activity": 0.0034917989417989426
}