{
  "bolusiob": 0, 
  "iob": -0.05654242555545433, 
  "activity": 0.0008922486596119928
}