{
  "bolusiob": 0, 
  "iob": 0.009788553210782605, 
  "activity": -0.0025870218342151675
}