{
  "bolusiob": 0, 
  "iob": 0.6187281872439765, 
  "activity": 0.011984665026455024
}