{
  "bolusiob": 0, 
  "iob": 0.2297983574284445, 
  "activity": 0.006077222222222222
}