{
  "bolusiob": 0, 
  "iob": 0.9046111718709035, 
  "activity": 0.00841819529100529
}