{
  "bolusiob": 0, 
  "iob": -0.26069130618697467, 
  "activity": -0.005847381075837741
}