{
  "bolusiob": 1.4571120214666666, 
  "iob": 2.577777690515809, 
  "activity": 0.02597631366843033
}