{
  "bolusiob": 0, 
  "iob": -0.5027112811403653, 
  "activity": -0.004449082927689593
}