{
  "bolusiob": 0.30604088949333336, 
  "iob": 0.7079433195022223, 
  "activity": 0.005622222222222222
}