{
  "bolusiob": 0, 
  "iob": -0.20184875427755553, 
  "activity": 0.001439929453262786
}