{
  "bolusiob": 0, 
  "iob": 0.18763921687708335, 
  "activity": 0.0025510141093474424
}