{
  "bolusiob": 0, 
  "iob": 0.16402404600426027, 
  "activity": 0.007927028095238094
}