{
  "bolusiob": 0, 
  "iob": 0.021777303064770784, 
  "activity": -0.0024565997354497357
}