{
  "bolusiob": 0, 
  "iob": 0.8733249648876471, 
  "activity": 0.007558753862433862
}