{
  "bolusiob": 0, 
  "iob": 0.11280871036277779, 
  "activity": 0.0006632451499118168
}