{
  "bolusiob": 0, 
  "iob": 0.29813036620539257, 
  "activity": 0.0031809960846560844
}