{
  "bolusiob": 0, 
  "iob": 0.12397026265249034, 
  "activity": -6.699268077601467e-05
}