{
  "bolusiob": 0, 
  "iob": 0.23040894467741446, 
  "activity": 0.00044050285714285746
}