{
  "bolusiob": 0, 
  "iob": -0.30803421613053406, 
  "activity": -0.00463733377425044
}