{
  "bolusiob": 0.006245970773333243, 
  "iob": 1.305070457006713, 
  "activity": 0.033757054761904756
}