{
  "bolusiob": 0, 
  "iob": -0.0009638386506059735, 
  "activity": 0.00019103183421516763
}