{
  "bolusiob": 0, 
  "iob": 0.1022173322054, 
  "activity": -0.0032355555555555558
}