{
  "bolusiob": 0, 
  "iob": 0.35918286395559046, 
  "activity": 0.0063190477954144595
}