{
  "bolusiob": 1.1610505557155557, 
  "iob": 1.4769506534813894, 
  "activity": 0.009003721340388003
}