{
  "bolusiob": 0, 
  "iob": 0.39001049767860196, 
  "activity": 0.00446290770723104
}