{
  "bolusiob": 0, 
  "iob": 0.6562620520461563, 
  "activity": 0.010212839241622574
}