{
  "bolusiob": 0, 
  "iob": 0.8030541547359241, 
  "activity": 0.009644050388007051
}