{
  "bolusiob": 2.913847068444445, 
  "iob": 3.2549197962832412, 
  "activity": 0.015189979100529098
}