{
  "bolusiob": 0, 
  "iob": 0.7539561722264689, 
  "activity": 0.00909164045855379
}