{
  "bolusiob": 0.8405130856888889, 
  "iob": 0.5659739637830554, 
  "activity": -0.0012805908289241622
}