{
  "bolusiob": 0, 
  "iob": 1.052809273458956, 
  "activity": 0.013230529347442678
}