{
  "bolusiob": 0, 
  "iob": 0.13685882092991675, 
  "activity": 0.002105247195767196
}