{
  "bolusiob": 0, 
  "iob": -0.1657136768807119, 
  "activity": -0.0014306611992945322
}