{
  "bolusiob": 0, 
  "iob": 0.4482214067699319, 
  "activity": 0.006294458818342151
}