{
  "bolusiob": 0, 
  "iob": 0.42780694408869624, 
  "activity": 0.02588463853615519
}