{
  "bolusiob": 0, 
  "iob": 0.6856948579327778, 
  "activity": 0.009024567901234565
}