{
  "bolusiob": 0, 
  "iob": -0.20688055847069442, 
  "activity": 0.0008023456790123451
}