{
  "bolusiob": 0, 
  "iob": -0.12264572629778749, 
  "activity": -0.0014555818342151675
}