{
  "bolusiob": 0, 
  "iob": -0.4050278429566856, 
  "activity": -0.004336182186948853
}