{
  "bolusiob": 0, 
  "iob": -0.23399104629285378, 
  "activity": -0.0038308991710758362
}