{
  "bolusiob": 0, 
  "iob": 0.10530471964000002, 
  "activity": 0.002701957671957672
}