{
  "bolusiob": 0, 
  "iob": 0.2654039326488889, 
  "activity": 0.005763156966490299
}