{
  "bolusiob": 0, 
  "iob": 0.38611162249527786, 
  "activity": 0.005241278659611993
}