{
  "bolusiob": 0, 
  "iob": 0.7081146231774308, 
  "activity": 0.007524179894179894
}