{
  "bolusiob": 0, 
  "iob": 0.01484356601455556, 
  "activity": 0.003411948853615519
}