{
  "bolusiob": 0.9941016680888889, 
  "iob": 1.05599448831555, 
  "activity": 0.001295520017636684
}