{
  "bolusiob": 0, 
  "iob": -0.3132145131577778, 
  "activity": -0.0017391358024691358
}