{
  "bolusiob": 0, 
  "iob": -0.4048901171528703, 
  "activity": -0.004396751851851853
}