{
  "bolusiob": 0, 
  "iob": 0.05495419019634643, 
  "activity": -0.0028346094532627963
}