{
  "bolusiob": 0, 
  "iob": -0.3485415723552951, 
  "activity": 0.0070091710758377395
}