{
  "bolusiob": 0, 
  "iob": 0.19218854975764033, 
  "activity": 0.0019289389770723087
}