{
  "bolusiob": 0, 
  "iob": -0.19508835369527783, 
  "activity": -0.003435379188712522
}