{
  "bolusiob": 0, 
  "iob": 0.3142789448994444, 
  "activity": 0.004797707231040564
}