{
  "bolusiob": 0, 
  "iob": 0.935075280169055, 
  "activity": 0.00816808188712522
}