{
  "bolusiob": 0, 
  "iob": 0.48055451443593766, 
  "activity": 0.008382967372134039
}