{
  "bolusiob": 0, 
  "iob": 1.0729109822047938, 
  "activity": 0.019902240317460306
}