{
  "bolusiob": 0, 
  "iob": 0.006333127041666675, 
  "activity": 0.0004533509700176365
}