{
  "bolusiob": 0, 
  "iob": 0.5876953725206316, 
  "activity": 0.01893481548500882
}