{
  "bolusiob": 0, 
  "iob": -0.28069591066508337, 
  "activity": -0.00117189594356261
}