{
  "bolusiob": 0, 
  "iob": 0.12125600483111111, 
  "activity": 0.002937865961199294
}