{
  "bolusiob": 0, 
  "iob": -0.0062974597171875, 
  "activity": -0.0004933201058201055
}