{
  "bolusiob": 0.3806066692000001, 
  "iob": 1.430138160182344, 
  "activity": 0.01915208615520282
}