{
  "bolusiob": 0.1775908198399996, 
  "iob": 2.0886099639444864, 
  "activity": 0.040795183104056436
}