{
  "bolusiob": 0.38315144413333346, 
  "iob": 1.587344310232778, 
  "activity": 0.026131816578483243
}