{
  "bolusiob": 0, 
  "iob": 0.16983024067722224, 
  "activity": 0.0024770723104056433
}