{
  "bolusiob": 0, 
  "iob": 0.7470505014853339, 
  "activity": 0.00992433918871252
}