{
  "bolusiob": 0, 
  "iob": 0.3669692125432084, 
  "activity": 0.008494365079365077
}