{
  "bolusiob": 0, 
  "iob": -0.17821188490959927, 
  "activity": -0.0025863402998236333
}