{
  "bolusiob": 0, 
  "iob": 0.7038056501959034, 
  "activity": 0.006751840564373896
}