{
  "bolusiob": 0, 
  "iob": 0.6343336464048959, 
  "activity": 0.0039281040564373895
}