{
  "bolusiob": 0, 
  "iob": 0.6453809838122223, 
  "activity": 0.005409329805996474
}