{
  "bolusiob": 0, 
  "iob": -0.06696733051149498, 
  "activity": 0.0015960491005290907
}