{
  "bolusiob": 0.005591935999999897, 
  "iob": 1.5853411498990668, 
  "activity": 0.03707667539682539
}