{
  "bolusiob": 0, 
  "iob": 0.26307146202263887, 
  "activity": -0.0020573368606701934
}