{
  "bolusiob": 0, 
  "iob": -0.0965050118918889, 
  "activity": -0.002545114638447971
}