{
  "bolusiob": 0, 
  "iob": 0.24075094591071006, 
  "activity": 0.00018505313932980582
}