{
  "bolusiob": 0, 
  "iob": 0.20475217874454868, 
  "activity": 0.0011466490299823645
}