{
  "bolusiob": 0, 
  "iob": 0.7061881011506249, 
  "activity": 0.00323473544973545
}