{
  "bolusiob": 0.5124244547333334, 
  "iob": 1.618612956422182, 
  "activity": 0.027997195502645494
}