{
  "bolusiob": 0, 
  "iob": 0.24517914984833336, 
  "activity": 0.007051560846560842
}