{
  "bolusiob": 0.006125955840000108, 
  "iob": 1.621312310109459, 
  "activity": 0.05855672372134038
}