{
  "bolusiob": 0, 
  "iob": 0.7135440666210958, 
  "activity": 0.00949381816578483
}