{
  "bolusiob": 0.009103321279999754, 
  "iob": 0.9532135042029165, 
  "activity": 0.024483298059964718
}