{
  "bolusiob": 0, 
  "iob": -0.2803084068916171, 
  "activity": -0.0035380069664902995
}