{
  "bolusiob": 0, 
  "iob": 0.5636562469345133, 
  "activity": 0.011133448077601409
}