{
  "bolusiob": 0, 
  "iob": 0.3185532549222223, 
  "activity": 0.009018783068783068
}