{
  "bolusiob": 0, 
  "iob": 0.4829049299989586, 
  "activity": 0.01709599647266314
}