{
  "bolusiob": 0, 
  "iob": 0.4799489606444445, 
  "activity": 0.007411358024691356
}