{
  "bolusiob": 0, 
  "iob": -0.5480308740550834, 
  "activity": -0.006271825396825395
}