{
  "bolusiob": 0, 
  "iob": 1.142009061392639, 
  "activity": 0.012404611992945326
}