{
  "bolusiob": 0, 
  "iob": -0.15548574052044442, 
  "activity": -0.007381657848324513
}