{
  "bolusiob": 0, 
  "iob": 0.333327266601529, 
  "activity": 0.0036550794885361537
}