{
  "bolusiob": 0, 
  "iob": -0.5203554336612999, 
  "activity": 0.0011075664902998172
}