{
  "bolusiob": 0, 
  "iob": -0.34365741689522133, 
  "activity": -0.005144514814814814
}