{
  "bolusiob": 0, 
  "iob": -0.49550133238571314, 
  "activity": 0.0007839853968253983
}