{
  "bolusiob": 0, 
  "iob": 0.940770994955831, 
  "activity": 0.008500546984126984
}