{
  "bolusiob": 0.5970427720400001, 
  "iob": 2.309982063919886, 
  "activity": 0.02011259428571429
}