{
  "bolusiob": 0.013279135999999992, 
  "iob": 0.7262568380701111, 
  "activity": 0.003308906525573192
}