{
  "bolusiob": 0.39800362400000006, 
  "iob": 0.7411287436711111, 
  "activity": 0.004870864197530864
}