{
  "bolusiob": 0, 
  "iob": 0.16614399268799523, 
  "activity": 0.0029304791887125223
}