{
  "bolusiob": 0.34629507084444444, 
  "iob": 0.5787646094711111, 
  "activity": 0.0011299470899470893
}