{
  "bolusiob": 0, 
  "iob": 0.13500707195941133, 
  "activity": 0.004812195590828923
}