{
  "bolusiob": 0.2693845926399999, 
  "iob": 1.3290569653544444, 
  "activity": 0.02014906525573192
}