{
  "bolusiob": 2.0882897305600006, 
  "iob": 2.5130029789876485, 
  "activity": 0.011616313809523804
}