{
  "bolusiob": 0, 
  "iob": 0.2499425376816667, 
  "activity": 0.002261393298059965
}