{
  "bolusiob": 0, 
  "iob": -0.36324664194084283, 
  "activity": -0.0007182455202821866
}