{
  "bolusiob": 0, 
  "iob": -0.09144653427611113, 
  "activity": -0.0008062433862433862
}