{
  "bolusiob": 0, 
  "iob": 0.17227530264242225, 
  "activity": -0.008439356384479714
}