{
  "bolusiob": 0, 
  "iob": -0.5235401274090516, 
  "activity": -0.0051538160317460315
}