{
  "bolusiob": 0.19732356660000006, 
  "iob": 0.7486599726305, 
  "activity": 0.009600952380952378
}