{
  "bolusiob": 0.10595779166666669, 
  "iob": 0.8258025779373368, 
  "activity": 0.03480553776014108
}