{
  "bolusiob": 0, 
  "iob": 0.879107799732778, 
  "activity": 0.009609435626102291
}