{
  "bolusiob": 0, 
  "iob": 0.5866659906787886, 
  "activity": 0.002219321075837743
}