{
  "bolusiob": 0, 
  "iob": 0.14747169731611112, 
  "activity": 0.0014766754850088178
}