{
  "bolusiob": 0, 
  "iob": 0.7844110758789785, 
  "activity": 0.0066402306172839475
}