{
  "bolusiob": 0, 
  "iob": -0.25886990363597223, 
  "activity": -0.0035296649029982357
}