{
  "bolusiob": 0, 
  "iob": 0.29499558094207856, 
  "activity": 0.007069892063492061
}