{
  "bolusiob": 0, 
  "iob": -0.16158254229111116, 
  "activity": -0.00026826278659611985
}