{
  "bolusiob": 0, 
  "iob": 1.0693338401520467, 
  "activity": 0.022652928095238094
}