{
  "bolusiob": 0, 
  "iob": 0.041378288863831866, 
  "activity": -0.0018377421164021165
}