{
  "bolusiob": 0, 
  "iob": -0.20476865113687504, 
  "activity": -0.002885952380952381
}