{
  "bolusiob": 0, 
  "iob": -0.00566569095401169, 
  "activity": 0.010115043880070545
}