{
  "bolusiob": 0, 
  "iob": -0.009152156618826401, 
  "activity": 0.002111331305114639
}