{
  "bolusiob": 0, 
  "iob": -0.041782731201825504, 
  "activity": 0.0018212014109347436
}