{
  "bolusiob": 1.83254322856, 
  "iob": 3.3021033645166313, 
  "activity": 0.023259912169312166
}