{
  "bolusiob": 0, 
  "iob": -0.1568613572197927, 
  "activity": 0.0031069661375661374
}