{
  "bolusiob": 0, 
  "iob": -0.2547924213190666, 
  "activity": -0.0005845327513227518
}