{
  "bolusiob": 0, 
  "iob": 0.09916265038680556, 
  "activity": -0.00027498236331569676
}