{
  "bolusiob": 0, 
  "iob": -0.37124909671341666, 
  "activity": -0.0014046649029982362
}