{
  "bolusiob": 0, 
  "iob": 0.8916734747655557, 
  "activity": 0.008752328042328042
}