{
  "bolusiob": 0, 
  "iob": 0.775708285718182, 
  "activity": 0.010362654779541442
}