{
  "bolusiob": 0.48249738600000003, 
  "iob": 2.2730708675594586, 
  "activity": 0.02857836885361552
}