{
  "bolusiob": 0, 
  "iob": 0.6493206070770557, 
  "activity": 0.006305167548500882
}