{
  "bolusiob": 0, 
  "iob": 0.04363972726833333, 
  "activity": 0.002281040564373897
}