{
  "bolusiob": 0, 
  "iob": -0.10316049292366669, 
  "activity": -0.002192901234567901
}