{
  "bolusiob": 1.5710038071466668, 
  "iob": 2.22223748195, 
  "activity": 0.01683839506172839
}