{
  "bolusiob": 0, 
  "iob": 0.2390730535997087, 
  "activity": 0.012136084303350966
}