{
  "bolusiob": 0, 
  "iob": 0.7515868121861864, 
  "activity": 0.007915691710758375
}