{
  "bolusiob": 0.0328181653333333, 
  "iob": 0.41873478455322294, 
  "activity": 0.015322663403880067
}