{
  "bolusiob": 0, 
  "iob": 0.05319287691478587, 
  "activity": 0.0014061023280423275
}