{
  "bolusiob": 0, 
  "iob": 0.5107497148257581, 
  "activity": 0.008443827019400352
}