{
  "bolusiob": 0, 
  "iob": -0.2006228025461858, 
  "activity": -0.0009296822751322745
}