{
  "bolusiob": 0, 
  "iob": -0.16035102136825954, 
  "activity": -0.001145070758377425
}