{
  "bolusiob": 0.7688524764266668, 
  "iob": 2.0738040952564587, 
  "activity": 0.01980813932980599
}