{
  "bolusiob": 1.1676352010266664, 
  "iob": 3.269584533206334, 
  "activity": 0.04079769841269841
}