{
  "bolusiob": 0, 
  "iob": 0.8061608294209535, 
  "activity": 0.014815290881834213
}