{
  "bolusiob": 0, 
  "iob": 0.3833206774409236, 
  "activity": 0.007777469135802469
}