{
  "bolusiob": 0, 
  "iob": -0.1149046326439236, 
  "activity": 0.0006512786596119929
}