{
  "bolusiob": 0, 
  "iob": 0.6217461422981946, 
  "activity": 0.0020262433862433863
}