{
  "bolusiob": 0, 
  "iob": 0.6731299341084911, 
  "activity": 0.006480273492063492
}