{
  "bolusiob": 0, 
  "iob": 0.15640345836274214, 
  "activity": 0.0029976368077601415
}