{
  "bolusiob": 0.9026534720000002, 
  "iob": 1.9312196024011115, 
  "activity": 0.01936350970017636
}