{
  "bolusiob": 0, 
  "iob": -0.15211455140030528, 
  "activity": -0.0007614195767195762
}