{
  "bolusiob": 0, 
  "iob": 0.5458535536131042, 
  "activity": 0.005970264550264549
}