{
  "bolusiob": 0, 
  "iob": 0.21124698372732645, 
  "activity": 0.0006082892416225757
}