{
  "bolusiob": 0, 
  "iob": -0.14321853114763894, 
  "activity": -0.0012492680776014112
}