{
  "bolusiob": 0, 
  "iob": 0.8939885943770834, 
  "activity": 0.00872496472663139
}