{
  "bolusiob": 0, 
  "iob": -0.1373736377072096, 
  "activity": -0.0024453794356261017
}