{
  "bolusiob": 0, 
  "iob": 1.1195310801908336, 
  "activity": 0.012604841269841264
}