{
  "bolusiob": 0, 
  "iob": 0.06090289758948434, 
  "activity": 0.002474611904761905
}