{
  "bolusiob": 0, 
  "iob": 0.11649379751763891, 
  "activity": 0.0031070194003527322
}