{
  "bolusiob": 0, 
  "iob": 0.09602379431000002, 
  "activity": 0.0031878306878306874
}