{
  "bolusiob": 0, 
  "iob": 0.9936558440135006, 
  "activity": 0.008688704197530867
}