{
  "bolusiob": 0, 
  "iob": -0.28915253995706947, 
  "activity": -0.0015458377425044082
}