{
  "bolusiob": 0, 
  "iob": 0.2578539651515764, 
  "activity": -0.0028720458553791878
}