{
  "bolusiob": 0, 
  "iob": 0.2676766914688043, 
  "activity": 0.006835992768959436
}