{
  "bolusiob": 0, 
  "iob": -0.14003897890989409, 
  "activity": 0.0016587905643738975
}