{
  "bolusiob": 2.0238409941866666, 
  "iob": 2.507281950875556, 
  "activity": 0.013894250440917104
}