{
  "bolusiob": 0, 
  "iob": -0.1153281379566667, 
  "activity": -0.0014146296296296294
}