{
  "bolusiob": 0, 
  "iob": -0.0039002182256426474, 
  "activity": 0.0007415962081128754
}