{
  "bolusiob": 0.6485427726399999, 
  "iob": 0.5498527049924306, 
  "activity": -0.0004612257495590832
}