{
  "bolusiob": 0, 
  "iob": 0.25151958233486116, 
  "activity": 0.0012856261022927687
}