{
  "bolusiob": 0, 
  "iob": -0.8438478226984722, 
  "activity": -0.0063175396825396815
}