{
  "bolusiob": 0, 
  "iob": -0.4391914229734458, 
  "activity": -0.0052015259435626085
}