{
  "bolusiob": 0, 
  "iob": 0.7268956999935252, 
  "activity": 0.008982477601410932
}