{
  "bolusiob": 1.1067192457066668, 
  "iob": 2.5002457857572336, 
  "activity": 0.02346438262786596
}