{
  "bolusiob": 0, 
  "iob": 0.19344709439608332, 
  "activity": 0.005455670194003526
}