{
  "bolusiob": 0, 
  "iob": 0.24386271412277782, 
  "activity": -0.0010682892416225753
}