{
  "bolusiob": 0, 
  "iob": 0.12927661093534723, 
  "activity": 0.00033785714285714284
}