{
  "bolusiob": 0.5235019640933334, 
  "iob": 2.0049768440410647, 
  "activity": 0.022836446402116396
}