{
  "bolusiob": 0, 
  "iob": 0.22419974063111112, 
  "activity": 0.005075714285714285
}