{
  "bolusiob": 0, 
  "iob": -0.28817617042875, 
  "activity": -0.0025704320987654317
}