{
  "bolusiob": 0, 
  "iob": -0.38061337757040276, 
  "activity": -0.00657848324514991
}