{
  "bolusiob": 0, 
  "iob": -0.2416921418520444, 
  "activity": 0.0008872838271604936
}