{
  "bolusiob": 0, 
  "iob": -0.3931970376241251, 
  "activity": -0.005340176014109346
}