{
  "bolusiob": 0, 
  "iob": 0.20315965760592405, 
  "activity": 0.0030898413580246896
}