{
  "bolusiob": 0, 
  "iob": 0.3805447722127779, 
  "activity": 0.006400158730158728
}