{
  "bolusiob": 0, 
  "iob": 0.2861999636521614, 
  "activity": 0.002899638624338624
}