{
  "bolusiob": 0, 
  "iob": -0.4310268721175736, 
  "activity": -0.0054164344797178144
}