{
  "bolusiob": 0, 
  "iob": 0.38600281121705565, 
  "activity": 0.00810742504409171
}