{
  "bolusiob": 0, 
  "iob": -0.005418619861722887, 
  "activity": 0.0018038976190476205
}