{
  "bolusiob": 0, 
  "iob": -0.02836676546175003, 
  "activity": -0.002443862433862434
}