{
  "bolusiob": 0, 
  "iob": -0.2480210340687582, 
  "activity": -0.002708668342151676
}