{
  "bolusiob": 0.005024388160000014, 
  "iob": 1.396654705310989, 
  "activity": 0.03216078507936509
}