{
  "bolusiob": 0, 
  "iob": -0.04681292681287903, 
  "activity": 0.016450361552028215
}