{
  "bolusiob": 0.3735314576933334, 
  "iob": 1.0410501845996833, 
  "activity": 0.020774753209876543
}