{
  "bolusiob": 0, 
  "iob": -0.010657779921666654, 
  "activity": -0.0010454144620811285
}