{
  "bolusiob": 0, 
  "iob": -0.167594810119514, 
  "activity": 0.00719953262786596
}