{
  "bolusiob": 0, 
  "iob": -0.26359290231423216, 
  "activity": -0.005869037760141093
}