{
  "bolusiob": 0, 
  "iob": 0.3923143697127385, 
  "activity": 0.015636913139329807
}