{
  "bolusiob": 0, 
  "iob": -0.015827110058215216, 
  "activity": 0.0009061107231040559
}