{
  "bolusiob": 0, 
  "iob": 0.6233280156927777, 
  "activity": 0.003069365079365079
}