{
  "bolusiob": 0, 
  "iob": 0.6467057794318889, 
  "activity": 0.006323350970017637
}