{
  "bolusiob": 0, 
  "iob": 0.4865908439328063, 
  "activity": 0.009129778412698412
}