{
  "bolusiob": 0, 
  "iob": -0.6361864069211112, 
  "activity": -0.0059262257495590834
}