{
  "bolusiob": 0, 
  "iob": 0.03451309067472223, 
  "activity": 0.0032868783068783058
}