{
  "bolusiob": 0, 
  "iob": 0.6392061130272025, 
  "activity": 0.008836253703703702
}