{
  "bolusiob": 0, 
  "iob": 0.3020549731737222, 
  "activity": 0.0077336155202821855
}