{
  "bolusiob": 0.37083781290666673, 
  "iob": 0.49887771726503183, 
  "activity": 0.00011771622574955785
}