{
  "bolusiob": 1.245905752, 
  "iob": 2.6172719157922595, 
  "activity": 0.025094811798941786
}