{
  "bolusiob": 0, 
  "iob": 0.11273805731166532, 
  "activity": 0.0027388929453262775
}