{
  "bolusiob": 0, 
  "iob": 0.252246287659083, 
  "activity": 0.000802345679012342
}