{
  "bolusiob": 0.4275408704, 
  "iob": 0.5186305593526107, 
  "activity": 0.0008323810405643734
}