{
  "bolusiob": 0, 
  "iob": 0.26024119176603033, 
  "activity": 0.0016664640211640205
}