{
  "bolusiob": 0, 
  "iob": 0.13633204584277783, 
  "activity": 0.004973562610229277
}