{
  "bolusiob": 1.3074573176888888, 
  "iob": 2.515445378744204, 
  "activity": 0.024724250529100524
}