{
  "bolusiob": 0, 
  "iob": -0.05500478059111111, 
  "activity": 0.0008614197530864198
}