{
  "bolusiob": 0, 
  "iob": 0.5703020473530213, 
  "activity": 0.00459366885361552
}