{
  "bolusiob": 0.12223820000000003, 
  "iob": 0.4962935342569418, 
  "activity": 0.0067732428571428555
}