{
  "bolusiob": 0, 
  "iob": 0.3276036312520384, 
  "activity": 0.007714779629629628
}