{
  "bolusiob": 0, 
  "iob": 0.49082094021583467, 
  "activity": 0.007635814497354496
}