{
  "bolusiob": 0, 
  "iob": -0.4154935378859723, 
  "activity": -0.003991728395061728
}