{
  "bolusiob": 0, 
  "iob": -0.09989504510222222, 
  "activity": -2.5185185185185183e-05
}