{
  "bolusiob": 0, 
  "iob": 0.08784803825555554, 
  "activity": 0.0014036155202821858
}