{
  "bolusiob": 0, 
  "iob": 0.477864567635, 
  "activity": 0.01193174603174603
}