{
  "bolusiob": 0, 
  "iob": -0.42413204444583474, 
  "activity": -0.005835255555555555
}