{
  "bolusiob": 0, 
  "iob": 0.6023141169822224, 
  "activity": 0.006247892416225749
}