{
  "bolusiob": 0, 
  "iob": 0.7734348789386253, 
  "activity": 0.01013193416225749
}