{
  "bolusiob": 0, 
  "iob": 0.4602912657795278, 
  "activity": 0.00610510582010582
}