{
  "bolusiob": 0, 
  "iob": 0.06387703900808493, 
  "activity": -0.00038084620811287454
}