{
  "bolusiob": 1.57155046624, 
  "iob": 2.229999632513334, 
  "activity": 0.016244779541446205
}