{
  "bolusiob": 0, 
  "iob": -0.033302604442083356, 
  "activity": -0.0027573104056437393
}