{
  "bolusiob": 0, 
  "iob": -0.6799434340387063, 
  "activity": -0.004452354144620811
}