{
  "bolusiob": 0.7545658028933333, 
  "iob": 1.6601799709165697, 
  "activity": 0.0166973014462081
}