{
  "bolusiob": 0.170427136, 
  "iob": 0.4695762244961608, 
  "activity": 0.002860008994708995
}