{
  "bolusiob": 0, 
  "iob": -0.06972976354944443, 
  "activity": -0.0018039329805996467
}