{
  "bolusiob": 0, 
  "iob": 0.5546050463729861, 
  "activity": 0.007233192239858904
}