{
  "bolusiob": 0, 
  "iob": -0.055845724780555564, 
  "activity": 0.0012463227513227506
}