{
  "bolusiob": 1.1852005031333335, 
  "iob": 2.367056811576743, 
  "activity": 0.02675412671957671
}