{
  "bolusiob": 0.43500777452, 
  "iob": 2.323736130772573, 
  "activity": 0.03534396737213404
}