{
  "bolusiob": 0, 
  "iob": -0.022658387732972247, 
  "activity": -0.0014962345679012344
}