{
  "bolusiob": 2.637274386008889, 
  "iob": 3.4731428049221664, 
  "activity": 0.01611675476190476
}