{
  "bolusiob": 0, 
  "iob": 0.9590151205971111, 
  "activity": 0.014486737213403881
}