{
  "bolusiob": 0, 
  "iob": -0.04157152420666665, 
  "activity": -0.0004408289241622582
}