{
  "bolusiob": 2.998546616888889, 
  "iob": 3.839715539391945, 
  "activity": 0.014553024814814812
}