{
  "bolusiob": 0, 
  "iob": 0.1762693418965451, 
  "activity": 0.00246500918871252
}