{
  "bolusiob": 0, 
  "iob": -0.1937699768793056, 
  "activity": -0.0038247001763668425
}