{
  "bolusiob": 0, 
  "iob": -0.2336087521590826, 
  "activity": 0.004575202380952381
}