{
  "bolusiob": 0, 
  "iob": -0.209591290831531, 
  "activity": -0.005888042239858906
}