{
  "bolusiob": 0, 
  "iob": 1.0113402085058127, 
  "activity": 0.016404239329805982
}