{
  "bolusiob": 0, 
  "iob": -0.3171559250342403, 
  "activity": -0.0027015077601410926
}