{
  "bolusiob": 0, 
  "iob": -0.28909994992611115, 
  "activity": -0.0015188359788359791
}