{
  "bolusiob": 0, 
  "iob": 0.53691439962875, 
  "activity": 0.0010243386243386238
}