{
  "bolusiob": 0, 
  "iob": 0.09600939554055557, 
  "activity": 0.0003078395061728395
}