{
  "bolusiob": 0, 
  "iob": -0.051225593091805466, 
  "activity": 0.014041587301587303
}