{
  "bolusiob": 0, 
  "iob": -0.5003527440205329, 
  "activity": 0.0005423801058201052
}