{
  "bolusiob": 1.5434591175111112, 
  "iob": 1.7909588126023614, 
  "activity": 0.007599047619047615
}