{
  "bolusiob": 0, 
  "iob": -0.20757562622533213, 
  "activity": 0.00013375649029982294
}