{
  "bolusiob": 0, 
  "iob": 0.541857389551875, 
  "activity": 0.0033091446208112865
}