{
  "bolusiob": 3.034768511573333, 
  "iob": 3.4880568775943925, 
  "activity": 0.012640498236331567
}