{
  "bolusiob": 0, 
  "iob": 0.40592335391201295, 
  "activity": 0.005064602945326278
}