{
  "bolusiob": 0, 
  "iob": 0.3991375232138815, 
  "activity": 0.004535670105820106
}