{
  "bolusiob": 0, 
  "iob": -0.11498088960777772, 
  "activity": 0.0006822310405643738
}