{
  "bolusiob": 0, 
  "iob": 0.6331149903173867, 
  "activity": 0.009124849999999997
}