{
  "bolusiob": 0, 
  "iob": 0.08166810783263889, 
  "activity": 0.0026063932980599637
}