{
  "bolusiob": 2.398910188266667, 
  "iob": 2.9408207744318053, 
  "activity": 0.012599885361552031
}