{
  "bolusiob": 0.01910107136000001, 
  "iob": 0.511521414664369, 
  "activity": 0.02775880024691357
}