{
  "bolusiob": 0.9512999225955556, 
  "iob": 1.5551051926755557, 
  "activity": 0.015995414462081126
}