{
  "bolusiob": 0, 
  "iob": 0.05062015091671471, 
  "activity": 0.0013172836860670194
}