{
  "bolusiob": 0, 
  "iob": -0.03644079297833333, 
  "activity": 0.0014858201058201054
}