{
  "bolusiob": 0, 
  "iob": 0.25588835949047223, 
  "activity": 0.0028744532627865958
}