{
  "bolusiob": 0, 
  "iob": 0.5719223308055948, 
  "activity": 0.005567548412698413
}