{
  "bolusiob": 0, 
  "iob": 0.7347521642602146, 
  "activity": 0.008695996208112873
}