{
  "bolusiob": 0.5172932780000001, 
  "iob": 3.065677689419573, 
  "activity": 0.05164152698412697
}