{
  "bolusiob": 0, 
  "iob": -0.09994728970222222, 
  "activity": -0.00023682539682539673
}