{
  "bolusiob": 0.01720348170666666, 
  "iob": 0.838542695464583, 
  "activity": 0.015134021164021159
}