{
  "bolusiob": 0, 
  "iob": 0.1822354566244167, 
  "activity": 0.0004393033509700175
}