{
  "bolusiob": 0, 
  "iob": -0.34475931401170135, 
  "activity": 0.00210116402116402
}