{
  "bolusiob": 0, 
  "iob": 0.7098172427809285, 
  "activity": 0.008818412962962962
}