{
  "bolusiob": 0, 
  "iob": 0.5787967436150153, 
  "activity": 0.010006102786596117
}