{
  "bolusiob": 0.74738779136, 
  "iob": 0.8068577894133334, 
  "activity": 0.00206352733686067
}