{
  "bolusiob": 0, 
  "iob": 0.10007229240715551, 
  "activity": 0.0009257495590828923
}