{
  "bolusiob": 0.0036881871600000114, 
  "iob": 1.386661515238686, 
  "activity": 0.02147877462081129
}