{
  "bolusiob": 0, 
  "iob": -0.2689725266043787, 
  "activity": -0.0037272456790123447
}