{
  "bolusiob": 0, 
  "iob": 0.30162624989368064, 
  "activity": 0.007023730158730158
}