{
  "bolusiob": 1.6024787402666671, 
  "iob": 2.3906652878133334, 
  "activity": 0.01901617283950617
}