{
  "bolusiob": 0, 
  "iob": 0.7266938199733334, 
  "activity": 0.010064303350970015
}