{
  "bolusiob": 0.6119300864000001, 
  "iob": 1.8258275916194442, 
  "activity": 0.025619664902998232
}