{
  "bolusiob": 0, 
  "iob": 0.5932652552429861, 
  "activity": 0.004507751322751322
}