{
  "bolusiob": 0, 
  "iob": 1.0073122669305556, 
  "activity": 0.020086490299823626
}