{
  "bolusiob": 0, 
  "iob": 0.2714322651701907, 
  "activity": 0.004763368377425044
}