{
  "bolusiob": 0, 
  "iob": 0.8061447540277031, 
  "activity": 0.008723386225749561
}