{
  "bolusiob": 0, 
  "iob": -0.23515891679614714, 
  "activity": 0.0006607228218694881
}