{
  "bolusiob": 0, 
  "iob": -0.2992908647638435, 
  "activity": -0.006179153509700176
}