{
  "bolusiob": 0, 
  "iob": -0.4581058102204698, 
  "activity": -0.00033112017636684313
}