{
  "bolusiob": 0, 
  "iob": 0.12216592473303403, 
  "activity": 0.0023429809700176375
}