{
  "bolusiob": 0, 
  "iob": -0.4593566913394476, 
  "activity": 1.667523809523778e-05
}