{
  "bolusiob": 0, 
  "iob": 0.8852477489636112, 
  "activity": 0.010191534391534387
}