{
  "bolusiob": 1.28183233024, 
  "iob": 2.8525525364998314, 
  "activity": 0.0277235778659612
}