{
  "bolusiob": 0, 
  "iob": 0.05038746241098924, 
  "activity": 0.0012270194356261016
}