{
  "bolusiob": 0.06717413003999999, 
  "iob": 0.6282818309170044, 
  "activity": 0.016625700934744265
}