{
  "bolusiob": 0, 
  "iob": 0.7513322894828127, 
  "activity": 0.011721922645502647
}