{
  "bolusiob": 0, 
  "iob": 0.1536315656717062, 
  "activity": -0.0034466223633156964
}