{
  "bolusiob": 0.03513807963999984, 
  "iob": 1.0255059043205081, 
  "activity": 0.022873985626102288
}