{
  "bolusiob": 0, 
  "iob": -0.312576633577395, 
  "activity": 0.0009169994356261015
}