{
  "bolusiob": 0, 
  "iob": -0.06324943906055559, 
  "activity": -0.0024543650793650796
}