{
  "bolusiob": 0, 
  "iob": 0.10443837009590273, 
  "activity": -0.0022692945326278657
}