{
  "bolusiob": 0, 
  "iob": 0.40478537010722226, 
  "activity": 0.01025017636684303
}