{
  "bolusiob": 0, 
  "iob": 0.21635891392067674, 
  "activity": 0.007965617248677248
}