{
  "bolusiob": 2.331878205013333, 
  "iob": 2.5178187554824025, 
  "activity": 0.005286128871252203
}