{
  "bolusiob": 0, 
  "iob": 0.4111348337356147, 
  "activity": 0.006564426984126975
}