{
  "bolusiob": 0, 
  "iob": -0.19695321998109572, 
  "activity": 0.002137089823633158
}