{
  "bolusiob": 0, 
  "iob": 1.0981453623333337, 
  "activity": 0.018579770723104055
}