{
  "bolusiob": 0, 
  "iob": 0.3428252961643917, 
  "activity": 0.003970176737213403
}