{
  "bolusiob": 0, 
  "iob": 0.08945499636734304, 
  "activity": 0.0020424776895943556
}