{
  "bolusiob": 1.0900341708799999, 
  "iob": 1.7780474078491106, 
  "activity": 0.010736499118165786
}