{
  "bolusiob": 0, 
  "iob": 0.15757604793779692, 
  "activity": 0.007057812786596118
}