{
  "bolusiob": 0, 
  "iob": -4.545385499999389e-05, 
  "activity": -5.899470899470858e-05
}