{
  "bolusiob": 0, 
  "iob": 0.5975959003466668, 
  "activity": 0.005600317460317458
}