{
  "bolusiob": 0, 
  "iob": 0.318019177569409, 
  "activity": 0.01378812054673721
}