{
  "bolusiob": 0, 
  "iob": -0.10012674152736115, 
  "activity": -0.0006577689594356259
}