{
  "bolusiob": 0, 
  "iob": 0.40730856060284126, 
  "activity": 0.009602574250440914
}