{
  "bolusiob": 0, 
  "iob": -0.09070154496208335, 
  "activity": -0.0012725485008818344
}