{
  "bolusiob": 0, 
  "iob": 0.8242534016599998, 
  "activity": 0.012831516754850086
}