{
  "bolusiob": 1.2194587930666665, 
  "iob": 1.7753647372409553, 
  "activity": 0.008860476313932978
}