{
  "bolusiob": 0, 
  "iob": 0.5775985589204167, 
  "activity": 0.0016890299823633151
}