{
  "bolusiob": 0, 
  "iob": -0.1537036006958371, 
  "activity": -0.000919550176366843
}