{
  "bolusiob": 0, 
  "iob": -0.041277645106321856, 
  "activity": -0.004048897354497354
}