{
  "bolusiob": 0, 
  "iob": -0.03632450113954644, 
  "activity": -0.0004187920811287473
}