{
  "bolusiob": 0, 
  "iob": 0.3955717405318056, 
  "activity": 0.008397795414462079
}