{
  "bolusiob": 0, 
  "iob": -0.4034010596856945, 
  "activity": -0.005310167548500881
}