{
  "bolusiob": 0, 
  "iob": 0.5710148986280892, 
  "activity": 0.007563897442680776
}