{
  "bolusiob": 0, 
  "iob": 0.21147956687837544, 
  "activity": 0.004237477654320987
}