{
  "bolusiob": 0.2556422916666667, 
  "iob": 0.8059760677729652, 
  "activity": 0.009557464726631392
}