{
  "bolusiob": 0, 
  "iob": 0.5507820978845605, 
  "activity": 0.012673156878306877
}