{
  "bolusiob": 0.06738266604000002, 
  "iob": -0.03122276016516034, 
  "activity": -0.0019172043209876551
}