{
  "bolusiob": 0.64805646968, 
  "iob": 1.7555129776339142, 
  "activity": 0.019080749823633152
}