{
  "bolusiob": 0, 
  "iob": 0.3116363487361726, 
  "activity": 0.0026805028218694887
}