{
  "bolusiob": 0, 
  "iob": 0.03485700784888887, 
  "activity": 0.002214232804232803
}