{
  "bolusiob": 0, 
  "iob": -0.14696508237666667, 
  "activity": -0.0009763844797178126
}