{
  "bolusiob": 0, 
  "iob": 0.42467608283406527, 
  "activity": 0.006187533509700176
}