{
  "bolusiob": 0, 
  "iob": -0.19253995857736114, 
  "activity": -0.0018822751322751328
}