{
  "bolusiob": 0.03156520779999983, 
  "iob": 0.9905861845327779, 
  "activity": 0.018459603174603174
}