{
  "bolusiob": 0, 
  "iob": 0.0037726292733333278, 
  "activity": 0.00030881834215167514
}