{
  "bolusiob": 0, 
  "iob": 0.6361384847983399, 
  "activity": 0.009158307037037034
}