{
  "bolusiob": 0, 
  "iob": 0.20784729304763888, 
  "activity": 0.003495758377425043
}