{
  "bolusiob": 0, 
  "iob": 0.7032256047874079, 
  "activity": 0.005178765555555556
}