{
  "bolusiob": 0, 
  "iob": 0.5370188480153333, 
  "activity": 0.009131246913580245
}