{
  "bolusiob": 0, 
  "iob": 0.7491316875771328, 
  "activity": 0.012148077848324513
}