{
  "bolusiob": 0, 
  "iob": -0.028463240961736386, 
  "activity": 0.002168659347442681
}