{
  "bolusiob": 0, 
  "iob": 0.3786666858652121, 
  "activity": 0.005032028342151675
}