{
  "bolusiob": 0, 
  "iob": -0.27188930677813494, 
  "activity": -0.0035505290123456785
}