{
  "bolusiob": 0, 
  "iob": -0.3277800182044444, 
  "activity": -0.0006564550264550276
}