{
  "bolusiob": 0, 
  "iob": -0.09927567642866666, 
  "activity": -0.002021627865961199
}