{
  "bolusiob": 0, 
  "iob": 0.6762220555891483, 
  "activity": 0.013364564902998232
}