{
  "bolusiob": 0, 
  "iob": 0.19505999930132398, 
  "activity": 0.02060813014109347
}