{
  "bolusiob": 0, 
  "iob": 0.1209568591577778, 
  "activity": 0.0033387654320987652
}