{
  "bolusiob": 0, 
  "iob": 1.100729533933611, 
  "activity": 0.013368888888888887
}