{
  "bolusiob": 2.0463776117866668, 
  "iob": 2.631923914707869, 
  "activity": -6.527158730158621e-05
}