{
  "bolusiob": 0, 
  "iob": -0.14798746874222224, 
  "activity": -0.00022160493827160484
}