{
  "bolusiob": 0.28936696936, 
  "iob": 2.152152203080309, 
  "activity": 0.029938589312169306
}