{
  "bolusiob": 0, 
  "iob": 0.29600925153944446, 
  "activity": 0.004694215167548499
}