{
  "bolusiob": 0, 
  "iob": 1.3554398365493265, 
  "activity": 0.02881846031746032
}