{
  "bolusiob": 0, 
  "iob": 0.4133405884478301, 
  "activity": 0.0018716228042328037
}