{
  "bolusiob": 0, 
  "iob": -0.4308875096852852, 
  "activity": -0.00574784869488536
}