{
  "bolusiob": 0, 
  "iob": 0.8056777311469925, 
  "activity": 0.009922663051146382
}