{
  "bolusiob": 0.04550020915999999, 
  "iob": 1.5055779224309536, 
  "activity": 0.022951675855379185
}