{
  "bolusiob": 0, 
  "iob": 0.11150948611740752, 
  "activity": -0.003501058024691357
}