{
  "bolusiob": 0, 
  "iob": -0.03154876660610642, 
  "activity": 0.0010278216931216928
}