{
  "bolusiob": 0, 
  "iob": -0.2140935833602778, 
  "activity": -0.0013634832451499116
}