{
  "bolusiob": 0, 
  "iob": -0.17951355593387505, 
  "activity": -0.007170679382716049
}