{
  "bolusiob": 0, 
  "iob": 0.2882794853627873, 
  "activity": 0.004840529470899471
}