{
  "bolusiob": 0.8724707718577775, 
  "iob": 1.6327322421698747, 
  "activity": 0.022323518518518517
}