{
  "bolusiob": 0, 
  "iob": 0.4469668906544162, 
  "activity": 0.008280996384479718
}