{
  "bolusiob": 0, 
  "iob": 0.8310508736002344, 
  "activity": 0.01507430837742504
}