{
  "bolusiob": 0.09070756693333326, 
  "iob": 0.942321237495298, 
  "activity": 0.02788333308641975
}