{
  "bolusiob": 0, 
  "iob": 0.0363572739293597, 
  "activity": 0.003003394885361551
}