{
  "bolusiob": 0, 
  "iob": 0.07287721379233979, 
  "activity": -0.008348756261022926
}