{
  "bolusiob": 0, 
  "iob": 0.15565490948277777, 
  "activity": -0.0001685537918871252
}