{
  "bolusiob": 0.4145353856, 
  "iob": 1.1619864632864443, 
  "activity": 0.017572134038800702
}