{
  "bolusiob": 0, 
  "iob": 0.7989701562023914, 
  "activity": 0.009246013844797174
}