{
  "bolusiob": 0, 
  "iob": -0.36777842354665724, 
  "activity": -0.0027802617283950617
}