{
  "bolusiob": 0, 
  "iob": 0.37381177188396997, 
  "activity": -0.0022993028747795427
}