{
  "bolusiob": 0, 
  "iob": -0.09838744713222224, 
  "activity": -0.0012441093474426807
}