{
  "bolusiob": 0, 
  "iob": 0.7678797581179044, 
  "activity": 0.010337716419753085
}