{
  "bolusiob": 0.45532722280000004, 
  "iob": 0.5720875055978254, 
  "activity": 0.005923562151675485
}