{
  "bolusiob": 0, 
  "iob": 0.08684554738134219, 
  "activity": 0.009529382328042325
}