{
  "bolusiob": 0, 
  "iob": -0.19419565023819446, 
  "activity": -0.0034963668430335096
}