{
  "bolusiob": 0, 
  "iob": 0.45699978976666666, 
  "activity": 0.003295149911816578
}