{
  "bolusiob": 0, 
  "iob": 1.0266310993329513, 
  "activity": 0.009709567813051144
}