{
  "bolusiob": 0, 
  "iob": -0.02841606999359914, 
  "activity": -0.0016827863315696644
}