{
  "bolusiob": 1.4629230298355553, 
  "iob": 2.8850840764432895, 
  "activity": 0.023138660088183414
}