{
  "bolusiob": 0, 
  "iob": -0.3626560726898611, 
  "activity": -0.003382813051146384
}