{
  "bolusiob": 0.052237355319999984, 
  "iob": 1.5774387687799767, 
  "activity": 0.03376978747795414
}