{
  "bolusiob": 0.5433653470000002, 
  "iob": 2.3312649389629962, 
  "activity": 0.02820293675485008
}