{
  "bolusiob": 0, 
  "iob": -0.583801707789653, 
  "activity": 0.005118280423280417
}