{
  "bolusiob": 0, 
  "iob": -0.5443762877684911, 
  "activity": -0.00494790262786596
}