{
  "bolusiob": 0, 
  "iob": -0.11178444580555559, 
  "activity": -0.0013141358024691355
}