{
  "bolusiob": 0, 
  "iob": 0.20493963572263896, 
  "activity": 0.004679462081128747
}