{
  "bolusiob": 0, 
  "iob": -0.06551608511614485, 
  "activity": 0.00038115529100529136
}