{
  "bolusiob": 0, 
  "iob": 0.569495950216875, 
  "activity": 0.003832089947089946
}