{
  "bolusiob": 0, 
  "iob": 0.18109812751904522, 
  "activity": 0.0027378036331569657
}