{
  "bolusiob": 0, 
  "iob": -0.463822492610528, 
  "activity": -0.005993562433862432
}