{
  "bolusiob": 0, 
  "iob": 0.25820821212854794, 
  "activity": 0.0033557751322751315
}