{
  "bolusiob": 0, 
  "iob": -0.3741633259470001, 
  "activity": -0.005177619047619046
}