{
  "bolusiob": 0, 
  "iob": -0.6895107871287997, 
  "activity": -0.004068544620811289
}