{
  "bolusiob": 0.5095718800000002, 
  "iob": 1.4339180608894444, 
  "activity": 0.012078950617283948
}