{
  "bolusiob": 0, 
  "iob": 0.5065904178305282, 
  "activity": 0.003182504761904762
}