{
  "bolusiob": 0, 
  "iob": -0.3179346349659583, 
  "activity": -0.0018739858906525575
}