{
  "bolusiob": 0, 
  "iob": -0.3057008139122196, 
  "activity": -0.002912892504409171
}