{
  "bolusiob": 0, 
  "iob": 0.4127748480386361, 
  "activity": 0.0034288356261022923
}