{
  "bolusiob": 0.6392985486933334, 
  "iob": 3.3168452699744453, 
  "activity": 0.05428962962962962
}