{
  "bolusiob": 0, 
  "iob": 0.49819560942466107, 
  "activity": 0.008667372310405643
}