{
  "bolusiob": 0.08846798619999996, 
  "iob": 0.7062773537238889, 
  "activity": 0.017750335097001763
}