{
  "bolusiob": 0, 
  "iob": -0.5141323578033105, 
  "activity": -0.006240105731922399
}