{
  "bolusiob": 0, 
  "iob": -0.4092804223734203, 
  "activity": -0.001912830423280423
}