{
  "bolusiob": 0, 
  "iob": 0.030643873290264738, 
  "activity": 0.0027789768077601416
}