{
  "bolusiob": 0, 
  "iob": 0.7000931123907892, 
  "activity": 0.004871957407407406
}