{
  "bolusiob": 0, 
  "iob": 0.22099384370946046, 
  "activity": 0.006404038359788359
}