{
  "bolusiob": 0, 
  "iob": -0.18986360805121028, 
  "activity": -0.005420290917107583
}