{
  "bolusiob": 0, 
  "iob": 0.7540679053534362, 
  "activity": 0.01026522051146384
}