{
  "bolusiob": 0, 
  "iob": 0.6300199938594476, 
  "activity": -0.0007926276014109344
}