{
  "bolusiob": 0, 
  "iob": 0.04293031762955552, 
  "activity": 0.0027317019400352723
}