{
  "bolusiob": 1.325890751217778, 
  "iob": 2.584185811950366, 
  "activity": 0.03194749564373897
}