{
  "bolusiob": 0, 
  "iob": 0.48731377406027193, 
  "activity": 0.005725294003527336
}