{
  "bolusiob": 0, 
  "iob": 0.23024136910777776, 
  "activity": -0.0019920370370370374
}