{
  "bolusiob": 0, 
  "iob": 0.06201921549997325, 
  "activity": 0.0040884474250440905
}