{
  "bolusiob": 0, 
  "iob": 0.3781523479688889, 
  "activity": 0.0023600529100529094
}