{
  "bolusiob": 0, 
  "iob": 0.5950531150874555, 
  "activity": 0.0061844711640211625
}