{
  "bolusiob": 0, 
  "iob": -0.17181287847268112, 
  "activity": -0.005927151657848324
}