{
  "bolusiob": 0, 
  "iob": -0.45403327776133334, 
  "activity": -0.003510811287477953
}