{
  "bolusiob": 0, 
  "iob": -0.12472839165602131, 
  "activity": -0.003799738095238094
}