{
  "bolusiob": 0, 
  "iob": -0.08085009098527783, 
  "activity": -0.00018000881834215264
}