{
  "bolusiob": 1.2258169217955555, 
  "iob": 1.52288700782375, 
  "activity": 0.008479171075837741
}