{
  "bolusiob": 0, 
  "iob": 0.9271258231019731, 
  "activity": 0.008643245396825396
}