{
  "bolusiob": 0, 
  "iob": 0.28394951270383023, 
  "activity": 0.0032454318342151666
}