{
  "bolusiob": 0, 
  "iob": -0.7206266428363793, 
  "activity": -0.008504726543209874
}