{
  "bolusiob": 1.0121998734400002, 
  "iob": 1.904218732772, 
  "activity": 0.0162863492063492
}