{
  "bolusiob": 0, 
  "iob": -0.03393364461840763, 
  "activity": -0.00026516737213403877
}