{
  "bolusiob": 0.2514839916666666, 
  "iob": 1.763238254811111, 
  "activity": 0.029224814814814808
}