{
  "bolusiob": 0, 
  "iob": 0.797847260242717, 
  "activity": 0.011437226948853617
}