{
  "bolusiob": 0, 
  "iob": 0.6341407005124149, 
  "activity": 0.004375913844797177
}