{
  "bolusiob": 0, 
  "iob": -0.11200008357458335, 
  "activity": -0.0006222310405643739
}