{
  "bolusiob": 0, 
  "iob": 0.4257452494671214, 
  "activity": 0.0018818433156966496
}