{
  "bolusiob": 0, 
  "iob": 0.472821913000025, 
  "activity": 0.004805837178130511
}