{
  "bolusiob": 0, 
  "iob": 0.16189168509025248, 
  "activity": 0.0011174336507936507
}