{
  "bolusiob": 0, 
  "iob": 0.5666653101507639, 
  "activity": 0.0072296649029982354
}