{
  "bolusiob": 0, 
  "iob": 0.5323137621025504, 
  "activity": 0.008398483245149909
}