{
  "bolusiob": 0, 
  "iob": 0.10898302666833336, 
  "activity": 0.0035096119929453264
}