{
  "bolusiob": 0, 
  "iob": 0.8943111137043592, 
  "activity": 0.009617389682539682
}