{
  "bolusiob": 0, 
  "iob": 0.419696995319028, 
  "activity": 0.004541366843033511
}