{
  "bolusiob": 0, 
  "iob": 0.17386888526348473, 
  "activity": 0.0035032801587301576
}