{
  "bolusiob": 0, 
  "iob": -0.5239648464879862, 
  "activity": -0.005646269841269841
}