{
  "bolusiob": 2.182278054488889, 
  "iob": 3.1854737744805552, 
  "activity": 0.01902717813051146
}