{
  "bolusiob": 0, 
  "iob": -0.08359645326410935, 
  "activity": -0.003923094885361552
}