{
  "bolusiob": 0, 
  "iob": -0.1725403981186438, 
  "activity": -0.0016255642857142853
}