{
  "bolusiob": 0, 
  "iob": 0.4265230748615358, 
  "activity": 0.004742997971781304
}