{
  "bolusiob": 0, 
  "iob": -0.06722904239638883, 
  "activity": -0.0012728130511463864
}