{
  "bolusiob": 0, 
  "iob": 0.00990543832602693, 
  "activity": 0.0024586858024691354
}