{
  "bolusiob": 0, 
  "iob": -0.16980832783305558, 
  "activity": -0.002818835978835978
}