{
  "bolusiob": 0, 
  "iob": 0.01656000288332803, 
  "activity": 0.000990123192239859
}