{
  "bolusiob": 0, 
  "iob": -0.15475757415777777, 
  "activity": 0.0012376719576719568
}