{
  "bolusiob": 1.3295645380266667, 
  "iob": 2.5983085725834623, 
  "activity": 0.021920286507936503
}