{
  "bolusiob": 0, 
  "iob": -0.1793704178494444, 
  "activity": 0.0014501410934744273
}