{
  "bolusiob": 0, 
  "iob": 0.6708890059649167, 
  "activity": 0.008541604938271604
}