{
  "bolusiob": 0, 
  "iob": 1.0907442335819444, 
  "activity": 0.013083112874779541
}