{
  "bolusiob": 0, 
  "iob": -0.15233814612768432, 
  "activity": 0.0017847882363315713
}