{
  "bolusiob": 0, 
  "iob": 0.4969536374759116, 
  "activity": 0.003957537477954145
}