{
  "bolusiob": 0, 
  "iob": -0.04398470877605041, 
  "activity": -0.002370758624338624
}