{
  "bolusiob": 0, 
  "iob": -0.07101539533295549, 
  "activity": -0.000351111111111111
}