{
  "bolusiob": 0, 
  "iob": 0.6259568487807777, 
  "activity": 0.006420088183421514
}