{
  "bolusiob": 0, 
  "iob": 1.109800992671667, 
  "activity": 0.01314483245149912
}