{
  "bolusiob": 0, 
  "iob": 0.21265231535634793, 
  "activity": -0.002589514373897707
}