{
  "bolusiob": 0.03491032040000008, 
  "iob": 1.4506289554974672, 
  "activity": 0.03171777830687831
}