{
  "bolusiob": 0, 
  "iob": -0.11685148871929568, 
  "activity": 0.011139903915343911
}