{
  "bolusiob": 0, 
  "iob": 0.3589126972288611, 
  "activity": 0.0024678747795414454
}