{
  "bolusiob": 0, 
  "iob": 0.30334089084268756, 
  "activity": -0.0032417901234567887
}