{
  "bolusiob": 0, 
  "iob": 0.11429973929084919, 
  "activity": 0.00558723968253968
}