{
  "bolusiob": 0, 
  "iob": 0.6188396069277778, 
  "activity": 0.003177936507936508
}