{
  "bolusiob": 0, 
  "iob": -0.5477632178738137, 
  "activity": -0.0029619134038800696
}