{
  "bolusiob": 0.8916530645333334, 
  "iob": 1.8047322990521568, 
  "activity": 0.006973748289241622
}