{
  "bolusiob": 0, 
  "iob": 1.0626598879191669, 
  "activity": 0.01335223985890652
}