{
  "bolusiob": 0, 
  "iob": 0.052074478220204085, 
  "activity": -0.001293562222222222
}