{
  "bolusiob": 0, 
  "iob": 0.2801405717258056, 
  "activity": 0.005872012345679011
}