{
  "bolusiob": 0, 
  "iob": 0.012466967901666652, 
  "activity": 0.0007332451499118163
}