{
  "bolusiob": 0, 
  "iob": 0.9023370282655557, 
  "activity": 0.009695008818342152
}