{
  "bolusiob": 0, 
  "iob": 0.08062750155222222, 
  "activity": 0.000519805996472663
}