{
  "bolusiob": 0, 
  "iob": -0.16614003336256947, 
  "activity": -0.0029826278659611984
}