{
  "bolusiob": 0.01690137326666674, 
  "iob": 0.8304650603936357, 
  "activity": 0.030326755114638445
}