{
  "bolusiob": 0, 
  "iob": 0.05113838911833327, 
  "activity": 0.0054615520282186945
}