{
  "bolusiob": 0.49502469999999993, 
  "iob": 0.7045529430113333, 
  "activity": 0.0040502645502645505
}