{
  "bolusiob": 0, 
  "iob": 0.01767885415528673, 
  "activity": 3.200934744268882e-06
}