{
  "bolusiob": 0, 
  "iob": -0.09448772013000004, 
  "activity": -0.0021502204585537917
}