{
  "bolusiob": 0, 
  "iob": -0.07072706495861109, 
  "activity": -0.0010854056437389781
}