{
  "bolusiob": 0, 
  "iob": -0.5317356779108281, 
  "activity": -0.005965282010582009
}