{
  "bolusiob": 0, 
  "iob": 0.00010354216090285168, 
  "activity": 0.01328884479717813
}