{
  "bolusiob": 0, 
  "iob": 0.03051162955466666, 
  "activity": -0.003681499118165784
}