{
  "bolusiob": 2.115531482506667, 
  "iob": 2.3624483775549283, 
  "activity": 0.007581357654320986
}