{
  "bolusiob": 0.0008069928533330995, 
  "iob": 1.1626106055852827, 
  "activity": 0.04299380936507934
}