{
  "bolusiob": 0, 
  "iob": 0.9975440878647849, 
  "activity": 0.017519862451499113
}