{
  "bolusiob": 0, 
  "iob": -0.7027109963540973, 
  "activity": 0.0032211728395061673
}