{
  "bolusiob": 0.00669814495999983, 
  "iob": 0.8460859534179168, 
  "activity": 0.01464837742504409
}