{
  "bolusiob": 0, 
  "iob": 0.00783160323544426, 
  "activity": -0.002713535802469134
}