{
  "bolusiob": 0, 
  "iob": 0.872994805849685, 
  "activity": 0.011262592380952379
}