{
  "bolusiob": 0, 
  "iob": 0.10611837692976811, 
  "activity": 0.002413175308641974
}