{
  "bolusiob": 0, 
  "iob": 0.11278112278541665, 
  "activity": 0.002218932980599647
}