{
  "bolusiob": 0, 
  "iob": 1.116906009219861, 
  "activity": 0.012127768959435624
}