{
  "bolusiob": 0, 
  "iob": -0.023403155889840425, 
  "activity": 0.005924453139329806
}