{
  "bolusiob": 0, 
  "iob": 0.8334536510872653, 
  "activity": 0.010141590335097003
}