{
  "bolusiob": 0.8579972403466667, 
  "iob": 1.869806491267695, 
  "activity": 0.01742853641975307
}