{
  "bolusiob": 0.4773949646266666, 
  "iob": 1.9538339827154119, 
  "activity": 0.023515952574955905
}