{
  "bolusiob": 0, 
  "iob": 0.1697268234684585, 
  "activity": 0.00019664029982363287
}