{
  "bolusiob": 0, 
  "iob": -0.3700788899898936, 
  "activity": -0.002746701657848332
}