{
  "bolusiob": 0, 
  "iob": 0.47480847623958333, 
  "activity": 0.006584488536155203
}