{
  "bolusiob": 0, 
  "iob": -0.004658041066694455, 
  "activity": 0.0012241358024691353
}