{
  "bolusiob": 0, 
  "iob": -0.4549539287961755, 
  "activity": -0.004398932627865961
}