{
  "bolusiob": 0, 
  "iob": -0.4175536105735807, 
  "activity": 2.600492063492059e-05
}