{
  "bolusiob": 0, 
  "iob": 0.26989212074627295, 
  "activity": 0.006434796825396825
}