{
  "bolusiob": 0, 
  "iob": 0.17347295438958332, 
  "activity": 0.004269426807760138
}