{
  "bolusiob": 0, 
  "iob": 0.4310836442226327, 
  "activity": 0.016532267636684302
}