{
  "bolusiob": 0, 
  "iob": -0.5947571094411112, 
  "activity": -0.005882169312169311
}