{
  "bolusiob": 0, 
  "iob": 0.3577582437501833, 
  "activity": 0.007078594973544974
}