{
  "bolusiob": 0, 
  "iob": 1.0680841951283335, 
  "activity": 0.013694197530864196
}