{
  "bolusiob": 0, 
  "iob": 0.1018355548155344, 
  "activity": 0.003878642098765431
}