{
  "bolusiob": 0, 
  "iob": -0.19546037141643693, 
  "activity": -0.0056055644973544965
}