{
  "bolusiob": 0, 
  "iob": 0.4259041189783904, 
  "activity": 0.007994054585537915
}