{
  "bolusiob": 0, 
  "iob": 0.43217605102, 
  "activity": 0.00676342151675485
}