{
  "bolusiob": 0, 
  "iob": 0.45768002233314287, 
  "activity": 0.0027634747971781305
}