{
  "bolusiob": 0, 
  "iob": 0.35336309429036483, 
  "activity": 0.010613967989417985
}