{
  "bolusiob": 0.4093588077600001, 
  "iob": 2.246941099434515, 
  "activity": 0.029059219823633155
}