{
  "bolusiob": 0, 
  "iob": 0.2330240071384507, 
  "activity": -0.002421252116402116
}