{
  "bolusiob": 0.4870004416, 
  "iob": 0.727553188572875, 
  "activity": 0.008706093844797176
}