{
  "bolusiob": 0, 
  "iob": -0.24003606959375, 
  "activity": -0.0020007671957671946
}