{
  "bolusiob": 0, 
  "iob": -0.015604283629861118, 
  "activity": -0.0025165255731922397
}