{
  "bolusiob": 0.17333923712000002, 
  "iob": 1.4221023753388895, 
  "activity": 0.024090934744268072
}