{
  "bolusiob": 0, 
  "iob": 0.6783184082909026, 
  "activity": 0.007977857142857142
}