{
  "bolusiob": 0.17099022026666671, 
  "iob": 0.3555427111644444, 
  "activity": 0.0025637389770723096
}