{
  "bolusiob": 0.03320663371999997, 
  "iob": 1.568011648618299, 
  "activity": 0.04803768943562609
}