{
  "bolusiob": 1.4814685176, 
  "iob": 1.9040086020337115, 
  "activity": 0.0030063381834215157
}