{
  "bolusiob": 0, 
  "iob": 0.5493898054008332, 
  "activity": 0.002343755555555553
}