{
  "bolusiob": 0, 
  "iob": 0.9851247221735749, 
  "activity": 0.02247316167548501
}