{
  "bolusiob": 0, 
  "iob": -0.04249403105842981, 
  "activity": -0.001428008201058201
}