{
  "bolusiob": 0, 
  "iob": 0.25770640195902783, 
  "activity": -0.0019765343915343903
}