{
  "bolusiob": 0, 
  "iob": -0.20720345006229166, 
  "activity": 0.0007087125220458551
}