{
  "bolusiob": 0, 
  "iob": -0.48111269470694445, 
  "activity": -0.000977539682539683
}