{
  "bolusiob": 0, 
  "iob": -0.26507725521504444, 
  "activity": 0.0001304497354497357
}