{
  "bolusiob": 0, 
  "iob": 0.15034360991027745, 
  "activity": 0.02821978835978835
}