{
  "bolusiob": 0, 
  "iob": 0.389855370309453, 
  "activity": 0.006439447601410935
}