{
  "bolusiob": 0, 
  "iob": 0.7498045319585279, 
  "activity": 0.007297980599647266
}