{
  "bolusiob": 0, 
  "iob": 0.10414893681670731, 
  "activity": 0.005136137936507937
}