{
  "bolusiob": 0, 
  "iob": 0.03451665006222237, 
  "activity": 0.007296878306878312
}