{
  "bolusiob": 0.6646699583333334, 
  "iob": 2.3626002478736416, 
  "activity": 0.019301797601410944
}