{
  "bolusiob": 0, 
  "iob": -0.4479972433454348, 
  "activity": -0.006131570246913581
}