{
  "bolusiob": 0, 
  "iob": 0.66734424682339, 
  "activity": 0.009936944003527336
}