{
  "bolusiob": 0, 
  "iob": -0.3217650737993611, 
  "activity": -0.003118509700176367
}