{
  "bolusiob": 0, 
  "iob": -0.36760828581644445, 
  "activity": 0.0009573015873015874
}