{
  "bolusiob": 0, 
  "iob": 0.8306018610400001, 
  "activity": 0.011842892416225746
}