{
  "bolusiob": 0, 
  "iob": 0.11670288508710007, 
  "activity": 0.007455282063492064
}