{
  "bolusiob": 0, 
  "iob": 0.29556454017352785, 
  "activity": 0.0023786860670193997
}