{
  "bolusiob": 0, 
  "iob": 0.5896242895250621, 
  "activity": 0.011131834338624337
}