{
  "bolusiob": 0, 
  "iob": -0.06182976014430556, 
  "activity": -0.0030269576719576716
}