{
  "bolusiob": 0, 
  "iob": -0.098709191977, 
  "activity": -0.002190749559082892
}