{
  "bolusiob": 0, 
  "iob": 0.4225647953202779, 
  "activity": 0.009000758377425042
}