{
  "bolusiob": 0, 
  "iob": -0.43505545554559083, 
  "activity": -0.004037010564373897
}