{
  "bolusiob": 0, 
  "iob": 1.0950668425105554, 
  "activity": 0.013661640211640206
}