{
  "bolusiob": 0, 
  "iob": -0.04519584959647305, 
  "activity": -0.0019835536155202818
}