{
  "bolusiob": 0, 
  "iob": 0.8435431626484665, 
  "activity": 0.010426300176366839
}