{
  "bolusiob": 0, 
  "iob": 0.5999240092127779, 
  "activity": 0.010262680776014109
}