{
  "bolusiob": 0.007374876133333208, 
  "iob": 1.356040557390361, 
  "activity": 0.02974275185185185
}