{
  "bolusiob": 0, 
  "iob": -0.011185098749746651, 
  "activity": -0.0028543386243386226
}