{
  "bolusiob": 0, 
  "iob": -0.28283710305269594, 
  "activity": -0.004617786507936507
}