{
  "bolusiob": 0, 
  "iob": -0.264009358681514, 
  "activity": -0.00192400352733686
}