{
  "bolusiob": 2.1187414669155555, 
  "iob": 1.8966717120453387, 
  "activity": 0.0034682738095238095
}