{
  "bolusiob": 0.2980501489733333, 
  "iob": 0.9946689239601737, 
  "activity": 0.016511446208112884
}