{
  "bolusiob": 0, 
  "iob": 0.2829012352341327, 
  "activity": 0.007213844356261022
}