{
  "bolusiob": 0.012401782933333272, 
  "iob": 0.1909377921543751, 
  "activity": 0.017303800705467384
}