{
  "bolusiob": 0, 
  "iob": -0.16524501411486858, 
  "activity": 0.00030488518518518453
}