{
  "bolusiob": 0, 
  "iob": 0.6859790256043861, 
  "activity": 0.007185326984126977
}