{
  "bolusiob": 0, 
  "iob": 1.0981830806669444, 
  "activity": 0.013360141093474423
}