{
  "bolusiob": 0, 
  "iob": 0.5555322965708889, 
  "activity": 0.009169292768959433
}