{
  "bolusiob": 0, 
  "iob": 0.7263369736280557, 
  "activity": 0.011533104056437392
}