{
  "bolusiob": 0, 
  "iob": 0.8861872452000001, 
  "activity": 0.007552328042328042
}