{
  "bolusiob": 0.5977795371333333, 
  "iob": 2.7571958131099996, 
  "activity": 0.04150089947089946
}