{
  "bolusiob": 0, 
  "iob": 0.16330667289222217, 
  "activity": 0.0021418606701940025
}