{
  "bolusiob": 0, 
  "iob": -0.12775794382958333, 
  "activity": 0.004473597883597885
}