{
  "bolusiob": 1.4701971221333334, 
  "iob": 2.097470787390112, 
  "activity": 0.016314461992945322
}