{
  "bolusiob": 0, 
  "iob": -0.29375219054444446, 
  "activity": -0.0006141975308641974
}