{
  "bolusiob": 0, 
  "iob": 0.0377859552944443, 
  "activity": -0.002803562610229275
}