{
  "bolusiob": 0, 
  "iob": 0.09923052755972224, 
  "activity": 0.0005005202821869487
}