{
  "bolusiob": 0, 
  "iob": 0.1369913184083333, 
  "activity": 0.004870423280423278
}