{
  "bolusiob": 0, 
  "iob": -0.031015916105277798, 
  "activity": -0.0008404761904761903
}