{
  "bolusiob": 0, 
  "iob": 0.26256011142391783, 
  "activity": 0.006788000335097001
}