{
  "bolusiob": 0, 
  "iob": 0.632775181125278, 
  "activity": 0.013803968253968249
}