{
  "bolusiob": 0, 
  "iob": -0.13336823991144442, 
  "activity": -0.0005989858906525574
}