{
  "bolusiob": 0, 
  "iob": 1.1334241417131943, 
  "activity": 0.011840079365079366
}