{
  "bolusiob": 0, 
  "iob": -0.6541336719072932, 
  "activity": -0.006141746402116403
}