{
  "bolusiob": 0, 
  "iob": 0.35120808615305615, 
  "activity": 0.03603857142857141
}