{
  "bolusiob": 0, 
  "iob": 0.6219720251766115, 
  "activity": 0.006382707142857144
}