{
  "bolusiob": 0.01693527263999981, 
  "iob": 0.7679731830590762, 
  "activity": 0.02557701058201058
}