{
  "bolusiob": 0.2677487050666667, 
  "iob": 0.5595934697816667, 
  "activity": 0.005845626102292763
}