{
  "bolusiob": 0, 
  "iob": 0.34426526070705865, 
  "activity": 0.007420449999999999
}