{
  "bolusiob": 0, 
  "iob": -0.04390385449166672, 
  "activity": 0.00024922398589065223
}