{
  "bolusiob": 0, 
  "iob": 0.6744052745242639, 
  "activity": 0.011726287971781303
}