{
  "bolusiob": 0.0126307632533333, 
  "iob": 0.43832103179420795, 
  "activity": 0.001546853104056437
}