{
  "bolusiob": 0, 
  "iob": 0.508692005443664, 
  "activity": 0.002430455467372132
}