{
  "bolusiob": 0, 
  "iob": -0.32101582326574996, 
  "activity": -0.0012141798941798943
}