{
  "bolusiob": 0, 
  "iob": -0.09166066432286196, 
  "activity": 0.0004111991181657842
}