{
  "bolusiob": 0, 
  "iob": 0.6587846029571176, 
  "activity": 0.00904083881834215
}