{
  "bolusiob": 0, 
  "iob": -0.19078806214583335, 
  "activity": -0.0015349735449735448
}