{
  "bolusiob": 0, 
  "iob": -0.15420712398358202, 
  "activity": 0.0005644268959435637
}