{
  "bolusiob": 0, 
  "iob": 0.25819239402177047, 
  "activity": -0.003374540987654319
}