{
  "bolusiob": 0, 
  "iob": 0.10425832258833333, 
  "activity": 0.0025643209876543204
}