{
  "bolusiob": 0.8570368044622223, 
  "iob": 2.443538241830062, 
  "activity": 0.01713795324514991
}