{
  "bolusiob": 0, 
  "iob": 0.2995670930010696, 
  "activity": 0.001257601499118166
}