{
  "bolusiob": 0, 
  "iob": 0.3257946092552614, 
  "activity": 0.00301081971781305
}