{
  "bolusiob": 0.04541046636000005, 
  "iob": 1.720210815424816, 
  "activity": 0.03100195770723103
}