{
  "bolusiob": 0, 
  "iob": 0.7669867767189513, 
  "activity": 0.009473612716049382
}