{
  "bolusiob": 0.12447256583999969, 
  "iob": 2.412827259467361, 
  "activity": 0.04721345679012345
}