{
  "bolusiob": 0, 
  "iob": 0.21576460050333335, 
  "activity": 0.0016522927689594355
}