{
  "bolusiob": 0, 
  "iob": 0.8275740532652779, 
  "activity": 0.010635202821869486
}