{
  "bolusiob": 0, 
  "iob": 0.17207319623887932, 
  "activity": 0.0038923214462081115
}