{
  "bolusiob": 0, 
  "iob": -0.389242157670889, 
  "activity": -0.005283703703703703
}