{
  "bolusiob": 1.7311194101111111, 
  "iob": 2.928689433548385, 
  "activity": 0.031947495643738964
}