{
  "bolusiob": 0, 
  "iob": 0.9527056817596025, 
  "activity": 0.021232432222222215
}