{
  "bolusiob": 0, 
  "iob": 0.021986964025579214, 
  "activity": -0.000544770458553792
}