{
  "bolusiob": 0, 
  "iob": 0.681717670717576, 
  "activity": 0.0017122926807760107
}