{
  "bolusiob": 0, 
  "iob": 0.11070570396493731, 
  "activity": 0.01884328003527337
}