{
  "bolusiob": 0.3328314278400001, 
  "iob": 1.8860936559006178, 
  "activity": 0.032247521940035266
}