{
  "bolusiob": 0, 
  "iob": 0.05130740990860445, 
  "activity": 0.00463968253968254
}