{
  "bolusiob": 0, 
  "iob": -0.08150828611666673, 
  "activity": -0.0017271604938271623
}