{
  "bolusiob": 0, 
  "iob": 0.6154193246988805, 
  "activity": 0.006294647178130511
}