{
  "bolusiob": 0, 
  "iob": 0.4927921985376389, 
  "activity": 0.00029490299823633137
}