{
  "bolusiob": 1.1476533356, 
  "iob": 3.2644857234243747, 
  "activity": 0.04425292742504408
}