{
  "bolusiob": 0, 
  "iob": 0.21502925542222223, 
  "activity": -0.001382222222222222
}