{
  "bolusiob": 0, 
  "iob": -0.1632074471834871, 
  "activity": 0.00016565264550264495
}