{
  "bolusiob": 0, 
  "iob": 0.03996606075533784, 
  "activity": -0.0016481570899470896
}