{
  "bolusiob": 1.7203684836400002, 
  "iob": 4.736064251937224, 
  "activity": 0.05170962962962962
}