{
  "bolusiob": 0, 
  "iob": -0.07757118945910421, 
  "activity": 0.0023957037037037033
}