{
  "bolusiob": 0, 
  "iob": 0.6498507136054328, 
  "activity": 0.011437222716049382
}