{
  "bolusiob": 1.0831297049777777, 
  "iob": 2.254388403790844, 
  "activity": 0.026941798677248666
}