{
  "bolusiob": 0, 
  "iob": 0.6235823741287709, 
  "activity": 0.011605917354497354
}