{
  "bolusiob": 0, 
  "iob": 0.8347569676950198, 
  "activity": 0.010050846684303349
}