{
  "bolusiob": 0, 
  "iob": 0.19230825159604445, 
  "activity": 0.0009486596119929448
}