{
  "bolusiob": 0, 
  "iob": 0.050985472784854824, 
  "activity": -0.0004155732804232808
}