{
  "bolusiob": 0, 
  "iob": 0.6454159460016607, 
  "activity": 0.02056105070546737
}