{
  "bolusiob": 0, 
  "iob": 0.6607972051800007, 
  "activity": 0.00891446172839506
}