{
  "bolusiob": 0.004931080000000088, 
  "iob": 0.9348626638643055, 
  "activity": 0.01771083774250441
}