{
  "bolusiob": 0, 
  "iob": 0.04655934639367301, 
  "activity": -0.003549867760141093
}