{
  "bolusiob": 0, 
  "iob": 0.6320945589592665, 
  "activity": 0.003161913827160493
}