{
  "bolusiob": 0, 
  "iob": -0.13202243560444443, 
  "activity": -6.641975308641995e-05
}