{
  "bolusiob": 0, 
  "iob": 0.2538607217222223, 
  "activity": 0.005578641975308641
}