{
  "bolusiob": 0, 
  "iob": 0.2138384150405303, 
  "activity": 0.0009584213051146387
}