{
  "bolusiob": 0.18734926533333318, 
  "iob": 1.7388010737030055, 
  "activity": 0.03288451029982362
}