{
  "bolusiob": 0, 
  "iob": 0.6784147407059724, 
  "activity": 0.01346884479717813
}