{
  "bolusiob": 0, 
  "iob": 0.6703100746851286, 
  "activity": 0.008573606701940035
}