{
  "bolusiob": 0, 
  "iob": -0.14306564707481492, 
  "activity": -0.00028347477954144613
}