{
  "bolusiob": 0, 
  "iob": 0.0008406813533035351, 
  "activity": -0.001693091093474427
}