{
  "bolusiob": 0, 
  "iob": 0.14461723424653805, 
  "activity": 0.0037243649029982356
}