{
  "bolusiob": 0, 
  "iob": 0.11912919784777777, 
  "activity": 0.004528994708994708
}