{
  "bolusiob": 0, 
  "iob": 0.25557734739197224, 
  "activity": 0.007465582010582009
}