{
  "bolusiob": 0, 
  "iob": 0.85888364074, 
  "activity": 0.011617918871252197
}