{
  "bolusiob": 0, 
  "iob": 0.11719118800263892, 
  "activity": 0.004948562610229275
}