{
  "bolusiob": 1.4098284922844444, 
  "iob": 1.6785955306375058, 
  "activity": 0.006336913209876543
}