{
  "bolusiob": 0, 
  "iob": 0.030776146897550143, 
  "activity": 0.006183615432098766
}