{
  "bolusiob": 0, 
  "iob": 0.8822803279120499, 
  "activity": 0.010184885485008819
}