{
  "bolusiob": 0.21907305676000008, 
  "iob": 0.865681539808125, 
  "activity": 0.011338827160493822
}