{
  "bolusiob": 2.510299431111111, 
  "iob": 3.700965674616445, 
  "activity": 0.024335873015873012
}