{
  "bolusiob": 0, 
  "iob": 0.6082918305559732, 
  "activity": 0.010724198077601407
}