{
  "bolusiob": 0.10166641269333337, 
  "iob": 0.5806664715022223, 
  "activity": 0.007888888888888888
}