{
  "bolusiob": 0, 
  "iob": 0.5249304542416401, 
  "activity": 0.003363727601410934
}