{
  "bolusiob": 0, 
  "iob": 0.7635186650183057, 
  "activity": 0.008215881834215167
}