{
  "bolusiob": 0, 
  "iob": 0.07900938830158316, 
  "activity": 0.004085828924162257
}