{
  "bolusiob": 0, 
  "iob": 0.803859130530603, 
  "activity": 0.009051649012345675
}