{
  "bolusiob": 1.872945014648889, 
  "iob": 3.25367344410377, 
  "activity": 0.023999919753086414
}