{
  "bolusiob": 0.002699321493333251, 
  "iob": -0.3006140851771777, 
  "activity": -0.002030449929453261
}