{
  "bolusiob": 0, 
  "iob": 0.04865397617458335, 
  "activity": -0.0003381393298059962
}