{
  "bolusiob": 0, 
  "iob": 0.6393995951787224, 
  "activity": 0.006448465608465609
}