{
  "bolusiob": 0.4346739342044445, 
  "iob": 1.2575798354261434, 
  "activity": 0.011029400617283951
}