{
  "bolusiob": 0.6379164586666667, 
  "iob": 1.513748783526627, 
  "activity": 0.011726464215167544
}