{
  "bolusiob": 0, 
  "iob": 1.0016900269166826, 
  "activity": 0.013384598500881828
}