{
  "bolusiob": 0, 
  "iob": 0.7597802872928333, 
  "activity": 0.008916137566137565
}