{
  "bolusiob": 0, 
  "iob": -0.02236770531481766, 
  "activity": 0.009313844902998232
}