{
  "bolusiob": 0, 
  "iob": -0.168145238180536, 
  "activity": -0.0025142238977072305
}