{
  "bolusiob": 0, 
  "iob": 0.5762065959518325, 
  "activity": 0.010432183104056431
}