{
  "bolusiob": 0.5024652158399998, 
  "iob": 2.6857821788286005, 
  "activity": 0.0417396299823633
}