{
  "bolusiob": 0, 
  "iob": 0.050139890861111196, 
  "activity": 0.0016933686067019344
}