{
  "bolusiob": 0, 
  "iob": -0.002895505473750004, 
  "activity": 0.0033620987654320988
}