{
  "bolusiob": 0, 
  "iob": 0.45580255241597334, 
  "activity": 0.006391623597883596
}