{
  "bolusiob": 0.09898726101333336, 
  "iob": 0.09359776936952151, 
  "activity": 8.927694885361542e-05
}