{
  "bolusiob": 0, 
  "iob": -0.24156265375916666, 
  "activity": -0.002190458553791887
}