{
  "bolusiob": 0, 
  "iob": 0.1714700041856103, 
  "activity": 0.004157204320987653
}