{
  "bolusiob": 0.027210527959999953, 
  "iob": 1.0326056159732482, 
  "activity": 0.022714885097001765
}