{
  "bolusiob": 0, 
  "iob": 0.7707265282879281, 
  "activity": 0.012475820352733683
}