{
  "bolusiob": 0, 
  "iob": -0.06980869880929928, 
  "activity": -0.0021547353615520275
}