{
  "bolusiob": 0, 
  "iob": 0.06395217486796945, 
  "activity": 0.003957725238095237
}