{
  "bolusiob": 0, 
  "iob": 0.6087608406486011, 
  "activity": 0.00442026467372134
}