{
  "bolusiob": 0.2528901267200002, 
  "iob": 1.5208596232855556, 
  "activity": 0.023292998236331564
}