{
  "bolusiob": 0, 
  "iob": -0.6852140285990278, 
  "activity": -0.0072205291005291005
}