{
  "bolusiob": 0, 
  "iob": 0.48054098811166657, 
  "activity": 0.009276455026455025
}