{
  "bolusiob": 0, 
  "iob": -0.37384561304959246, 
  "activity": -0.004622389506172838
}