{
  "bolusiob": 0, 
  "iob": -0.06401032606074664, 
  "activity": 0.009689884303350965
}