{
  "bolusiob": 0, 
  "iob": 0.18014145227875075, 
  "activity": -0.005176851005291004
}