{
  "bolusiob": 0, 
  "iob": -0.3964189314734723, 
  "activity": 0.0004088359788359787
}