{
  "bolusiob": 1.969838674346667, 
  "iob": 2.7194196211232047, 
  "activity": 0.002476219206349206
}