{
  "bolusiob": 2.036808524444444, 
  "iob": 3.730334767539443, 
  "activity": 0.035575379188712515
}