{
  "bolusiob": 0.058841256760000016, 
  "iob": 0.44022302277666664, 
  "activity": 0.012637777777777776
}