{
  "bolusiob": 0, 
  "iob": 0.13533641818525372, 
  "activity": 0.0033061779188712516
}