{
  "bolusiob": 0, 
  "iob": 0.8281549161007582, 
  "activity": 0.008076367054673721
}