{
  "bolusiob": 0, 
  "iob": 1.167442059222639, 
  "activity": 0.012514611992945323
}