{
  "bolusiob": 0, 
  "iob": 1.1424790675476992, 
  "activity": 0.026820795855379186
}