{
  "bolusiob": 0, 
  "iob": 0.3117289440111111, 
  "activity": 0.0044129982363315685
}