{
  "bolusiob": 0, 
  "iob": 0.12068329735758007, 
  "activity": -0.004012882627865968
}