{
  "bolusiob": 0.023083559893333237, 
  "iob": 0.41770568075333353, 
  "activity": 0.014788236331569666
}