{
  "bolusiob": 0, 
  "iob": 1.0781258089511685, 
  "activity": 0.013255661622574952
}