{
  "bolusiob": 0.6021504284444444, 
  "iob": 0.7147968689156945, 
  "activity": 0.0017253527336860673
}