{
  "bolusiob": 0, 
  "iob": 0.11964908774232869, 
  "activity": 3.480599647266429e-05
}