{
  "bolusiob": 0, 
  "iob": -0.05803095627174471, 
  "activity": -0.0006388004409171072
}