{
  "bolusiob": 0, 
  "iob": -0.3497876022958964, 
  "activity": -0.00565775996472663
}