{
  "bolusiob": 0, 
  "iob": 0.04072122503860365, 
  "activity": 0.0014650348853615515
}