{
  "bolusiob": 0, 
  "iob": 0.6554145456936941, 
  "activity": 0.011913360229276894
}