{
  "bolusiob": 0.3221761044444445, 
  "iob": 0.538918721651111, 
  "activity": 0.006115238095238094
}