{
  "bolusiob": 0, 
  "iob": -0.1489177758168367, 
  "activity": -0.0010171078835978838
}