{
  "bolusiob": 1.4141975808, 
  "iob": 1.574433631177222, 
  "activity": 0.0029219223985890645
}