{
  "bolusiob": 0, 
  "iob": 1.1651097634757732, 
  "activity": 0.013999223721340383
}