{
  "bolusiob": 0, 
  "iob": 0.4914847737244445, 
  "activity": 0.006588730158730156
}