{
  "bolusiob": 0.85546191872, 
  "iob": 1.0915026897, 
  "activity": 0.006822645502645501
}