{
  "bolusiob": 0, 
  "iob": 0.8390911508897225, 
  "activity": 0.04410297178130511
}