{
  "bolusiob": 0, 
  "iob": -0.10369274270458334, 
  "activity": 0.0011698677248677244
}