{
  "bolusiob": 0, 
  "iob": 0.7229586744730646, 
  "activity": 0.006126104885361551
}