{
  "bolusiob": 0.049698398120000015, 
  "iob": 1.9012743913756842, 
  "activity": 0.032658497178130505
}