{
  "bolusiob": 0, 
  "iob": 0.4227561232289436, 
  "activity": 0.007264717636684301
}