{
  "bolusiob": 0, 
  "iob": -0.01395169584944446, 
  "activity": -0.0037682010582010574
}