{
  "bolusiob": 0.9446761921333335, 
  "iob": 3.4950430934252994, 
  "activity": 0.04517806005291006
}