{
  "bolusiob": 0, 
  "iob": 0.1732406484155556, 
  "activity": -0.00016040564373897683
}