{
  "bolusiob": 0, 
  "iob": 0.016361015633888903, 
  "activity": 0.0015176719576719582
}