{
  "bolusiob": 0, 
  "iob": 0.15716164892986112, 
  "activity": 0.00214247795414462
}