{
  "bolusiob": 0, 
  "iob": 0.5618219463797455, 
  "activity": 0.008063395185185184
}