{
  "bolusiob": 0, 
  "iob": 0.12211034972602755, 
  "activity": 0.003560961199294532
}