{
  "bolusiob": 0, 
  "iob": 0.8329015070945833, 
  "activity": 0.01344784832451499
}