{
  "bolusiob": 0, 
  "iob": 0.46185957619977935, 
  "activity": 0.006380203086419752
}