{
  "bolusiob": 0, 
  "iob": -0.19095689719768769, 
  "activity": -0.0012478391710758377
}