{
  "bolusiob": 0.43466812757333334, 
  "iob": 0.7521515503222224, 
  "activity": 0.004595925925925926
}