{
  "bolusiob": 0, 
  "iob": -0.18496615469055566, 
  "activity": 0.008404832451499115
}