{
  "bolusiob": 0, 
  "iob": -0.07395999399805069, 
  "activity": 0.0025030066137566127
}