{
  "bolusiob": 0, 
  "iob": 0.2016566026238889, 
  "activity": 0.004719559082892416
}