{
  "bolusiob": 0, 
  "iob": 0.266214591426966, 
  "activity": 0.007010757936507937
}