{
  "bolusiob": 0, 
  "iob": -0.035791562374777805, 
  "activity": -0.0038644091710758376
}