{
  "bolusiob": 0, 
  "iob": 0.17258624947497225, 
  "activity": 0.0041814902998236324
}