{
  "bolusiob": 0, 
  "iob": 0.4022908244580279, 
  "activity": 0.002223756843033509
}