{
  "bolusiob": 0, 
  "iob": 0.3734772000874007, 
  "activity": -0.002781427954144621
}