{
  "bolusiob": 0, 
  "iob": 0.33106881927066506, 
  "activity": 0.0011941449911816566
}