{
  "bolusiob": 0.4980353984, 
  "iob": 0.387788962806014, 
  "activity": -0.000837601040564375
}