{
  "bolusiob": 0.71098093792, 
  "iob": 1.8655194717717836, 
  "activity": 0.02246726622574955
}