{
  "bolusiob": 2.671481969493333, 
  "iob": 3.3475888612733335, 
  "activity": 0.016708148148148146
}