{
  "bolusiob": 1.6759576177777777, 
  "iob": 1.8245506031945828, 
  "activity": 0.006336190476190476
}