{
  "bolusiob": 0, 
  "iob": -0.16399759717508333, 
  "activity": -0.0011057848324514986
}