{
  "bolusiob": 0, 
  "iob": -0.4985000498835762, 
  "activity": -0.006649144991181657
}