{
  "bolusiob": 0.031505169466666594, 
  "iob": 0.6418148917620676, 
  "activity": 0.016838200970017637
}