{
  "bolusiob": 0, 
  "iob": -0.1018222360674167, 
  "activity": -0.00286458553791887
}