{
  "bolusiob": 0, 
  "iob": 0.06760489385956998, 
  "activity": 0.001579563227513227
}