{
  "bolusiob": 0, 
  "iob": 0.2906223066158889, 
  "activity": -0.00024174603174603076
}