{
  "bolusiob": 0, 
  "iob": -0.29026796121111115, 
  "activity": -0.0008030864197530864
}