{
  "bolusiob": 0, 
  "iob": 0.023405305129999984, 
  "activity": 0.001630158730158729
}