{
  "bolusiob": 0, 
  "iob": -0.14199312474939602, 
  "activity": -0.004543042239858906
}