{
  "bolusiob": 0, 
  "iob": 0.8051916973661946, 
  "activity": 0.005669935097001762
}