{
  "bolusiob": 0, 
  "iob": 0.29432959543219445, 
  "activity": 0.0029079717813051144
}