{
  "bolusiob": 1.0800494595022223, 
  "iob": 1.8666398310679146, 
  "activity": 0.013730943298059961
}