{
  "bolusiob": 0, 
  "iob": 0.9621318146145138, 
  "activity": 0.008080511463844796
}