{
  "bolusiob": 0, 
  "iob": -0.08265883673263881, 
  "activity": 0.003785855379188711
}