{
  "bolusiob": 2.6855753412266665, 
  "iob": 2.449791031064435, 
  "activity": 0.0008862959259259256
}