{
  "bolusiob": 0, 
  "iob": 0.12219821881121114, 
  "activity": 0.000669338624338624
}