{
  "bolusiob": 0, 
  "iob": 0.13440264790681533, 
  "activity": -0.0003014815343915344
}