{
  "bolusiob": 0, 
  "iob": 0.06468675200255597, 
  "activity": 0.006006755202821869
}