{
  "bolusiob": 0, 
  "iob": -0.17950995787500001, 
  "activity": -0.0019688183421516757
}