{
  "bolusiob": 0, 
  "iob": 0.5691407971294987, 
  "activity": 0.005707839770723104
}