{
  "bolusiob": 0, 
  "iob": 0.33132890163534734, 
  "activity": 0.0074105026455026455
}