{
  "bolusiob": 0, 
  "iob": 0.250322249532838, 
  "activity": 0.0033853406525573186
}