{
  "bolusiob": 0.494354173, 
  "iob": 1.3556663192086806, 
  "activity": 0.012791261022927686
}