{
  "bolusiob": 0, 
  "iob": 0.06973941775597234, 
  "activity": 0.01556499118165784
}