{
  "bolusiob": 0, 
  "iob": 0.6460432319305557, 
  "activity": 0.006487839506172839
}