{
  "bolusiob": 0, 
  "iob": 0.43952074178555567, 
  "activity": 0.006042680776014107
}