{
  "bolusiob": 0, 
  "iob": -0.5643156451013127, 
  "activity": -0.004683387548500881
}