{
  "bolusiob": 0, 
  "iob": -0.06044630644341667, 
  "activity": -0.002194320987654321
}