{
  "bolusiob": 0, 
  "iob": 0.0737750643718292, 
  "activity": -0.0002551761022927681
}