{
  "bolusiob": 1.56673334016, 
  "iob": 1.7648296269033334, 
  "activity": 0.007331992945326276
}