{
  "bolusiob": 0, 
  "iob": 0.8588482316283171, 
  "activity": 0.009850520987654321
}