{
  "bolusiob": 0, 
  "iob": -0.08785248384500001, 
  "activity": 0.002949506172839505
}