{
  "bolusiob": 0, 
  "iob": -0.0787895714986111, 
  "activity": -0.00047450617283950657
}