{
  "bolusiob": 0.2581479521066667, 
  "iob": 0.6305271657590278, 
  "activity": 0.005150167548500882
}