{
  "bolusiob": 0, 
  "iob": 0.38152222234408234, 
  "activity": 0.003892537530864198
}