{
  "bolusiob": 0, 
  "iob": -0.15641282548944446, 
  "activity": -0.0016785802469135795
}