{
  "bolusiob": 0, 
  "iob": 0.31922572415081923, 
  "activity": 0.0034026892063492055
}