{
  "bolusiob": 0, 
  "iob": -0.030008693234722238, 
  "activity": -0.0016133333333333332
}