{
  "bolusiob": 0, 
  "iob": -0.4448700398528339, 
  "activity": -0.005785268783068781
}