{
  "bolusiob": 0, 
  "iob": 0.15656184362841508, 
  "activity": 0.003438413068783068
}