{
  "bolusiob": 0, 
  "iob": 0.2491885616320758, 
  "activity": 0.002391887001763669
}