{
  "bolusiob": 0, 
  "iob": 1.1191214979191668, 
  "activity": 0.012790626102292769
}