{
  "bolusiob": 0, 
  "iob": 0.12484848108084917, 
  "activity": 0.004542530687830687
}