{
  "bolusiob": 0, 
  "iob": -0.07105237818205062, 
  "activity": -0.002888997619047618
}