{
  "bolusiob": 0, 
  "iob": 0.06553998664519403, 
  "activity": 0.0011337919753086423
}