{
  "bolusiob": 0, 
  "iob": 1.0407868952689168, 
  "activity": 0.015274391534391533
}