{
  "bolusiob": 0.025054435599999966, 
  "iob": 0.6119206077211118, 
  "activity": 0.025079858906525566
}