{
  "bolusiob": -0.0006881222400004549, 
  "iob": 1.2370918117932588, 
  "activity": 0.03592748668430336
}