{
  "bolusiob": 0, 
  "iob": 0.30639626027777783, 
  "activity": 0.005292204585537918
}