{
  "bolusiob": 0, 
  "iob": 0.08052907448067535, 
  "activity": 0.0009720282363315693
}