{
  "bolusiob": 0, 
  "iob": 1.0971974923383163, 
  "activity": 0.012280925837742502
}