{
  "bolusiob": 0.9929286022799999, 
  "iob": 2.3773971024200002, 
  "activity": 0.023898403880070543
}