{
  "bolusiob": 0, 
  "iob": -0.4961786646061945, 
  "activity": -0.0066904850088183405
}