{
  "bolusiob": 0, 
  "iob": 0.04995649076833334, 
  "activity": 0.0019069664902998235
}