{
  "bolusiob": 0, 
  "iob": 0.16610867311701388, 
  "activity": -0.001973015873015873
}