{
  "bolusiob": 0, 
  "iob": 0.2619825483955555, 
  "activity": 0.004995308641975307
}