{
  "bolusiob": 0, 
  "iob": 0.1787401564471996, 
  "activity": -0.003168738888888889
}