{
  "bolusiob": 0.20185881599999997, 
  "iob": -0.13601130528866723, 
  "activity": -0.0026222169488536156
}