{
  "bolusiob": 0, 
  "iob": 0.7704897548496352, 
  "activity": 0.010329603544973543
}