{
  "bolusiob": 2.059910455093333, 
  "iob": 2.8885160683810374, 
  "activity": 0.014283525167548492
}