{
  "bolusiob": 0, 
  "iob": 0.136901472064482, 
  "activity": -0.0005874513051146378
}