{
  "bolusiob": 0, 
  "iob": 0.3490317107021848, 
  "activity": 0.0019981664902998233
}