{
  "bolusiob": 0.46384851122666687, 
  "iob": 2.165057706772122, 
  "activity": 0.04629684287477954
}