{
  "bolusiob": 0, 
  "iob": -0.00917458761960916, 
  "activity": -0.0029314018518518514
}