{
  "bolusiob": 0, 
  "iob": -0.5888037005100831, 
  "activity": 0.0035520714638447937
}