{
  "bolusiob": 0, 
  "iob": 0.06400525830327397, 
  "activity": -7.793629629629628e-05
}