{
  "bolusiob": 0, 
  "iob": -0.49210146585738035, 
  "activity": -0.0068978122045855374
}