{
  "bolusiob": 0, 
  "iob": 0.23189062218716613, 
  "activity": -0.0002491709347442682
}