{
  "bolusiob": 0.3992075445600001, 
  "iob": 1.992019458107063, 
  "activity": 0.03621880068783068
}