{
  "bolusiob": 0.04778799093333336, 
  "iob": 0.35722957561002877, 
  "activity": 0.029212698130511458
}