{
  "bolusiob": 0, 
  "iob": -0.06738974350847222, 
  "activity": -0.0021861728395061726
}