{
  "bolusiob": 0, 
  "iob": -0.07033598214319442, 
  "activity": -0.00016880070546737233
}