{
  "bolusiob": 0.014170960640000018, 
  "iob": 0.3807653557348889, 
  "activity": 0.009102663139329805
}