{
  "bolusiob": 0, 
  "iob": -0.4311205516035889, 
  "activity": -0.0024172753262786577
}