{
  "bolusiob": 0, 
  "iob": 0.28531347021500003, 
  "activity": 0.006636719576719576
}