{
  "bolusiob": 0, 
  "iob": 0.6754803527724167, 
  "activity": 0.006598615520282187
}