{
  "bolusiob": 0, 
  "iob": -0.5856599929913896, 
  "activity": -0.005603889259259258
}