{
  "bolusiob": 0, 
  "iob": 0.1525410708860313, 
  "activity": -0.0019264464550264545
}