{
  "bolusiob": 0, 
  "iob": 0.5424409457443764, 
  "activity": 0.0015074515696649026
}