{
  "bolusiob": 0, 
  "iob": 0.028587966099465227, 
  "activity": -0.004025317495590829
}