{
  "bolusiob": 0, 
  "iob": 1.0726753726633333, 
  "activity": 0.013621499118165781
}