{
  "bolusiob": 0.0017522559599999485, 
  "iob": 0.9737380281114704, 
  "activity": 0.02029155176366843
}