{
  "bolusiob": 0, 
  "iob": 0.09488234687968097, 
  "activity": 0.0014508816578483246
}