{
  "bolusiob": 0, 
  "iob": -0.179533524075, 
  "activity": -8.820987654320988e-05
}