{
  "bolusiob": 0.4750265460000001, 
  "iob": 1.5749992223695832, 
  "activity": 0.021450114638447964
}