{
  "bolusiob": 0, 
  "iob": 0.7372603814173622, 
  "activity": 0.010329250705467372
}