{
  "bolusiob": 0, 
  "iob": -0.11213274592138892, 
  "activity": -0.00468263668430335
}