{
  "bolusiob": 3.1688747796711114, 
  "iob": 5.444846616237222, 
  "activity": 0.03925169312169311
}