{
  "bolusiob": 0, 
  "iob": -0.34183835638000004, 
  "activity": -0.000658641975308642
}