{
  "bolusiob": 0, 
  "iob": 0.27521608844848033, 
  "activity": 0.0038156805114638453
}