{
  "bolusiob": 0.0057728892666666365, 
  "iob": 0.595749599435, 
  "activity": 0.01484470899470899
}