{
  "bolusiob": 0, 
  "iob": 0.19867981151966665, 
  "activity": 0.0042848853615520275
}