{
  "bolusiob": 0, 
  "iob": -0.08254882842312503, 
  "activity": -0.002492724867724867
}