{
  "bolusiob": 0.1724810560000002, 
  "iob": 1.6219356978758888, 
  "activity": 0.03477268959435627
}