{
  "bolusiob": 0, 
  "iob": 0.6273409115513195, 
  "activity": 0.0048551234567901225
}