{
  "bolusiob": 0, 
  "iob": 0.14821224937613633, 
  "activity": 0.00721302451499118
}