{
  "bolusiob": 0, 
  "iob": -0.7238668044511846, 
  "activity": -0.006008094920634919
}