{
  "bolusiob": 0, 
  "iob": 0.5506542199235275, 
  "activity": 0.006502072574955907
}