{
  "bolusiob": 1.0999608157866667, 
  "iob": 2.1127935570502427, 
  "activity": 0.015734711234567902
}