{
  "bolusiob": 0, 
  "iob": -0.10444781481445434, 
  "activity": 0.000892001746031746
}