{
  "bolusiob": 0, 
  "iob": -0.5926717649092084, 
  "activity": -0.004612813051146384
}