{
  "bolusiob": 0, 
  "iob": 0.5975945059598649, 
  "activity": 0.006000775925925926
}