{
  "bolusiob": 0, 
  "iob": -0.24775461182008915, 
  "activity": -0.002279479541446207
}