{
  "bolusiob": 0, 
  "iob": 0.3295288574600269, 
  "activity": 0.004259364832451497
}