{
  "bolusiob": 0, 
  "iob": 0.24345207967000007, 
  "activity": 0.005954867724867725
}