{
  "bolusiob": 0, 
  "iob": -0.15728851305666675, 
  "activity": -0.001558051146384479
}