{
  "bolusiob": 0, 
  "iob": 0.694824432731111, 
  "activity": 0.010093068783068778
}