{
  "bolusiob": 0, 
  "iob": -0.06353115311044483, 
  "activity": 0.0005615785714285712
}