{
  "bolusiob": 0, 
  "iob": 0.8540624795687779, 
  "activity": 0.007963738977072308
}