{
  "bolusiob": 0, 
  "iob": 0.5024838169195278, 
  "activity": 0.0049172574955908275
}