{
  "bolusiob": 0, 
  "iob": 0.5776901645063195, 
  "activity": 0.003647469135802468
}