{
  "bolusiob": 0, 
  "iob": -0.19947823374706083, 
  "activity": -0.0007017370370370367
}