{
  "bolusiob": 0, 
  "iob": 0.977126418611126, 
  "activity": 0.025710096913580248
}