{
  "bolusiob": 1.143923628448889, 
  "iob": 1.5513151259550106, 
  "activity": 0.005026535943562607
}