{
  "bolusiob": 0, 
  "iob": 0.27491104435144453, 
  "activity": 0.003548059964726632
}