{
  "bolusiob": 0, 
  "iob": 0.6080011035293633, 
  "activity": 0.010140732045855375
}