{
  "bolusiob": 0.902428171288889, 
  "iob": 2.0928645880438888, 
  "activity": 0.023716931216931213
}