{
  "bolusiob": 0, 
  "iob": 0.5286844491355556, 
  "activity": 0.006419365079365078
}