{
  "bolusiob": 0.7626324912888889, 
  "iob": 1.9999833074950002, 
  "activity": 0.02376139329805996
}