{
  "bolusiob": 0.08150126400000003, 
  "iob": 1.60187432653231, 
  "activity": 0.03477773377425043
}