{
  "bolusiob": 0, 
  "iob": -0.045720978737583344, 
  "activity": -0.004945546737213404
}