{
  "bolusiob": 0, 
  "iob": 0.044281916854279, 
  "activity": 0.004229021040564372
}