{
  "bolusiob": 0, 
  "iob": 0.36014091948938703, 
  "activity": 0.007810562081128745
}