{
  "bolusiob": 0, 
  "iob": -0.007000875529305561, 
  "activity": -0.0029767989417989415
}