{
  "bolusiob": 0, 
  "iob": -0.46487875440277204, 
  "activity": 0.006745078871252202
}