{
  "bolusiob": 0, 
  "iob": -0.016958242309305562, 
  "activity": -0.0004536331569664904
}