{
  "bolusiob": 0, 
  "iob": 0.5418809000437681, 
  "activity": 0.029564638077601405
}