{
  "bolusiob": 0, 
  "iob": 0.4667978055091161, 
  "activity": 0.015014594673721328
}