{
  "bolusiob": 0, 
  "iob": -0.09157346605515865, 
  "activity": 0.002123103791887124
}