{
  "bolusiob": 0, 
  "iob": 0.028205420290354763, 
  "activity": -0.0001670015873015871
}