{
  "bolusiob": 0, 
  "iob": 0.3184076646738041, 
  "activity": 0.005136260670194004
}