{
  "bolusiob": 0, 
  "iob": 0.05560501427784097, 
  "activity": 0.002484576631393299
}