{
  "bolusiob": 0, 
  "iob": -0.20864805926891208, 
  "activity": -0.003400044003527336
}