{
  "bolusiob": 1.8874064183822223, 
  "iob": 2.39638214332043, 
  "activity": 0.013724197407407407
}