{
  "bolusiob": 0, 
  "iob": 0.11719126819055557, 
  "activity": -0.0005927689594356258
}