{
  "bolusiob": 0, 
  "iob": 0.5143312920993206, 
  "activity": 0.006278430705467371
}