{
  "bolusiob": 0, 
  "iob": -0.0685509783129861, 
  "activity": 0.0004293386243386241
}