{
  "bolusiob": 0, 
  "iob": 0.21547733929280183, 
  "activity": 0.013759523456790122
}