{
  "bolusiob": 0, 
  "iob": -0.23200469923435926, 
  "activity": -0.00263690467372134
}