{
  "bolusiob": 0, 
  "iob": 0.44418099986652787, 
  "activity": -0.00014814814814814882
}