{
  "bolusiob": 0, 
  "iob": 0.2972779253553056, 
  "activity": 0.008253880070546738
}