{
  "bolusiob": 0.369481146, 
  "iob": 1.532897770565139, 
  "activity": 0.022045917107583777
}