{
  "bolusiob": 0, 
  "iob": -0.028294088345494184, 
  "activity": -0.0037088534391534387
}