{
  "bolusiob": 0.057188593173333274, 
  "iob": 1.6902407117127771, 
  "activity": 0.04105730158730158
}