{
  "bolusiob": 0, 
  "iob": -0.15761915119420597, 
  "activity": -0.0024267635802469128
}