{
  "bolusiob": 0, 
  "iob": 0.05786336692702358, 
  "activity": 0.00037829276895943553
}