{
  "bolusiob": 0, 
  "iob": 0.02891708933079518, 
  "activity": -0.0022651874074074074
}