{
  "bolusiob": 0, 
  "iob": -0.3608612657102077, 
  "activity": -0.002306985008818342
}