{
  "bolusiob": 0, 
  "iob": 0.344280472713381, 
  "activity": 0.007656907407407406
}