{
  "bolusiob": 0, 
  "iob": -0.04699636903523156, 
  "activity": 0.002381066649029982
}