{
  "bolusiob": 0, 
  "iob": 0.29360602945933517, 
  "activity": 0.0007000529982363319
}