{
  "bolusiob": 0.9565646178533332, 
  "iob": 2.280590713748889, 
  "activity": 0.024073994708994708
}