{
  "bolusiob": 0, 
  "iob": -0.21482192560172256, 
  "activity": -0.0019872929453262785
}