{
  "bolusiob": 0, 
  "iob": -0.1748038884216419, 
  "activity": 0.0027821866313932977
}