{
  "bolusiob": 0, 
  "iob": 0.8749683502542223, 
  "activity": 0.007416992945326277
}