{
  "bolusiob": 0, 
  "iob": 0.06407660692001037, 
  "activity": 0.0018759259611992943
}