{
  "bolusiob": 0, 
  "iob": -0.02530334103082062, 
  "activity": -0.0015569765432098751
}