{
  "bolusiob": 0, 
  "iob": 0.6715714119291302, 
  "activity": 0.008390493827160492
}