{
  "bolusiob": 0, 
  "iob": 0.17864483586865068, 
  "activity": -0.0014767810934744265
}