{
  "bolusiob": 0, 
  "iob": 0.21312827711944446, 
  "activity": 0.005561657848324515
}