{
  "bolusiob": 0, 
  "iob": 0.2899745365480759, 
  "activity": 0.0035817103703703695
}