{
  "bolusiob": 0, 
  "iob": 0.7701162565811112, 
  "activity": 0.007673095238095238
}