{
  "bolusiob": 0, 
  "iob": -0.1442296923066032, 
  "activity": -0.0018839946031746029
}