{
  "bolusiob": 0, 
  "iob": -0.09222294022055558, 
  "activity": -0.00015042328042328063
}