{
  "bolusiob": 0, 
  "iob": -0.010445061751292624, 
  "activity": 0.000706657936507937
}