{
  "bolusiob": 0, 
  "iob": -0.22008559710722223, 
  "activity": -0.002311869488536155
}