{
  "bolusiob": 0, 
  "iob": -0.25775937990065806, 
  "activity": -0.006924735185185183
}