{
  "bolusiob": 0, 
  "iob": 0.20777001504333337, 
  "activity": 0.005319373897707229
}