{
  "bolusiob": 0, 
  "iob": 1.232440161593639, 
  "activity": 0.014920167548500882
}