{
  "bolusiob": 0, 
  "iob": 0.40252074189888887, 
  "activity": 0.003979611992945325
}