{
  "bolusiob": 0, 
  "iob": 1.0750227056750001, 
  "activity": 0.013730952380952382
}