{
  "bolusiob": 0.001974121599999934, 
  "iob": 0.16680113483556133, 
  "activity": 0.005321322486772486
}