{
  "bolusiob": 1.43002383524, 
  "iob": 2.7301025189261705, 
  "activity": 0.01834319268077601
}