{
  "bolusiob": 0, 
  "iob": 0.057679742200555564, 
  "activity": 0.002781728395061728
}