{
  "bolusiob": 0, 
  "iob": -0.1345038299431111, 
  "activity": 0.001335996472663139
}