{
  "bolusiob": 0, 
  "iob": -0.38314659188949224, 
  "activity": -0.001382336984126984
}