{
  "bolusiob": 0, 
  "iob": 0.6835920902736807, 
  "activity": 0.00780842151675485
}