{
  "bolusiob": 0, 
  "iob": -0.059908119278762946, 
  "activity": 0.0020925153968253908
}