{
  "bolusiob": 0, 
  "iob": 0.30862839393706665, 
  "activity": 0.019721269964726628
}