{
  "bolusiob": 0, 
  "iob": 0.24368728007301893, 
  "activity": -0.0021946735449735423
}