{
  "bolusiob": 0, 
  "iob": 0.3137919847424657, 
  "activity": 0.006501851887125218
}