{
  "bolusiob": 0, 
  "iob": 1.080440837151111, 
  "activity": 0.01890398589065256
}