{
  "bolusiob": 0, 
  "iob": 0.6037183902110492, 
  "activity": 0.010449885273368606
}