{
  "bolusiob": 0, 
  "iob": -0.5682872997152517, 
  "activity": -0.006109338994708994
}