{
  "bolusiob": 0.07319524786666681, 
  "iob": 0.9883108870105557, 
  "activity": 0.024308324514991177
}