{
  "bolusiob": 0.51612013276, 
  "iob": 1.3524178504195665, 
  "activity": 0.009242866225749559
}