{
  "bolusiob": 0, 
  "iob": 0.7669358311708333, 
  "activity": 0.010555855379188711
}