{
  "bolusiob": 0.9405899148800001, 
  "iob": 1.2687823810839667, 
  "activity": 0.005352266190476189
}