{
  "bolusiob": 0.30285269716000013, 
  "iob": 1.0655967044380559, 
  "activity": 0.012892186948853612
}