{
  "bolusiob": 0, 
  "iob": 0.7828091285065448, 
  "activity": 0.0119942508994709
}