{
  "bolusiob": 0.59686019456, 
  "iob": 0.7950269317244445, 
  "activity": 0.0033345679012345675
}