{
  "bolusiob": 0.029901533240000014, 
  "iob": -0.05097362469772965, 
  "activity": 0.013609082627865957
}