{
  "bolusiob": 0, 
  "iob": -0.27553756664813556, 
  "activity": -0.005927609188712522
}