{
  "bolusiob": 0, 
  "iob": 0.7026486063505032, 
  "activity": 0.009206732451499115
}