{
  "bolusiob": 0, 
  "iob": -0.13737819641833332, 
  "activity": -0.0009640564373897705
}