{
  "bolusiob": 0.6919695089999999, 
  "iob": 2.416748074570626, 
  "activity": 0.024904709435626098
}