{
  "bolusiob": 0, 
  "iob": 0.48750130842105616, 
  "activity": 0.014115422028218682
}