{
  "bolusiob": 0.007172214266666699, 
  "iob": 0.7015698285115413, 
  "activity": 0.029164709259259264
}