{
  "bolusiob": 0, 
  "iob": -0.3316414177996346, 
  "activity": -0.006356490370370371
}