{
  "bolusiob": 0, 
  "iob": 0.5141318995822224, 
  "activity": 0.006246560846560844
}