{
  "bolusiob": 0, 
  "iob": 0.011870603766792796, 
  "activity": 0.0025144595767195767
}