{
  "bolusiob": 0, 
  "iob": 0.14813525313989154, 
  "activity": 0.004694285626102293
}