{
  "bolusiob": 0, 
  "iob": -0.11935532787638889, 
  "activity": 0.001615352733686067
}