{
  "bolusiob": 0, 
  "iob": 0.7831727574033334, 
  "activity": 0.005092081128747792
}