{
  "bolusiob": 0, 
  "iob": 0.1584715132620983, 
  "activity": 0.003133024603174603
}