{
  "bolusiob": 0, 
  "iob": 0.7969098275293056, 
  "activity": 0.015244400352733683
}