{
  "bolusiob": 0, 
  "iob": 0.008064077337222208, 
  "activity": 0.0001551675485008818
}