{
  "bolusiob": 0, 
  "iob": 0.36726395799086814, 
  "activity": 0.007981291887125217
}