{
  "bolusiob": 0, 
  "iob": -0.657306859453424, 
  "activity": -0.007712292927689592
}