{
  "bolusiob": 1.9175921986666669, 
  "iob": 2.417835199488889, 
  "activity": 0.014916578483245149
}