{
  "bolusiob": 0.599168888888889, 
  "iob": 0.6720913888888889, 
  "activity": 0.002160493827160493
}