{
  "bolusiob": 0, 
  "iob": 0.6382243766348612, 
  "activity": 0.002428660070546734
}