{
  "bolusiob": 0, 
  "iob": 0.8968571473490377, 
  "activity": 0.013416270088183416
}