{
  "bolusiob": 0.0072126553599999865, 
  "iob": 0.7982139683267558, 
  "activity": 0.012805748924162247
}