{
  "bolusiob": 0.9385291004266667, 
  "iob": 2.143637794999931, 
  "activity": 0.01802497354497354
}