{
  "bolusiob": 0, 
  "iob": -0.30852381858248773, 
  "activity": -0.0012285000352733684
}