{
  "bolusiob": 0.7472051517333334, 
  "iob": 1.5646144210313888, 
  "activity": 0.013395731922398586
}