{
  "bolusiob": 0.08211987093333334, 
  "iob": 0.5774963570015974, 
  "activity": 0.024125493827160487
}