{
  "bolusiob": 0, 
  "iob": 1.0921366378016666, 
  "activity": 0.013779805996472659
}