{
  "bolusiob": 0, 
  "iob": 0.9777224067903089, 
  "activity": 0.013642354744268077
}