{
  "bolusiob": 0, 
  "iob": -0.34642089004814075, 
  "activity": -0.003346745855379188
}