{
  "bolusiob": 0, 
  "iob": -0.016736880162050792, 
  "activity": -0.0013005730158730155
}