{
  "bolusiob": 0, 
  "iob": 0.36911429426513814, 
  "activity": 0.003572274691358023
}