{
  "bolusiob": 0, 
  "iob": 0.004375281437148125, 
  "activity": 0.0030190651675485007
}