{
  "bolusiob": 0, 
  "iob": 0.7186551740021541, 
  "activity": 0.005804568165784832
}