{
  "bolusiob": 0, 
  "iob": -0.3564667984416666, 
  "activity": 0.009715714285714286
}