{
  "bolusiob": 0, 
  "iob": 0.08643265462534633, 
  "activity": -0.001613921164021163
}