{
  "bolusiob": 0, 
  "iob": 0.6619980339344538, 
  "activity": 0.002566613668430335
}