{
  "bolusiob": 0, 
  "iob": -0.1761638927139221, 
  "activity": 0.005475308553791886
}