{
  "bolusiob": 0, 
  "iob": 0.9550781132039772, 
  "activity": 0.014128350705467366
}