{
  "bolusiob": 0, 
  "iob": -0.19729818979319447, 
  "activity": -0.0011282451499118164
}