{
  "bolusiob": 0.030101296866666516, 
  "iob": 1.4832964519822223, 
  "activity": 0.04246485008818341
}