{
  "bolusiob": 0, 
  "iob": 0.3897279820074351, 
  "activity": 0.005110317231040564
}