{
  "bolusiob": 1.8773359565688887, 
  "iob": 1.3135761119096605, 
  "activity": 0.002393350458553789
}