{
  "bolusiob": 0, 
  "iob": 0.7397483429937552, 
  "activity": 0.00546642894179894
}