{
  "bolusiob": 0, 
  "iob": 0.7012166031559937, 
  "activity": 0.005225317813051145
}