{
  "bolusiob": 0, 
  "iob": 1.0568458930149638, 
  "activity": 0.014162874514991177
}