{
  "bolusiob": 0, 
  "iob": -0.6495302382605808, 
  "activity": -0.0044826899647266326
}