{
  "bolusiob": 2.786427325795555, 
  "iob": 2.0749880412818884, 
  "activity": -0.0038408112874779533
}