{
  "bolusiob": 0, 
  "iob": -0.15633321873097578, 
  "activity": -0.009599602821869486
}