{
  "bolusiob": 1.2220265072844447, 
  "iob": 1.6387483657248836, 
  "activity": 0.007630405273368605
}