{
  "bolusiob": 0, 
  "iob": -0.2877318625004167, 
  "activity": -0.0033719135802469133
}