{
  "bolusiob": 0, 
  "iob": 0.5542752063772285, 
  "activity": 0.008846004938271604
}