{
  "bolusiob": 0, 
  "iob": 0.3210755823509446, 
  "activity": 0.007880335097001763
}