{
  "bolusiob": 0, 
  "iob": 0.5185695526303578, 
  "activity": 0.008014770670194004
}