{
  "bolusiob": 0, 
  "iob": 0.3402748137714684, 
  "activity": 0.002577437830687831
}