{
  "bolusiob": 0, 
  "iob": 0.02845899935053138, 
  "activity": 0.001120634656084656
}