{
  "bolusiob": 0.042426713000000074, 
  "iob": 1.1739124177211109, 
  "activity": 0.024479365079365073
}