{
  "bolusiob": 0, 
  "iob": 0.6620591590915651, 
  "activity": 0.007839658641975306
}