{
  "bolusiob": 0, 
  "iob": -0.25998685031677204, 
  "activity": -0.0036883567901234557
}