{
  "bolusiob": 0, 
  "iob": 0.7180114060177779, 
  "activity": 0.009950141093474424
}