{
  "bolusiob": 0, 
  "iob": -0.06468618898870163, 
  "activity": -0.0036718430335097012
}