{
  "bolusiob": 0.10922045566666674, 
  "iob": 2.5124194255199996, 
  "activity": 0.06168278659611993
}