{
  "bolusiob": 0, 
  "iob": 0.1323324561852464, 
  "activity": 0.01789387149911816
}