{
  "bolusiob": 0, 
  "iob": -0.18859316637922657, 
  "activity": -0.0006889507407407406
}