{
  "bolusiob": 0, 
  "iob": -0.20261603013498614, 
  "activity": -0.002480343915343915
}