{
  "bolusiob": 0, 
  "iob": 0.9841766532844733, 
  "activity": 0.024823518148148153
}