{
  "bolusiob": 0.9696653866666669, 
  "iob": 2.032331714822777, 
  "activity": 0.02288481481481481
}