{
  "bolusiob": 0, 
  "iob": 0.24356258733888891, 
  "activity": 0.005381499118165782
}