{
  "bolusiob": 0, 
  "iob": 0.6831083413181896, 
  "activity": 0.009136203350970014
}