{
  "bolusiob": 0, 
  "iob": 0.24761771918055558, 
  "activity": -0.00035850088183421485
}