{
  "bolusiob": 0.005998453760000012, 
  "iob": 0.3848529648771254, 
  "activity": 0.0059242770723104046
}