{
  "bolusiob": 0, 
  "iob": -0.32872914296506767, 
  "activity": -0.0003946382716049376
}