{
  "bolusiob": 0, 
  "iob": -0.10305281491486112, 
  "activity": -0.0010200440917107591
}