{
  "bolusiob": 0, 
  "iob": 0.4229146111966667, 
  "activity": 0.004782328042328041
}