{
  "bolusiob": 0, 
  "iob": -0.07524742520706047, 
  "activity": 0.0024556698941798952
}