{
  "bolusiob": 0, 
  "iob": -0.5595938695338768, 
  "activity": -0.0040462433686066996
}