{
  "bolusiob": 0, 
  "iob": 0.6754336525888889, 
  "activity": 0.01005828924162257
}