{
  "bolusiob": 0.06012773726666659, 
  "iob": 0.4378552172065976, 
  "activity": 0.022546481481481476
}