{
  "bolusiob": 0, 
  "iob": -0.28496291029777776, 
  "activity": -0.0010777777777777778
}