{
  "bolusiob": 0, 
  "iob": 0.04619888249577778, 
  "activity": -0.003389382716049381
}