{
  "bolusiob": 0, 
  "iob": 0.3379099519732639, 
  "activity": -0.0012403703703703702
}