{
  "bolusiob": 2.085526601066667, 
  "iob": 2.638587709191666, 
  "activity": 0.016365273368606704
}