{
  "bolusiob": 0.0003720704000000352, 
  "iob": 0.6531404238676526, 
  "activity": 0.013325044003527338
}