{
  "bolusiob": 0, 
  "iob": 0.12550276641533137, 
  "activity": 0.003163006878306877
}