{
  "bolusiob": 1.7621539716444445, 
  "iob": 1.8456089594810405, 
  "activity": 0.008599902486772485
}