{
  "bolusiob": 0, 
  "iob": 0.39733215936372224, 
  "activity": 0.00811927689594356
}