{
  "bolusiob": 0, 
  "iob": 0.09663268922722222, 
  "activity": 0.0002799382716049383
}