{
  "bolusiob": 0, 
  "iob": -0.5986545587287362, 
  "activity": -0.00670700176366843
}