{
  "bolusiob": 0.06560156317333335, 
  "iob": 1.3811408990172223, 
  "activity": 0.028063403880070538
}