{
  "bolusiob": 0, 
  "iob": -0.2490088161285425, 
  "activity": -0.0009084653439153436
}