{
  "bolusiob": 0, 
  "iob": -0.01333522868431198, 
  "activity": 0.002031825132275132
}