{
  "bolusiob": 0, 
  "iob": 0.459126696095, 
  "activity": 0.007628747795414462
}