{
  "bolusiob": 0, 
  "iob": 0.010151827424722211, 
  "activity": -0.0020032539682539687
}