{
  "bolusiob": 0.29995062284444446, 
  "iob": 0.8448608208533819, 
  "activity": 0.009508090828924162
}