{
  "bolusiob": 0, 
  "iob": 0.11359768832055564, 
  "activity": 0.0052102733686066995
}