{
  "bolusiob": 0, 
  "iob": -0.14571341133180557, 
  "activity": -0.005197116402116401
}