{
  "bolusiob": 0, 
  "iob": 0.5993868386337554, 
  "activity": 0.008976243509700173
}