{
  "bolusiob": 0.990514981471111, 
  "iob": 2.1266212812727088, 
  "activity": 0.01750282186948854
}