{
  "bolusiob": 0, 
  "iob": 0.3519520826422223, 
  "activity": 0.005517954144620811
}