{
  "bolusiob": 0, 
  "iob": 0.5804811208957639, 
  "activity": 0.002230873015873016
}