{
  "bolusiob": 0.7393320371822222, 
  "iob": 2.029623981456619, 
  "activity": 0.028460934832451493
}