{
  "bolusiob": 0, 
  "iob": -0.2392520288284659, 
  "activity": -0.006037821781305114
}