{
  "bolusiob": 0, 
  "iob": -0.2072152896755556, 
  "activity": -0.0006883862433862434
}