{
  "bolusiob": 0, 
  "iob": -0.4545163682165749, 
  "activity": -0.005919612239858907
}