{
  "bolusiob": 0, 
  "iob": -0.16637936713680557, 
  "activity": -0.0013128130511463844
}