{
  "bolusiob": 0, 
  "iob": -0.35121845834240506, 
  "activity": 0.008628394691358019
}