{
  "bolusiob": 0.5958964745155555, 
  "iob": 1.8440894838239519, 
  "activity": 0.02710442689594356
}