{
  "bolusiob": 0, 
  "iob": 0.7916914690477164, 
  "activity": 0.010540931040564373
}