{
  "bolusiob": 0, 
  "iob": -0.6000984799053334, 
  "activity": -0.0005241446208112856
}