{
  "bolusiob": 0, 
  "iob": 0.4467062208894792, 
  "activity": 0.0038059700176366843
}