{
  "bolusiob": 0.45249397760000004, 
  "iob": 1.1686225286704932, 
  "activity": 0.0026442682010581965
}