{
  "bolusiob": 0, 
  "iob": 0.45069719018077775, 
  "activity": 0.008914250440917103
}