{
  "bolusiob": 0, 
  "iob": 0.883535698327222, 
  "activity": 0.039268536155202816
}