{
  "bolusiob": 0, 
  "iob": -0.05669365674701741, 
  "activity": -0.0005266138447971771
}