{
  "bolusiob": 0, 
  "iob": 0.004267359009999963, 
  "activity": 0.0009798941798941788
}