{
  "bolusiob": 0, 
  "iob": 0.35565928890777776, 
  "activity": 0.006657319223985887
}