{
  "bolusiob": 0, 
  "iob": -0.558950153571316, 
  "activity": -0.0005491094708994713
}