{
  "bolusiob": 0, 
  "iob": -0.15122316410100944, 
  "activity": -0.002732584056437394
}