{
  "bolusiob": 0, 
  "iob": -0.3094058412044445, 
  "activity": -0.001841975308641975
}