{
  "bolusiob": 0, 
  "iob": 0.027353120674664687, 
  "activity": 0.0032571162786596062
}