{
  "bolusiob": 0, 
  "iob": 0.21950290290674998, 
  "activity": -0.001381463844797178
}