{
  "bolusiob": 0, 
  "iob": 0.5631417480039086, 
  "activity": 0.0053572840211640205
}