{
  "bolusiob": 0.002889358999999969, 
  "iob": 0.3967998390491859, 
  "activity": 0.005839823544973542
}