{
  "bolusiob": 0, 
  "iob": -0.16329878604546597, 
  "activity": -0.002474347354497354
}