{
  "bolusiob": 0, 
  "iob": 0.5857165766075235, 
  "activity": 0.00771641049382716
}