{
  "bolusiob": 0, 
  "iob": -0.17884447433593706, 
  "activity": -0.0016252115520282184
}