{
  "bolusiob": 0, 
  "iob": 0.3442595101045064, 
  "activity": 0.014099656172839507
}