{
  "bolusiob": 0.7950966283377778, 
  "iob": 0.7982605357511111, 
  "activity": 0.00041086419753086416
}