{
  "bolusiob": 0, 
  "iob": 0.9137171134118784, 
  "activity": 0.009778063386243383
}