{
  "bolusiob": 0, 
  "iob": 0.13931611827736112, 
  "activity": 0.0007627248677248679
}