{
  "bolusiob": 0, 
  "iob": 0.06595515620333332, 
  "activity": 0.0023585537918871247
}