{
  "bolusiob": 0, 
  "iob": -0.13055782015083334, 
  "activity": 0.0012407495590828924
}