{
  "bolusiob": 0.6776383742800001, 
  "iob": 1.809089282455, 
  "activity": 0.020389717813051145
}