{
  "bolusiob": 0, 
  "iob": 0.7788755445818174, 
  "activity": 0.009212830934744268
}