{
  "bolusiob": 0, 
  "iob": 0.21964255151374984, 
  "activity": 0.010584550264550255
}