{
  "bolusiob": 0, 
  "iob": -0.257840771680576, 
  "activity": -0.003527583686067019
}