{
  "bolusiob": 0, 
  "iob": 0.11421233749726295, 
  "activity": 0.00506435590828924
}