{
  "bolusiob": 0, 
  "iob": 0.50237521646, 
  "activity": 0.007225326278659612
}