{
  "bolusiob": 0, 
  "iob": 0.4363228658017956, 
  "activity": 0.00650531701940035
}