{
  "bolusiob": 0.4474830684133334, 
  "iob": 1.0271043858992088, 
  "activity": 0.008135344038800705
}