{
  "bolusiob": 1.0928613026044443, 
  "iob": 2.3227743546466666, 
  "activity": 0.02036123456790123
}