{
  "bolusiob": 0, 
  "iob": 0.6212455982751294, 
  "activity": 0.002331022998236333
}