{
  "bolusiob": 0, 
  "iob": -0.5663925210862385, 
  "activity": -0.00748455238095238
}