{
  "bolusiob": 0, 
  "iob": 0.36710073824, 
  "activity": 0.007792962962962961
}