{
  "bolusiob": 0, 
  "iob": 0.8007943124209136, 
  "activity": 0.009912313139329807
}