{
  "bolusiob": 0, 
  "iob": 0.3035925426656697, 
  "activity": 0.0010068078483245154
}