{
  "bolusiob": 0.06450523980000011, 
  "iob": 1.0695341885516665, 
  "activity": 0.018772654320987653
}