{
  "bolusiob": 0, 
  "iob": 1.0666936369425448, 
  "activity": 0.013356799047619043
}