{
  "bolusiob": 0, 
  "iob": 0.13271125196596453, 
  "activity": -0.000305643862433863
}