{
  "bolusiob": 0, 
  "iob": 0.708393665663, 
  "activity": 0.006305679012345679
}