{
  "bolusiob": 0, 
  "iob": -0.06900723694084324, 
  "activity": 0.004576825273368606
}