{
  "bolusiob": 0, 
  "iob": 0.2755568426566747, 
  "activity": 0.0033533859788359775
}