{
  "bolusiob": 1.2625924182400001, 
  "iob": 1.8853856222177785, 
  "activity": 0.018081446208112875
}