{
  "bolusiob": 0, 
  "iob": 0.5394363643888743, 
  "activity": 0.00732468278659612
}