{
  "bolusiob": 0, 
  "iob": 0.9811041963666666, 
  "activity": 0.01917102292768959
}