{
  "bolusiob": 0, 
  "iob": -0.03999590264411109, 
  "activity": 0.001337901234567901
}