{
  "bolusiob": 0, 
  "iob": 0.43576515309767366, 
  "activity": 0.00619645061728395
}