{
  "bolusiob": 0, 
  "iob": -0.3844049899936764, 
  "activity": -0.004193774074074076
}