{
  "bolusiob": 0.007973000000000008, 
  "iob": 0.3960595926411111, 
  "activity": 0.00701453262786596
}