{
  "bolusiob": 0, 
  "iob": -0.4961442681189723, 
  "activity": -0.006609179894179893
}