{
  "bolusiob": 0, 
  "iob": 0.6407274827770909, 
  "activity": 0.010080882328042324
}