{
  "bolusiob": 0, 
  "iob": 0.14161338886833336, 
  "activity": 0.0040334215167548496
}