{
  "bolusiob": 0, 
  "iob": 0.36495354550767983, 
  "activity": 0.0045546738447971745
}