{
  "bolusiob": 0, 
  "iob": 0.8116846660011666, 
  "activity": 0.008656419753086418
}