{
  "bolusiob": 0.24882268671999996, 
  "iob": 1.4231369423278484, 
  "activity": 0.012925029241622577
}