{
  "bolusiob": 0, 
  "iob": 0.28491697828956436, 
  "activity": 0.011727760264550255
}