{
  "bolusiob": 0, 
  "iob": 0.67526499258875, 
  "activity": 0.007541146384479717
}