{
  "bolusiob": 0, 
  "iob": -0.47002197122259126, 
  "activity": -0.006717274867724867
}