{
  "bolusiob": 0, 
  "iob": -0.050088236555, 
  "activity": -0.00016275132275132256
}