{
  "bolusiob": 0, 
  "iob": -0.19151530741779738, 
  "activity": -0.0002645062610229278
}