{
  "bolusiob": 0.44487509923999996, 
  "iob": 2.2416776864256143, 
  "activity": 0.028503827601410923
}