{
  "bolusiob": 0, 
  "iob": 1.1383627180487497, 
  "activity": 0.012854241622574954
}