{
  "bolusiob": 0, 
  "iob": 0.43402333759800016, 
  "activity": 0.007273333333333333
}