{
  "bolusiob": 0.9557421183333332, 
  "iob": 2.4304400383137503, 
  "activity": 0.023431649029982356
}