{
  "bolusiob": 0.049914506666666636, 
  "iob": 0.9950525159148095, 
  "activity": 0.030508042504409166
}