{
  "bolusiob": 0, 
  "iob": -0.18737487098297934, 
  "activity": -0.0051705201940035255
}