{
  "bolusiob": 0, 
  "iob": 0.7530536020645385, 
  "activity": 0.011082822857142856
}