{
  "bolusiob": 0, 
  "iob": -0.3846042663931085, 
  "activity": -0.0011252470017636682
}