{
  "bolusiob": 0.022152467626666696, 
  "iob": 0.8770168454828471, 
  "activity": 0.019617477954144622
}