{
  "bolusiob": 0, 
  "iob": -0.6865298637066399, 
  "activity": -0.007023774320987655
}