{
  "bolusiob": 0, 
  "iob": 0.08983120512422223, 
  "activity": 0.0036532980599647265
}