{
  "bolusiob": 0, 
  "iob": -0.5371081889147479, 
  "activity": -0.006578174338624337
}