{
  "bolusiob": 0, 
  "iob": -0.06777568474487802, 
  "activity": -0.001255819841269841
}