{
  "bolusiob": 0, 
  "iob": -0.26188836181679875, 
  "activity": -0.0001914862610229286
}