{
  "bolusiob": 0, 
  "iob": -0.25999879841484713, 
  "activity": -0.0019705643738977072
}