{
  "bolusiob": 0, 
  "iob": 1.104794725850969, 
  "activity": 0.012095061851851848
}