{
  "bolusiob": 0, 
  "iob": -0.4839452009920143, 
  "activity": -0.006451693156966489
}