{
  "bolusiob": 0, 
  "iob": 0.7409149589681016, 
  "activity": 0.0017659885361552025
}