{
  "bolusiob": 0, 
  "iob": 0.04160842238499999, 
  "activity": 0.0048449911816578475
}