{
  "bolusiob": 0, 
  "iob": 0.23115210681513879, 
  "activity": 0.004391296296296293
}