{
  "bolusiob": 0, 
  "iob": 0.7128619065053017, 
  "activity": 0.033626243474426804
}