{
  "bolusiob": 0, 
  "iob": 0.6878371687824948, 
  "activity": 0.012461543686067018
}