{
  "bolusiob": 0.34382571888, 
  "iob": 2.1784603608051056, 
  "activity": 0.035290404761904766
}