{
  "bolusiob": 0, 
  "iob": 0.6244385843848611, 
  "activity": 0.012336992945326277
}