{
  "bolusiob": 0, 
  "iob": 0.9539947966164447, 
  "activity": 0.008537768959435624
}