{
  "bolusiob": 0, 
  "iob": -0.3197977777517917, 
  "activity": -0.0036714550264550262
}