{
  "bolusiob": 0, 
  "iob": 0.1329590398723728, 
  "activity": -0.00434101389770723
}