{
  "bolusiob": 0, 
  "iob": 0.008433576788888626, 
  "activity": -2.8130511463852787e-05
}