{
  "bolusiob": 0, 
  "iob": -0.16433030743233706, 
  "activity": -0.001391208024691358
}