{
  "bolusiob": 0, 
  "iob": 0.09783341490722222, 
  "activity": 0.00021771604938271603
}