{
  "bolusiob": 0, 
  "iob": 0.8570542379730046, 
  "activity": 0.010241596931216934
}