{
  "bolusiob": 0, 
  "iob": 0.8799341622642961, 
  "activity": 0.009759470476190475
}