{
  "bolusiob": 0, 
  "iob": 0.05138228498112212, 
  "activity": -0.004585608342151676
}