{
  "bolusiob": 0, 
  "iob": 0.9516617898904897, 
  "activity": 0.017607535714285708
}