{
  "bolusiob": 4.0567056124444445, 
  "iob": 4.925437657115127, 
  "activity": 0.019525379453262784
}