{
  "bolusiob": 0, 
  "iob": -0.2150289528509126, 
  "activity": 0.0004272840388007056
}