{
  "bolusiob": 0, 
  "iob": -0.08244397561146305, 
  "activity": -0.0015217370370370366
}