{
  "bolusiob": 0, 
  "iob": 0.6148405655402961, 
  "activity": 0.004469779453262787
}