{
  "bolusiob": 0, 
  "iob": -0.40594778169008344, 
  "activity": -0.006181402116402114
}