{
  "bolusiob": 0, 
  "iob": -0.29744099646489586, 
  "activity": 0.00039479717813051057
}