{
  "bolusiob": 1.146825996866667, 
  "iob": 3.2490859854144443, 
  "activity": 0.037626455026455015
}