{
  "bolusiob": 0, 
  "iob": 0.09268268913121558, 
  "activity": 0.0023432716049382714
}