{
  "bolusiob": 0, 
  "iob": 0.4399408346329374, 
  "activity": 0.008389505820105819
}