{
  "bolusiob": 0, 
  "iob": 0.5140470046463157, 
  "activity": 0.008794320917107582
}