{
  "bolusiob": 0.5526008756666668, 
  "iob": 1.259565891761964, 
  "activity": 0.022773659823633156
}