{
  "bolusiob": 0, 
  "iob": 0.38239506805566575, 
  "activity": 0.007155098888888888
}