{
  "bolusiob": 1.1961501535822223, 
  "iob": 2.3614450805086498, 
  "activity": 0.012068327689594361
}