{
  "bolusiob": 0, 
  "iob": -0.08419972467581414, 
  "activity": -0.00012449717813051243
}