{
  "bolusiob": 0, 
  "iob": -0.03524111414448659, 
  "activity": -0.0003731659082892414
}