{
  "bolusiob": 0, 
  "iob": 0.6711774872644564, 
  "activity": 0.011069779911816575
}