{
  "bolusiob": 0, 
  "iob": -0.28848388434, 
  "activity": -0.0008860493827160493
}