{
  "bolusiob": 0, 
  "iob": -0.10466355637946906, 
  "activity": -0.006709426543209877
}