{
  "bolusiob": 0, 
  "iob": -0.19309793427636793, 
  "activity": 0.0001272630335096996
}