{
  "bolusiob": 0, 
  "iob": 0.13611381446223958, 
  "activity": -0.0002462256613756617
}