{
  "bolusiob": 0, 
  "iob": 0.12578324494415444, 
  "activity": 0.0007031684832451498
}