{
  "bolusiob": 0, 
  "iob": 0.12336467547920754, 
  "activity": 0.00011947486772486816
}