{
  "bolusiob": 0, 
  "iob": 0.14108863643103764, 
  "activity": -0.007964876190476193
}