{
  "bolusiob": 0, 
  "iob": 0.8499455688880555, 
  "activity": 0.010610229276895944
}