{
  "bolusiob": 0, 
  "iob": 0.014987363559222228, 
  "activity": 0.003530056437389771
}