{
  "bolusiob": 0, 
  "iob": 0.07155185142777758, 
  "activity": -0.001798253968253978
}