{
  "bolusiob": 0, 
  "iob": 0.40017392719248723, 
  "activity": 0.01000454181657848
}