{
  "bolusiob": 0, 
  "iob": 0.42782223716111123, 
  "activity": 0.0079960582010582
}