{
  "bolusiob": 0, 
  "iob": -0.11246814569455152, 
  "activity": -0.00014656075837742532
}