{
  "bolusiob": 0, 
  "iob": -0.05708108670591022, 
  "activity": -0.000542768694885361
}