{
  "bolusiob": 0, 
  "iob": 0.2592414080016667, 
  "activity": 0.007131613756613754
}