{
  "bolusiob": 0, 
  "iob": -0.24598642482444447, 
  "activity": -0.00037469135802469135
}