{
  "bolusiob": 0.9728612697600001, 
  "iob": 1.5758662192650001, 
  "activity": 0.009761534391534389
}