{
  "bolusiob": 0, 
  "iob": -0.15693802969912915, 
  "activity": -0.004225352469135803
}