{
  "bolusiob": 0, 
  "iob": -0.5321339983445162, 
  "activity": -0.0056001591005291
}