{
  "bolusiob": 0, 
  "iob": 0.2075509260883333, 
  "activity": -0.004433209876543208
}