{
  "bolusiob": 0, 
  "iob": 0.3085309012011917, 
  "activity": 0.0043595947266313936
}