{
  "bolusiob": 0, 
  "iob": 0.8955464292088166, 
  "activity": 0.010473721340388008
}