{
  "bolusiob": 0, 
  "iob": 0.7756966878757638, 
  "activity": 0.007512610229276895
}