{
  "bolusiob": 0, 
  "iob": -0.08699727108833333, 
  "activity": 0.0019848412698412698
}