{
  "bolusiob": 0, 
  "iob": -0.12773323303361112, 
  "activity": -0.0015330687830687833
}