{
  "bolusiob": 0, 
  "iob": -0.2610056323331811, 
  "activity": -0.006272098747795414
}