{
  "bolusiob": 0.37705220566666664, 
  "iob": 1.1310961180135068, 
  "activity": 0.01642499118165784
}