{
  "bolusiob": 0, 
  "iob": -0.37693066239303874, 
  "activity": -0.0005517458553791878
}