{
  "bolusiob": 0, 
  "iob": 0.4551810486866667, 
  "activity": 0.007954514991181657
}