{
  "bolusiob": 1.1253037531733334, 
  "iob": 0.7985993041705731, 
  "activity": -0.0052340649911816585
}