{
  "bolusiob": 0, 
  "iob": 0.861459544500417, 
  "activity": 0.008614047619047618
}