{
  "bolusiob": 0, 
  "iob": 0.12733200970224362, 
  "activity": 0.00018103192239858932
}