{
  "bolusiob": 0, 
  "iob": -0.24640535999654517, 
  "activity": -0.0005150357142857147
}