{
  "bolusiob": 0, 
  "iob": 0.09716072474114135, 
  "activity": 0.009791428447971783
}