{
  "bolusiob": 0, 
  "iob": 1.028191402229736, 
  "activity": 0.010424947089947088
}