{
  "bolusiob": 0, 
  "iob": 0.35119776115264434, 
  "activity": 0.005989140564373896
}