{
  "bolusiob": 0, 
  "iob": -0.008900975078124984, 
  "activity": -0.0006474867724867722
}