{
  "bolusiob": 0.808167944951111, 
  "iob": 2.046949554042778, 
  "activity": 0.0238158377425044
}