{
  "bolusiob": 1.710838588048889, 
  "iob": 2.844048320549851, 
  "activity": 0.024178659417989416
}