{
  "bolusiob": 0, 
  "iob": 0.2989153287922351, 
  "activity": 0.004975925696649029
}