{
  "bolusiob": 0, 
  "iob": 0.6030158250346529, 
  "activity": 0.004263924162257495
}