{
  "bolusiob": 0, 
  "iob": 0.8871798255005556, 
  "activity": 0.011175820105820104
}