{
  "bolusiob": 0, 
  "iob": 0.03287268172485979, 
  "activity": -0.002043930105820105
}