{
  "bolusiob": 0, 
  "iob": 0.028121574760091937, 
  "activity": -0.003139841005291005
}