{
  "bolusiob": 0, 
  "iob": -0.24922820440211732, 
  "activity": 7.641049382715954e-05
}