{
  "bolusiob": 2.5442063409777775, 
  "iob": 3.418438923682778, 
  "activity": 0.021109611992945324
}