{
  "bolusiob": 0, 
  "iob": -0.16872084213157895, 
  "activity": -0.005485053280423281
}