{
  "bolusiob": 0, 
  "iob": -0.3348092221994271, 
  "activity": 0.000873739065255732
}