{
  "bolusiob": 0, 
  "iob": -0.22383842633894455, 
  "activity": 0.004144647266313932
}