{
  "bolusiob": 0.963234750506667, 
  "iob": 2.0638580428366518, 
  "activity": 0.016986653880070545
}