{
  "bolusiob": 0.1763953311333334, 
  "iob": 0.6566814305448403, 
  "activity": 0.018611150793650787
}