{
  "bolusiob": 0, 
  "iob": -0.48037932420494706, 
  "activity": -0.005440961446208113
}