{
  "bolusiob": 0, 
  "iob": 0.06982953623000003, 
  "activity": 0.0024671957671957667
}