{
  "bolusiob": 0, 
  "iob": 0.0036658392866665284, 
  "activity": 0.002002821869488536
}