{
  "bolusiob": 0.63865787136, 
  "iob": 1.1124377841854303, 
  "activity": 0.007964876543209874
}