{
  "bolusiob": 0.43842687006222225, 
  "iob": 0.5802987967777777, 
  "activity": 0.0035251851851851837
}