{
  "bolusiob": 0.47085143153777786, 
  "iob": 0.7618771842777778, 
  "activity": 0.004339876543209876
}