{
  "bolusiob": 0, 
  "iob": 0.5722392305809029, 
  "activity": 0.007695370370370369
}