{
  "bolusiob": 0, 
  "iob": -0.18182103460959598, 
  "activity": -0.001609832363315696
}