{
  "bolusiob": 0, 
  "iob": -0.06343054070173618, 
  "activity": 0.002922710776014109
}