{
  "bolusiob": 0.06836615607999996, 
  "iob": 1.445858227863138, 
  "activity": 0.01695666329805996
}