{
  "bolusiob": 0, 
  "iob": -0.42581571298309134, 
  "activity": -0.0027456522927689583
}