{
  "bolusiob": 0, 
  "iob": 0.3877660560774959, 
  "activity": 0.0019894539682539674
}