{
  "bolusiob": 0, 
  "iob": -0.22848038005337237, 
  "activity": 0.0011937082892416215
}