{
  "bolusiob": 0, 
  "iob": 0.5507159723210344, 
  "activity": 0.007090687389770721
}