{
  "bolusiob": 0, 
  "iob": 0.44007221658199924, 
  "activity": 0.024089814444444434
}