{
  "bolusiob": 0, 
  "iob": -0.14016603268192437, 
  "activity": 0.0013795942328042319
}