{
  "bolusiob": 0, 
  "iob": -0.4235839215721457, 
  "activity": -0.006952045925925925
}