{
  "bolusiob": 0, 
  "iob": 0.10025220186675, 
  "activity": -0.002199700176366842
}