{
  "bolusiob": 0, 
  "iob": -0.18486538292980564, 
  "activity": -0.005163289241622574
}