{
  "bolusiob": 0, 
  "iob": 0.006538178588038998, 
  "activity": 0.001797763051146384
}