{
  "bolusiob": 0, 
  "iob": 0.05274535730166638, 
  "activity": 0.006588271604938271
}