{
  "bolusiob": 0, 
  "iob": -0.6720534330300072, 
  "activity": -0.005771578553791886
}