{
  "bolusiob": 0, 
  "iob": 0.49917578264218754, 
  "activity": 0.006866984126984125
}