{
  "bolusiob": 0, 
  "iob": -0.02483070109696893, 
  "activity": -0.00293026455026455
}