{
  "bolusiob": 0, 
  "iob": 0.4865030209533334, 
  "activity": 0.00824869488536155
}