{
  "bolusiob": 0, 
  "iob": 0.17700943304090738, 
  "activity": -0.0026987653439153434
}