{
  "bolusiob": 0, 
  "iob": 0.05131967018888889, 
  "activity": 0.002670123456790123
}