{
  "bolusiob": 0, 
  "iob": 0.027183751970996956, 
  "activity": -0.00036058183421516706
}