{
  "bolusiob": 0, 
  "iob": 0.2863508590803428, 
  "activity": 0.0023054584656084652
}