{
  "bolusiob": 1.22753591104, 
  "iob": 3.495805416046111, 
  "activity": 0.04313743386243385
}