{
  "bolusiob": 0.9920545338666666, 
  "iob": 3.1421201579077778, 
  "activity": 0.038511640211640205
}