{
  "bolusiob": 0, 
  "iob": 0.46168960603723364, 
  "activity": 0.022034267954144617
}