{
  "bolusiob": 0, 
  "iob": 0.128161168584447, 
  "activity": 0.0005247532627865962
}