{
  "bolusiob": 0, 
  "iob": 0.18530011449864298, 
  "activity": 0.009401402486772487
}