{
  "bolusiob": 0, 
  "iob": -0.7573155750418751, 
  "activity": 0.002415476190476186
}