{
  "bolusiob": 0, 
  "iob": -0.479924555292255, 
  "activity": -0.006089805908289243
}