{
  "bolusiob": 0.7781391921066665, 
  "iob": 0.7449897226952222, 
  "activity": 0.0024013650793650782
}