{
  "bolusiob": 0, 
  "iob": 0.11386209711972223, 
  "activity": 0.00056342151675485
}