{
  "bolusiob": 0, 
  "iob": 0.7497771953244978, 
  "activity": 0.009380274356261018
}