{
  "bolusiob": 0, 
  "iob": 0.8663784684559723, 
  "activity": 0.009206992945326276
}