{
  "bolusiob": 0, 
  "iob": -0.12440725185664822, 
  "activity": -0.001310502557319224
}