{
  "bolusiob": 0, 
  "iob": 0.5523644686745833, 
  "activity": 0.005635811287477954
}