{
  "bolusiob": 0, 
  "iob": 0.026942875221430573, 
  "activity": 0.0021543033509700167
}