{
  "bolusiob": 0, 
  "iob": 0.30733340478388893, 
  "activity": 0.004769770723104055
}