{
  "bolusiob": 0, 
  "iob": 0.7226164330930287, 
  "activity": 0.00910293758377425
}