{
  "bolusiob": 0, 
  "iob": 0.8550533333931112, 
  "activity": 0.00684895061728395
}