{
  "bolusiob": 0, 
  "iob": -0.3021103096749033, 
  "activity": -0.006189550246913579
}