{
  "bolusiob": 0, 
  "iob": 0.05446689302028294, 
  "activity": 0.0012327161375661378
}