{
  "bolusiob": 0, 
  "iob": 0.08752399597722223, 
  "activity": 0.0012771604938271593
}