{
  "bolusiob": 0, 
  "iob": -0.547617345249738, 
  "activity": -0.004447363227513227
}