{
  "bolusiob": 0, 
  "iob": -0.5907956105245834, 
  "activity": -0.0026225044091710754
}