{
  "bolusiob": 0, 
  "iob": 0.09217792265918913, 
  "activity": 0.0020837123456790116
}