{
  "bolusiob": 2.8975604171022225, 
  "iob": 3.197451650254167, 
  "activity": 0.00991995590828924
}