{
  "bolusiob": 0, 
  "iob": -0.13218658297427205, 
  "activity": -0.00010310388007054631
}