{
  "bolusiob": 0, 
  "iob": -0.33641803548273436, 
  "activity": -0.0020859306525573195
}