{
  "bolusiob": 0, 
  "iob": 0.4705998485701544, 
  "activity": 0.006780397072310405
}