{
  "bolusiob": 0, 
  "iob": -0.35547833716906746, 
  "activity": -0.004286481516754849
}