{
  "bolusiob": 0, 
  "iob": 0.8827525287697272, 
  "activity": 0.008683827372134039
}