{
  "bolusiob": 0, 
  "iob": -0.4364216485345833, 
  "activity": -0.0018938800705467361
}