{
  "bolusiob": 1.4733990670577777, 
  "iob": 1.6533071428237496, 
  "activity": 0.0027545943562610233
}