{
  "bolusiob": 1.2441843839288889, 
  "iob": 2.469078164945444, 
  "activity": 0.02527282195767196
}