{
  "bolusiob": 0, 
  "iob": -0.22310788935087378, 
  "activity": -0.002968809435626102
}