{
  "bolusiob": 0, 
  "iob": 0.8820277271708138, 
  "activity": 0.009004761640211637
}