{
  "bolusiob": 0, 
  "iob": -0.5325577213730502, 
  "activity": -0.007818013703703703
}