{
  "bolusiob": 0, 
  "iob": 0.7694502108845206, 
  "activity": 0.006278659682539681
}