{
  "bolusiob": 0, 
  "iob": 0.7555750212085252, 
  "activity": 0.008786631375661375
}