{
  "bolusiob": 0, 
  "iob": 0.3370886784402085, 
  "activity": 0.0024181393298059943
}