{
  "bolusiob": 0, 
  "iob": 0.7857978414683848, 
  "activity": 0.00956572340388007
}