{
  "bolusiob": 0, 
  "iob": -0.06212608246322049, 
  "activity": 0.006591552028218695
}