{
  "bolusiob": 0, 
  "iob": -0.08853341840608708, 
  "activity": -0.0027617283068783064
}