{
  "bolusiob": 0, 
  "iob": -0.28396874810435924, 
  "activity": -0.0014079944444444447
}