{
  "bolusiob": 0.07441472843999981, 
  "iob": 1.0203412104860958, 
  "activity": 0.027700744620811287
}