{
  "bolusiob": 0, 
  "iob": 0.8285427356661204, 
  "activity": 0.00832767241622575
}