{
  "bolusiob": 0, 
  "iob": 0.6985691314609723, 
  "activity": 0.005811887125220458
}