{
  "bolusiob": 0, 
  "iob": 0.7894854251973205, 
  "activity": 0.005061711128747793
}