{
  "bolusiob": 0, 
  "iob": -0.28003828085944443, 
  "activity": -0.0038342328042328035
}