{
  "bolusiob": 0, 
  "iob": 0.10159442742358166, 
  "activity": 0.00016532627865961262
}