{
  "bolusiob": 0.2611620916666667, 
  "iob": 1.0337017152380557, 
  "activity": 0.013267848324514988
}