{
  "bolusiob": 0, 
  "iob": 0.0683464501027778, 
  "activity": -0.00014788359788359774
}