{
  "bolusiob": 1.2385685022533337, 
  "iob": 2.995838974406952, 
  "activity": 0.029622530776014105
}