{
  "bolusiob": 0, 
  "iob": -0.2700114649413889, 
  "activity": -0.0017934215167548498
}