{
  "bolusiob": 0, 
  "iob": 0.9690815036433332, 
  "activity": 0.019625643738977065
}