{
  "bolusiob": 0, 
  "iob": 0.12377908306757418, 
  "activity": 2.6617724867724973e-05
}