{
  "bolusiob": 0, 
  "iob": 0.1869189893158334, 
  "activity": 0.003171984126984127
}