{
  "bolusiob": 0, 
  "iob": -0.011607160197493083, 
  "activity": 0.002534016754850088
}