{
  "bolusiob": 0, 
  "iob": 0.5465821431653889, 
  "activity": 0.007532010582010581
}