{
  "bolusiob": 0, 
  "iob": 0.20266300923990546, 
  "activity": 0.0019505113756613764
}