{
  "bolusiob": 0, 
  "iob": 0.5609389664835417, 
  "activity": 0.0028709435626102287
}