{
  "bolusiob": 0, 
  "iob": 0.7799174833591042, 
  "activity": 0.011466420123456795
}