{
  "bolusiob": 0, 
  "iob": 0.493882933767257, 
  "activity": 0.004183818342151674
}