{
  "bolusiob": 0, 
  "iob": -0.1714806296536111, 
  "activity": -0.002265537918871252
}