{
  "bolusiob": 0, 
  "iob": 0.13922187835150213, 
  "activity": 0.00346449680776014
}