{
  "bolusiob": 0, 
  "iob": 0.2928808829370139, 
  "activity": 0.015849268077601408
}