{
  "bolusiob": 0, 
  "iob": 1.1280038750257992, 
  "activity": 0.051496296031746026
}