{
  "bolusiob": 0, 
  "iob": -0.021405552195601474, 
  "activity": -0.002477619294532628
}