{
  "bolusiob": 0, 
  "iob": 0.738840250072639, 
  "activity": 0.01465427689594356
}