{
  "bolusiob": 0, 
  "iob": -0.2774992340274432, 
  "activity": 0.0013663080246913582
}