{
  "bolusiob": 0, 
  "iob": 0.4257918871716667, 
  "activity": 0.006074797178130512
}