{
  "bolusiob": 0, 
  "iob": 0.4797596040572223, 
  "activity": 0.011250776014109344
}