{
  "bolusiob": 0.04441054143999997, 
  "iob": 1.1331749295411109, 
  "activity": 0.022044938271604936
}