{
  "bolusiob": 0, 
  "iob": -0.09089291811749085, 
  "activity": 0.0004661550264550259
}