{
  "bolusiob": 1.189274476, 
  "iob": 2.0818091765340734, 
  "activity": 0.029722433950617272
}