{
  "bolusiob": -9.907456000015636e-05, 
  "iob": 0.8375423161312504, 
  "activity": 0.014005925925925916
}