{
  "bolusiob": 0, 
  "iob": -0.6469058306704167, 
  "activity": -0.004229603174603175
}