{
  "bolusiob": 0, 
  "iob": -0.30627608772261566, 
  "activity": -0.004476587283950616
}