{
  "bolusiob": 0, 
  "iob": -0.12215789882977779, 
  "activity": -0.002190978835978836
}