{
  "bolusiob": 0, 
  "iob": 0.8541540866525003, 
  "activity": 0.010499999999999999
}