{
  "bolusiob": 0, 
  "iob": 0.14973165269458333, 
  "activity": 2.263668430335096e-05
}