{
  "bolusiob": 0, 
  "iob": 0.2569226169093612, 
  "activity": 0.035220105432098775
}