{
  "bolusiob": 0.6232296700266667, 
  "iob": 1.887407279897778, 
  "activity": 0.023681393298059964
}