{
  "bolusiob": 0, 
  "iob": -0.2424945541106016, 
  "activity": -0.003342548130511464
}