{
  "bolusiob": 0.06920319874666664, 
  "iob": 0.84965057125864, 
  "activity": 0.007619144885361553
}