{
  "bolusiob": 1.4412285085333334, 
  "iob": 1.0697201926916666, 
  "activity": 0.0015640740740740736
}