{
  "bolusiob": 0, 
  "iob": 0.16154607856555556, 
  "activity": 0.005288465608465607
}