{
  "bolusiob": 0, 
  "iob": 0.19144995079888896, 
  "activity": 0.005420784832451496
}