{
  "bolusiob": 0, 
  "iob": 0.6019599653355366, 
  "activity": 0.005695076119929451
}