{
  "bolusiob": 0, 
  "iob": -0.06230921187899997, 
  "activity": 0.0074244444444444445
}