{
  "bolusiob": 0, 
  "iob": 0.6696532043257379, 
  "activity": 0.008714038536155202
}