{
  "bolusiob": 0, 
  "iob": -0.23779065901138893, 
  "activity": 0.00014297178130511472
}