{
  "bolusiob": 0, 
  "iob": 1.3682367826242938, 
  "activity": 0.02994523823633157
}