{
  "bolusiob": 0, 
  "iob": -0.018049459153125006, 
  "activity": -0.0010834656084656082
}