{
  "bolusiob": 0, 
  "iob": -0.4895351802965278, 
  "activity": -0.003745229276895943
}