{
  "bolusiob": 0, 
  "iob": 0.024431176629999975, 
  "activity": 0.003495820105820105
}