{
  "bolusiob": 0, 
  "iob": 0.15776191186222221, 
  "activity": 0.0009527865961199296
}