{
  "bolusiob": 0, 
  "iob": 0.37863619849208335, 
  "activity": 0.013216992945326274
}