{
  "bolusiob": 0, 
  "iob": 0.3902531743478333, 
  "activity": 0.0031754673721340384
}