{
  "bolusiob": 0, 
  "iob": -0.4961286614776071, 
  "activity": -0.0065276718694885355
}