{
  "bolusiob": 0, 
  "iob": -0.17563718086125, 
  "activity": -0.0011437654320987653
}