{
  "bolusiob": 0, 
  "iob": 0.40728293876722227, 
  "activity": 0.0027764902998236333
}