{
  "bolusiob": 0, 
  "iob": 0.2374343746624063, 
  "activity": 0.001719312257495591
}