{
  "bolusiob": 0, 
  "iob": 0.5238822362826707, 
  "activity": 0.008654585185185184
}