{
  "bolusiob": 0, 
  "iob": 0.7339693425141668, 
  "activity": 0.007845026455026455
}