{
  "bolusiob": 0, 
  "iob": 0.35190466300737255, 
  "activity": 0.0035868903880070546
}