{
  "bolusiob": 0, 
  "iob": -0.16388205768215972, 
  "activity": -0.0002651148148148151
}