{
  "bolusiob": 0, 
  "iob": 0.746849264275521, 
  "activity": 0.007557041446208113
}