{
  "bolusiob": 0, 
  "iob": 0.013055242939999961, 
  "activity": 0.001576190476190475
}