{
  "bolusiob": 0.0004739887199999737, 
  "iob": 0.5367925097570835, 
  "activity": 0.014777733686067017
}