{
  "bolusiob": 0, 
  "iob": -0.034282529125822234, 
  "activity": -0.0008978039682539683
}