{
  "bolusiob": 0, 
  "iob": 0.7485558721411111, 
  "activity": 0.005141710758377424
}