{
  "bolusiob": 0, 
  "iob": 0.5101771952060415, 
  "activity": 0.006628818253968253
}