{
  "bolusiob": 0.47091284363999997, 
  "iob": 1.1787417626296783, 
  "activity": 0.016421190352733685
}