{
  "bolusiob": 0, 
  "iob": 0.2217452950476389, 
  "activity": 0.0036608377425044088
}