{
  "bolusiob": 0, 
  "iob": 0.24040655163063582, 
  "activity": 0.003947366578483244
}