{
  "bolusiob": 0, 
  "iob": -0.044132793043392335, 
  "activity": -0.0016449115520282185
}