{
  "bolusiob": 0, 
  "iob": 0.7537984085503928, 
  "activity": 0.011293580617283949
}