{
  "bolusiob": 0, 
  "iob": -0.2427940870576738, 
  "activity": -0.0008551322751322757
}