{
  "bolusiob": 1.9394681708266668, 
  "iob": 3.0767421570568465, 
  "activity": 0.023939061887125208
}