{
  "bolusiob": 0, 
  "iob": -0.2611196142345695, 
  "activity": -0.0035845414462081122
}