{
  "bolusiob": 0, 
  "iob": -0.39128165958484723, 
  "activity": -0.006623421516754849
}