{
  "bolusiob": 0, 
  "iob": 0.5292289547513334, 
  "activity": 0.006768624338624338
}