{
  "bolusiob": 0.35040618160000003, 
  "iob": 0.8921059222293194, 
  "activity": 0.009398862433862433
}