{
  "bolusiob": 1.6425384039066668, 
  "iob": 3.15806930574878, 
  "activity": 0.023394979365079355
}