{
  "bolusiob": 0, 
  "iob": 0.09201670433798864, 
  "activity": -0.0004105737037037041
}