{
  "bolusiob": 0, 
  "iob": 0.1099801481398767, 
  "activity": 0.005854842328042327
}