{
  "bolusiob": 1.4892842045333334, 
  "iob": 1.7883153163205554, 
  "activity": 0.02879160493827159
}