{
  "bolusiob": 0, 
  "iob": -0.24724917089777781, 
  "activity": -0.0003560493827160494
}