{
  "bolusiob": 0, 
  "iob": -0.38170021872188503, 
  "activity": -0.0014883772839506173
}