{
  "bolusiob": 0, 
  "iob": -0.25291420797788466, 
  "activity": -0.0025610492063492065
}