{
  "bolusiob": 0, 
  "iob": 0.7469234343623803, 
  "activity": 0.011172446208112873
}