{
  "bolusiob": 0, 
  "iob": 0.5964202762018829, 
  "activity": 0.004626424779541444
}