{
  "bolusiob": 0, 
  "iob": -0.6277137130689463, 
  "activity": -0.005790952275132276
}