{
  "bolusiob": 0, 
  "iob": -0.24812904121145715, 
  "activity": -0.0017218253086419757
}