{
  "bolusiob": 0, 
  "iob": 0.7686425947550712, 
  "activity": 0.011235049735449735
}