{
  "bolusiob": 0.01917335456, 
  "iob": 0.5572638581000001, 
  "activity": 0.009078218694885362
}