{
  "bolusiob": 0, 
  "iob": 0.06082264236582238, 
  "activity": -0.004243694779541446
}