{
  "bolusiob": 0, 
  "iob": -0.17575915505194448, 
  "activity": -0.0032735097001763665
}