{
  "bolusiob": 0, 
  "iob": 0.5997715195556749, 
  "activity": 0.004635220634920636
}