{
  "bolusiob": 0, 
  "iob": 0.5129698836729675, 
  "activity": 0.002464764638447968
}