{
  "bolusiob": 0, 
  "iob": -0.5989146546888896, 
  "activity": -0.005832698412698411
}