{
  "bolusiob": 0, 
  "iob": 0.8490045278858961, 
  "activity": 0.0234969962962963
}