{
  "bolusiob": 0, 
  "iob": 0.5837864775757322, 
  "activity": 0.00540559991181658
}