{
  "bolusiob": 1.44282528208, 
  "iob": 2.6816020993379204, 
  "activity": 0.0243876528042328
}