{
  "bolusiob": 0, 
  "iob": -0.44191502321192155, 
  "activity": -0.004138417019400353
}