{
  "bolusiob": 0, 
  "iob": 0.029240991656666673, 
  "activity": 0.001273721340388007
}