{
  "bolusiob": 0, 
  "iob": -0.10145564167856312, 
  "activity": 0.001618397354497354
}