{
  "bolusiob": 0, 
  "iob": 1.0697162030083336, 
  "activity": 0.013763456790123455
}