{
  "bolusiob": 1.5813952537600002, 
  "iob": 1.7241300307646026, 
  "activity": 0.00018409142857142848
}