{
  "bolusiob": 0, 
  "iob": 0.09011131441, 
  "activity": 0.003026455026455025
}