{
  "bolusiob": 0.34060469194666676, 
  "iob": 1.1673307060977778, 
  "activity": 0.013663209876543209
}