{
  "bolusiob": 0, 
  "iob": -0.17848664895152777, 
  "activity": -0.003351525573192239
}