{
  "bolusiob": 0, 
  "iob": 0.9416189730570294, 
  "activity": 0.024628203174603167
}