{
  "bolusiob": 0.36081153311999997, 
  "iob": 1.3857525241194277, 
  "activity": 0.011022285855379189
}