{
  "bolusiob": 0.2654746948266667, 
  "iob": -0.2409111421879336, 
  "activity": -0.0038841713227513244
}