{
  "bolusiob": 1.3321412428800001, 
  "iob": 2.1165454394877785, 
  "activity": 0.017791798941798935
}