{
  "bolusiob": 0, 
  "iob": 0.5701228566317149, 
  "activity": 0.007062336772486771
}