{
  "bolusiob": 0.011863604133333316, 
  "iob": 0.34348553747472227, 
  "activity": 0.00840964726631393
}