{
  "bolusiob": 0, 
  "iob": 0.21442433567263894, 
  "activity": 0.0035748589065255727
}