{
  "bolusiob": 0, 
  "iob": 0.0777622339404562, 
  "activity": -0.005457163245149912
}