{
  "bolusiob": 0, 
  "iob": 0.7497278948404752, 
  "activity": 0.005378809894179893
}