{
  "bolusiob": 0.053016566066666715, 
  "iob": 0.7417294593188654, 
  "activity": 0.017242648024691352
}