{
  "bolusiob": 0, 
  "iob": -0.14900105715888892, 
  "activity": -0.0028091358024691353
}