{
  "bolusiob": 0, 
  "iob": 0.04630646454903687, 
  "activity": -0.001830971164021164
}