{
  "bolusiob": 0, 
  "iob": 0.8528831516678941, 
  "activity": 0.010844003633156966
}