{
  "bolusiob": 0, 
  "iob": 1.0720652092023608, 
  "activity": 0.011274629629629628
}