{
  "bolusiob": 0, 
  "iob": 0.09238063696444444, 
  "activity": 0.0014357495590828918
}