{
  "bolusiob": 0.22026616245333333, 
  "iob": 0.5545555399814838, 
  "activity": 0.003721993121693123
}