{
  "bolusiob": 0, 
  "iob": 0.03417706797407473, 
  "activity": -0.003840202328042327
}