{
  "bolusiob": 0.78858812416, 
  "iob": -0.014726599481770727, 
  "activity": 0.001809285714285712
}