{
  "bolusiob": 0, 
  "iob": -0.030101196323764165, 
  "activity": -0.0007169926807760133
}