{
  "bolusiob": 0, 
  "iob": 0.13786671300756947, 
  "activity": -0.0012384479717813045
}