{
  "bolusiob": 0, 
  "iob": 0.8405714106705555, 
  "activity": 0.010852063492063491
}