{
  "bolusiob": 0, 
  "iob": 0.8809889967916182, 
  "activity": 0.009640458465608459
}