{
  "bolusiob": 0, 
  "iob": 0.6791588381695637, 
  "activity": 0.005088551587301588
}