{
  "bolusiob": 0, 
  "iob": -0.11080884792424919, 
  "activity": -0.0006386065255731921
}