{
  "bolusiob": 0, 
  "iob": -0.26475377558167934, 
  "activity": -0.00286268950617284
}