{
  "bolusiob": 0.8021998974222222, 
  "iob": 1.1559435416716668, 
  "activity": 0.005194259259259259
}