{
  "bolusiob": 0, 
  "iob": -0.26663893558942153, 
  "activity": -0.0028005378306878302
}