{
  "bolusiob": 0, 
  "iob": 0.5678493491177777, 
  "activity": 0.005580388007054673
}