{
  "bolusiob": 0, 
  "iob": -0.03202776349777788, 
  "activity": 0.01029758377425044
}