{
  "bolusiob": 0.2677374291199999, 
  "iob": 1.6641935342493892, 
  "activity": 0.028191675485008814
}