{
  "bolusiob": 0, 
  "iob": -0.6934604668979387, 
  "activity": -0.005945590582010581
}