{
  "bolusiob": 0.40327062873333336, 
  "iob": 1.4571258052679077, 
  "activity": 0.028195890388007055
}