{
  "bolusiob": 0, 
  "iob": 0.5515601413575834, 
  "activity": 0.004587345802469136
}