{
  "bolusiob": 0, 
  "iob": 0.44373194825530105, 
  "activity": 0.006676093721340386
}