{
  "bolusiob": 0, 
  "iob": 0.12022486899889115, 
  "activity": -0.00034970458553791904
}