{
  "bolusiob": 0, 
  "iob": -0.33792108244041674, 
  "activity": -0.00324705467372134
}