{
  "bolusiob": 0, 
  "iob": 0.5446240654294566, 
  "activity": 0.008288209999999997
}