{
  "bolusiob": 0, 
  "iob": -0.8755136545664536, 
  "activity": -0.00016089065255732682
}