{
  "bolusiob": 0, 
  "iob": 0.06727004330500189, 
  "activity": -0.0042885979188712516
}