{
  "bolusiob": 0, 
  "iob": 0.02819666918535748, 
  "activity": 0.004487169135802468
}