{
  "bolusiob": 0, 
  "iob": 0.2020848607335084, 
  "activity": 0.0034635068783068776
}