{
  "bolusiob": 0, 
  "iob": 0.24948428771189787, 
  "activity": 0.0010689681305114634
}