{
  "bolusiob": 0, 
  "iob": 0.8915333059281945, 
  "activity": 0.00941801587301587
}