{
  "bolusiob": 0, 
  "iob": 0.18815916763383883, 
  "activity": 0.0004674075308641982
}