{
  "bolusiob": 0, 
  "iob": -0.6609822922327088, 
  "activity": -0.00740531770723104
}