{
  "bolusiob": 0, 
  "iob": 0.6869153751718895, 
  "activity": 0.0038151319223985883
}