{
  "bolusiob": 0, 
  "iob": 0.3023961483049151, 
  "activity": 0.005938413456790123
}