{
  "bolusiob": 0, 
  "iob": 0.15301554768869485, 
  "activity": 0.002916851763668427
}