{
  "bolusiob": 0.4772398583333333, 
  "iob": 2.253228972620227, 
  "activity": 0.021619124514991185
}