{
  "bolusiob": 2.3583797733333336, 
  "iob": 4.37556479481644, 
  "activity": 0.03395273395061728
}