{
  "bolusiob": 0, 
  "iob": -0.02745514567472223, 
  "activity": -0.0015104761904761906
}