{
  "bolusiob": 0, 
  "iob": 0.6132840475672223, 
  "activity": 0.003977081128747795
}