{
  "bolusiob": 0, 
  "iob": -0.4332023768291667, 
  "activity": -0.0007527954144620817
}