{
  "bolusiob": 0, 
  "iob": -0.18754316152151104, 
  "activity": 0.002327689470899471
}