{
  "bolusiob": 0, 
  "iob": 0.25237696787654146, 
  "activity": 0.004934894179894176
}