{
  "bolusiob": 0, 
  "iob": -0.06818020794784699, 
  "activity": 0.009850361552028212
}