{
  "bolusiob": 0, 
  "iob": 0.4150612878536168, 
  "activity": 0.0069995944620811264
}