{
  "bolusiob": 3.8049500986711107, 
  "iob": 4.119688948245086, 
  "activity": 0.014375511587301586
}