{
  "bolusiob": 0, 
  "iob": 0.41617170636292744, 
  "activity": 0.0068823631393298045
}