{
  "bolusiob": 0, 
  "iob": 0.3097716491218051, 
  "activity": 0.0054178663315696644
}