{
  "bolusiob": 0, 
  "iob": -0.28690159873638893, 
  "activity": -0.002260546737213403
}