{
  "bolusiob": 0, 
  "iob": -0.371877421349494, 
  "activity": -0.005924815185185185
}