{
  "bolusiob": 0, 
  "iob": -0.5702677831928805, 
  "activity": -0.0032195503880070534
}