{
  "bolusiob": 0, 
  "iob": 0.3400441222633333, 
  "activity": 0.0055142151675485
}