{
  "bolusiob": 0.26315717120000004, 
  "iob": 0.7780642821041668, 
  "activity": 0.009917389770723099
}