{
  "bolusiob": 0, 
  "iob": -0.5565351957657778, 
  "activity": -0.005570220458553791
}