{
  "bolusiob": 0, 
  "iob": -0.46221455425872465, 
  "activity": -0.007343648412698411
}