{
  "bolusiob": 0.11130306291999986, 
  "iob": 1.323898272759444, 
  "activity": 0.0249863139329806
}