{
  "bolusiob": 0, 
  "iob": 0.6563086393729723, 
  "activity": 0.006840361552028216
}