{
  "bolusiob": 0, 
  "iob": 0.8319634441890315, 
  "activity": 0.009852133950617285
}