{
  "bolusiob": 0, 
  "iob": 0.8625545266924454, 
  "activity": 0.011656322892416226
}