{
  "bolusiob": 0, 
  "iob": -0.35089517680671667, 
  "activity": -0.002129162751322751
}