{
  "bolusiob": 0, 
  "iob": 0.359390127426809, 
  "activity": 0.007368885185185185
}