{
  "bolusiob": 1.3701681328, 
  "iob": 1.8434664791687687, 
  "activity": 0.006530998800705466
}