{
  "bolusiob": 1.666195288888889, 
  "iob": 1.278901375993328, 
  "activity": 0.0026110753262786578
}