{
  "bolusiob": 0, 
  "iob": 0.5305851222744583, 
  "activity": 0.005271465308641974
}