{
  "bolusiob": 0, 
  "iob": -0.43632514821088275, 
  "activity": -0.005774281128747795
}