{
  "bolusiob": 0, 
  "iob": 1.1615673850685, 
  "activity": 0.009359171075837742
}