{
  "bolusiob": 0, 
  "iob": -0.003443327609999991, 
  "activity": -0.000341269841269841
}