{
  "bolusiob": 0, 
  "iob": -0.06861731567611117, 
  "activity": -0.0022576631393298055
}