{
  "bolusiob": 0.9512052762488887, 
  "iob": 1.7922885286047463, 
  "activity": 0.014543050881834212
}