{
  "bolusiob": 0.008150629199999981, 
  "iob": 0.81587613262, 
  "activity": 0.008689506172839503
}