{
  "bolusiob": 0, 
  "iob": -0.22138724532837054, 
  "activity": -0.0029602200881834223
}