{
  "bolusiob": 0.40810424702666664, 
  "iob": 0.9837092391109723, 
  "activity": 0.008603765432098764
}