{
  "bolusiob": 0, 
  "iob": -0.17493090506301195, 
  "activity": -0.003690423104056437
}