{
  "bolusiob": 0, 
  "iob": 0.5128947216466667, 
  "activity": 0.003397195767195767
}