{
  "bolusiob": 0, 
  "iob": 0.06478114029900486, 
  "activity": -0.004447840158730159
}