{
  "bolusiob": 0, 
  "iob": 0.7195899915087848, 
  "activity": 0.008150207231040563
}