{
  "bolusiob": 0, 
  "iob": -0.0464455818647603, 
  "activity": 0.0030358027336860674
}