{
  "bolusiob": 0, 
  "iob": -0.06702336637826857, 
  "activity": 0.000761754462081128
}