{
  "bolusiob": 0, 
  "iob": 0.022435661148332953, 
  "activity": 0.006681587301587297
}