{
  "bolusiob": 0, 
  "iob": 0.16650390964310688, 
  "activity": 0.004512389506172839
}