{
  "bolusiob": 0, 
  "iob": -0.5608255241943056, 
  "activity": -0.0049953703703703705
}