{
  "bolusiob": 0, 
  "iob": -0.2378986247248204, 
  "activity": -0.003518941710758377
}