{
  "bolusiob": 0, 
  "iob": 0.39571029720566664, 
  "activity": 0.007722654320987651
}