{
  "bolusiob": 0, 
  "iob": 0.013237679049722222, 
  "activity": 0.0026391887125220455
}