{
  "bolusiob": 0, 
  "iob": 0.22291669434409522, 
  "activity": 0.005627371781305114
}