{
  "bolusiob": 0, 
  "iob": -0.017068435325972225, 
  "activity": -0.002472019400352734
}