{
  "bolusiob": 0, 
  "iob": 0.12039622959699184, 
  "activity": 6.73634038800706e-05
}