{
  "bolusiob": 0, 
  "iob": 0.27100156107016454, 
  "activity": 0.001323527548500882
}