{
  "bolusiob": 0, 
  "iob": 0.834671171027622, 
  "activity": 0.010562302398589058
}