{
  "bolusiob": 0, 
  "iob": -0.24272984373040288, 
  "activity": -0.0021599118165784824
}