{
  "bolusiob": 0, 
  "iob": -0.5190501497484213, 
  "activity": -0.005926604761904762
}