{
  "bolusiob": 0, 
  "iob": 0.40129620849180847, 
  "activity": 0.005713139700176366
}