{
  "bolusiob": 0, 
  "iob": 0.6908312570796561, 
  "activity": 0.008739421252204583
}