{
  "bolusiob": 0, 
  "iob": -0.4084459903661645, 
  "activity": 0.003992198871252202
}