{
  "bolusiob": 0, 
  "iob": 0.731618048883262, 
  "activity": 0.008936772751322748
}