{
  "bolusiob": 0, 
  "iob": 0.1097100011511111, 
  "activity": -0.002162292768959436
}