{
  "bolusiob": 0, 
  "iob": 0.3269609691064168, 
  "activity": 0.005328280423280422
}