{
  "bolusiob": 0, 
  "iob": -0.1612577633283393, 
  "activity": -0.004942671869488534
}