{
  "bolusiob": 0, 
  "iob": 0.01639593152666667, 
  "activity": 0.0017440917107583765
}