{
  "bolusiob": 0, 
  "iob": 0.15180099758785, 
  "activity": 0.006320546014109345
}