{
  "bolusiob": 0, 
  "iob": -0.3598097373354167, 
  "activity": -0.003177522045855379
}