{
  "bolusiob": 0, 
  "iob": 0.695499256848702, 
  "activity": 0.00875502661375661
}