{
  "bolusiob": 0, 
  "iob": 0.31453369203609405, 
  "activity": 0.0007065168430335095
}