{
  "bolusiob": 0, 
  "iob": 0.21019256349597226, 
  "activity": 0.002773377425044091
}