{
  "bolusiob": 0, 
  "iob": 0.66785399182358, 
  "activity": 0.012281525820105818
}