{
  "bolusiob": 0, 
  "iob": -0.9086528428116667, 
  "activity": -0.009487151675485006
}