{
  "bolusiob": 0, 
  "iob": 0.3175426915432274, 
  "activity": 0.004260617654320987
}