{
  "bolusiob": 0, 
  "iob": -0.4255732533154167, 
  "activity": -0.0030220370370370375
}