{
  "bolusiob": 0, 
  "iob": 0.028046960121666742, 
  "activity": 0.011640652557319218
}