{
  "bolusiob": 0, 
  "iob": 0.00028164009122701866, 
  "activity": 0.02396485818342151
}