{
  "bolusiob": 0, 
  "iob": -0.33094845094991665, 
  "activity": -0.0029459171075837736
}