{
  "bolusiob": 1.4029231328711111, 
  "iob": 1.2557588470798744, 
  "activity": 0.0030950352733686063
}