{
  "bolusiob": 0, 
  "iob": -0.3259070336395278, 
  "activity": -0.0012785449735449735
}