{
  "bolusiob": 0, 
  "iob": -0.04176443164808005, 
  "activity": -0.0030217989417989414
}