{
  "bolusiob": 0.8959730850400001, 
  "iob": 2.8092619084593538, 
  "activity": 0.0343631127865961
}