{
  "bolusiob": 0, 
  "iob": 0.09349530534277778, 
  "activity": 0.0015682539682539676
}