{
  "bolusiob": 0, 
  "iob": 0.5221105690264387, 
  "activity": 0.007476746296296295
}