{
  "bolusiob": 0, 
  "iob": 0.41024043302578184, 
  "activity": 0.0010120547619047622
}