{
  "bolusiob": 0, 
  "iob": 0.4569029423694568, 
  "activity": 0.007023906507936507
}