{
  "bolusiob": 0, 
  "iob": 0.4248508567644446, 
  "activity": 0.031098359788359786
}