{
  "bolusiob": 0, 
  "iob": 0.32552105423, 
  "activity": 0.005029029982363315
}