{
  "bolusiob": 0, 
  "iob": 0.10544762660830803, 
  "activity": 0.0015461402645502655
}