{
  "bolusiob": 0, 
  "iob": 0.017443704501666674, 
  "activity": 0.0009078483245149912
}