{
  "bolusiob": 0, 
  "iob": 1.0906935582567878, 
  "activity": 0.011523924074074073
}