{
  "bolusiob": 0, 
  "iob": 0.3405001980114444, 
  "activity": -0.0007670017636684295
}