{
  "bolusiob": 0, 
  "iob": 0.7983914042557023, 
  "activity": 0.010274902892416223
}