{
  "bolusiob": 0, 
  "iob": 0.7843444374818522, 
  "activity": 0.0068846299294532615
}