{
  "bolusiob": 0.15024105860000003, 
  "iob": 0.420316104554278, 
  "activity": 0.00625335070546737
}