{
  "bolusiob": 0, 
  "iob": 0.09819022647659999, 
  "activity": 0.0009300176366843036
}