{
  "bolusiob": 0, 
  "iob": -0.189422595921993, 
  "activity": -0.0004866520282186948
}