{
  "bolusiob": 0, 
  "iob": 0.8918650337236111, 
  "activity": 0.010809647266313935
}