{
  "bolusiob": 0, 
  "iob": 0.5965606398131926, 
  "activity": 0.008810308553791881
}