{
  "bolusiob": 0, 
  "iob": -0.1596241531163893, 
  "activity": 0.007504312169312167
}