{
  "bolusiob": 0, 
  "iob": 0.159594507475, 
  "activity": 0.0019689506172839506
}