{
  "bolusiob": 3.0831332504, 
  "iob": 3.9916609659048947, 
  "activity": 0.01799009703703703
}