{
  "bolusiob": 0, 
  "iob": -0.13003942568694446, 
  "activity": -0.0023430511463844793
}