{
  "bolusiob": 0, 
  "iob": 0.5208202766294926, 
  "activity": 0.01895627883597883
}