{
  "bolusiob": 0, 
  "iob": 0.3153105521815661, 
  "activity": 0.0006978344797178127
}