{
  "bolusiob": 0, 
  "iob": 0.4942955705872223, 
  "activity": 0.007754761904761904
}