{
  "bolusiob": 0, 
  "iob": 0.5188540950492807, 
  "activity": 0.009108836014109351
}