{
  "bolusiob": 0, 
  "iob": 0.4840848127384167, 
  "activity": 0.006253888888888889
}