{
  "bolusiob": 0, 
  "iob": 0.11615195918500004, 
  "activity": 0.0003735626102292771
}