{
  "bolusiob": 0, 
  "iob": -0.5094852837955139, 
  "activity": -0.005830453968253966
}