{
  "bolusiob": 0, 
  "iob": -0.020974728155972237, 
  "activity": -0.0012685097001763667
}