{
  "bolusiob": 0, 
  "iob": 0.8861992984085973, 
  "activity": 0.009483289947089945
}