{
  "bolusiob": 0.07304299460000002, 
  "iob": 0.9751600353437335, 
  "activity": 0.011850617195767195
}