{
  "bolusiob": 0, 
  "iob": -0.47304230523877466, 
  "activity": -0.006035925749559082
}