{
  "bolusiob": 0, 
  "iob": 0.10971025389720893, 
  "activity": 0.0003674866490299825
}