{
  "bolusiob": 0.6114080578844445, 
  "iob": 0.4868817468390107, 
  "activity": -0.0025331393650793645
}