{
  "bolusiob": 0, 
  "iob": 0.16064386779964915, 
  "activity": 0.006733271428571427
}