{
  "bolusiob": 0, 
  "iob": -0.04262665068423359, 
  "activity": -0.00218818315696649
}