{
  "bolusiob": 0, 
  "iob": 0.5136454223055027, 
  "activity": 0.007619991181657845
}