{
  "bolusiob": 0, 
  "iob": 1.0792900342960134, 
  "activity": 0.014150899206349203
}