{
  "bolusiob": 0, 
  "iob": -0.15803853181353836, 
  "activity": -0.005696525414462083
}