{
  "bolusiob": 0, 
  "iob": -0.5228353284413334, 
  "activity": -0.0057809788359788365
}