{
  "bolusiob": 0, 
  "iob": -0.23898934478798614, 
  "activity": 0.0016392151675484986
}