{
  "bolusiob": 0, 
  "iob": -0.0927557233188889, 
  "activity": -0.0013370723104056436
}