{
  "bolusiob": 0, 
  "iob": -0.020855652303195478, 
  "activity": 0.0020959434391534383
}