{
  "bolusiob": 0, 
  "iob": -0.010123974440770907, 
  "activity": 0.002965202821869488
}