{
  "bolusiob": 0, 
  "iob": 0.3000980097528683, 
  "activity": 0.0023413557848324515
}