{
  "bolusiob": 0, 
  "iob": 0.6551883611403166, 
  "activity": -0.00043609790123456764
}