{
  "bolusiob": 0, 
  "iob": 0.8192586559883335, 
  "activity": 0.013853209876543206
}