{
  "bolusiob": 0, 
  "iob": 0.5371474959253956, 
  "activity": -0.0015645976014109341
}