{
  "bolusiob": 0.0014423701333332595, 
  "iob": 1.1642566735276172, 
  "activity": 0.027565132363315686
}