{
  "bolusiob": 0, 
  "iob": 0.5778617138288887, 
  "activity": 0.005729594356261021
}