{
  "bolusiob": 0, 
  "iob": 0.22108009565311026, 
  "activity": 0.007441534126984126
}