{
  "bolusiob": 0, 
  "iob": -0.031017231536321764, 
  "activity": 0.0043586595238095235
}