{
  "bolusiob": 0, 
  "iob": 0.08510900214693756, 
  "activity": 0.0015761901763668422
}