{
  "bolusiob": 0.0017648799999999687, 
  "iob": 0.418574083312222, 
  "activity": 0.015667742504409162
}