{
  "bolusiob": 0, 
  "iob": -0.2965362753412164, 
  "activity": -0.003972006701940035
}