{
  "bolusiob": 0, 
  "iob": 0.39751548041534057, 
  "activity": 0.003560005343915343
}