{
  "bolusiob": 0, 
  "iob": 0.6909548268580542, 
  "activity": 0.009992169682539681
}