{
  "bolusiob": 0, 
  "iob": -0.522155261750328, 
  "activity": -0.00219160229276896
}