{
  "bolusiob": 1.11172092768, 
  "iob": 1.7042904812985804, 
  "activity": 0.007709750352733687
}