{
  "bolusiob": 0, 
  "iob": -0.22784576449351585, 
  "activity": -0.0023982273368606693
}