{
  "bolusiob": 0, 
  "iob": 0.3526368909656925, 
  "activity": 0.005349370035273366
}