{
  "bolusiob": 0, 
  "iob": 0.0677329173932433, 
  "activity": 0.0009170235449735447
}