{
  "bolusiob": 0, 
  "iob": 0.6921645740646667, 
  "activity": 0.009836402116402116
}