{
  "bolusiob": 0, 
  "iob": 0.41651505451778714, 
  "activity": 0.008650683245149908
}