{
  "bolusiob": 0, 
  "iob": 0.14197608568222225, 
  "activity": 0.003031798941798942
}