{
  "bolusiob": 0.37974774684444446, 
  "iob": 0.5332745672883332, 
  "activity": 0.0006475308641975305
}