{
  "bolusiob": 0, 
  "iob": 0.26975725386736105, 
  "activity": 0.004057363315696646
}