{
  "bolusiob": 0, 
  "iob": 0.9446930341420455, 
  "activity": 0.011581067160493825
}