{
  "bolusiob": 0, 
  "iob": 0.2568866236081942, 
  "activity": 0.012331358024691352
}