{
  "bolusiob": 0, 
  "iob": 0.16628981100913415, 
  "activity": -0.0017295411111111095
}