{
  "bolusiob": 0, 
  "iob": -0.25676819820979163, 
  "activity": -0.0029486596119929448
}