{
  "bolusiob": 0, 
  "iob": 0.16717539922188793, 
  "activity": 0.007843862151675485
}