{
  "bolusiob": 0, 
  "iob": -0.2341297495854028, 
  "activity": -0.002222804232804232
}