{
  "bolusiob": 0.7142099078400003, 
  "iob": 1.694556140367361, 
  "activity": 0.020276022927689593
}