{
  "bolusiob": 0, 
  "iob": 0.24676918631692252, 
  "activity": -0.0019385359788359788
}