{
  "bolusiob": 1.6727272701155556, 
  "iob": 1.7913192166893483, 
  "activity": 0.007509376102292769
}