{
  "bolusiob": 0, 
  "iob": -0.5281447006549997, 
  "activity": -0.00701686067019401
}