{
  "bolusiob": 0, 
  "iob": 0.36856053375798115, 
  "activity": 0.007935458483245146
}