{
  "bolusiob": 0, 
  "iob": -0.33379381469627967, 
  "activity": -0.0033077425925925924
}