{
  "bolusiob": 0, 
  "iob": 0.7084041443839167, 
  "activity": 0.013781014109347439
}