{
  "bolusiob": 0, 
  "iob": -0.1394760625286111, 
  "activity": -0.0024559788359788354
}