{
  "bolusiob": 0, 
  "iob": -0.15483968002462137, 
  "activity": -0.00037409144620811246
}