{
  "bolusiob": 0, 
  "iob": 0.5113594623677779, 
  "activity": 0.005554091710758376
}