{
  "bolusiob": 0.00841738874666662, 
  "iob": 0.4347644346523235, 
  "activity": 0.0015752128924162276
}