{
  "bolusiob": 0, 
  "iob": -0.18181440240680322, 
  "activity": -7.987636684303321e-05
}