{
  "bolusiob": 0, 
  "iob": 0.23705193636116667, 
  "activity": 0.008367442680776015
}