{
  "bolusiob": 0, 
  "iob": 0.6133281818960366, 
  "activity": 0.03152945335097002
}