{
  "bolusiob": 0, 
  "iob": 0.2874166119201524, 
  "activity": 0.009530175643738979
}