{
  "bolusiob": 0, 
  "iob": 0.6128981526653889, 
  "activity": 0.006801093474426806
}