{
  "bolusiob": 0, 
  "iob": -0.429091858090788, 
  "activity": -0.005082831022927688
}