{
  "bolusiob": 0, 
  "iob": -0.3721369372094044, 
  "activity": -0.002220441040564374
}