{
  "bolusiob": 0, 
  "iob": 1.2703057699569724, 
  "activity": 0.014511719576719576
}