{
  "bolusiob": 0, 
  "iob": 0.19870206826597223, 
  "activity": -0.0022745326278659607
}