{
  "bolusiob": 0, 
  "iob": -0.49845374633547235, 
  "activity": -0.003585352557319223
}