{
  "bolusiob": 1.5900316559822225, 
  "iob": 3.849491759209549, 
  "activity": 0.036334853650793635
}