{
  "bolusiob": 0, 
  "iob": 0.9704487659764447, 
  "activity": 0.008985282186948855
}