{
  "bolusiob": 0, 
  "iob": -0.4433513311466297, 
  "activity": -0.003995581992945326
}