{
  "bolusiob": 0, 
  "iob": 0.5770550709053068, 
  "activity": 0.010622116807760141
}