{
  "bolusiob": 0, 
  "iob": 0.7188861025915001, 
  "activity": 0.004909798941798943
}