{
  "bolusiob": 2.022933227377778, 
  "iob": 2.9167939619937155, 
  "activity": 0.01675078924162257
}