{
  "bolusiob": 0, 
  "iob": 0.6088970956148212, 
  "activity": 0.012609576455026453
}