{
  "bolusiob": 0, 
  "iob": -0.004994945214444317, 
  "activity": 0.0116394885361552
}