{
  "bolusiob": 0.008464213333333248, 
  "iob": 0.6562249987500002, 
  "activity": 0.0148015873015873
}