{
  "bolusiob": 0, 
  "iob": 0.7853166511311788, 
  "activity": 0.009618297707231039
}