{
  "bolusiob": 0, 
  "iob": 0.2788086623833334, 
  "activity": 0.006343756613756613
}