{
  "bolusiob": 0, 
  "iob": -0.08251162221286978, 
  "activity": 0.0025222219576719568
}