{
  "bolusiob": 0.00841687317333335, 
  "iob": 1.0047467377569936, 
  "activity": 0.02125548474426807
}