{
  "bolusiob": 0, 
  "iob": -0.2584427125851389, 
  "activity": 4.844797178130437e-05
}