{
  "bolusiob": 0, 
  "iob": -0.3140966128849167, 
  "activity": -0.003251296296296297
}