{
  "bolusiob": 0.0010269999999998336, 
  "iob": 0.9003671821976388, 
  "activity": 0.017446287477954146
}