{
  "bolusiob": 0, 
  "iob": 0.5263903503853888, 
  "activity": 0.007691975308641973
}