{
  "bolusiob": 0, 
  "iob": 0.6781050027397486, 
  "activity": 0.007786534038800704
}