{
  "bolusiob": 0, 
  "iob": 0.0932634552146196, 
  "activity": 0.0044633863315696595
}