{
  "bolusiob": 0, 
  "iob": -0.33393216870060005, 
  "activity": -0.004807495590828923
}