{
  "bolusiob": 0.39678328213333347, 
  "iob": 0.6057683358744443, 
  "activity": 0.003157954144620809
}