{
  "bolusiob": 0.01254464639999986, 
  "iob": 1.0347644471217008, 
  "activity": 0.020628726190476183
}