{
  "bolusiob": 0, 
  "iob": 0.5810437904955555, 
  "activity": 0.00940232804232804
}