{
  "bolusiob": 0, 
  "iob": -0.03684446353465925, 
  "activity": 0.012390591746031738
}