{
  "bolusiob": 0.4103556384666669, 
  "iob": 2.446673987774444, 
  "activity": 0.04322892416225749
}