{
  "bolusiob": 0, 
  "iob": -0.1643445924263352, 
  "activity": -0.004354117813051146
}