{
  "bolusiob": 0, 
  "iob": -0.3267652295321738, 
  "activity": -0.0011478658730158726
}