{
  "bolusiob": 1.6055727433600002, 
  "iob": 1.77870525242, 
  "activity": 0.006982116402116399
}