{
  "bolusiob": 0.47627360793333345, 
  "iob": 1.0176391560876525, 
  "activity": 0.020668280423280425
}