{
  "bolusiob": 0.0793602475599999, 
  "iob": 1.3517738554268495, 
  "activity": 0.040049091622574945
}