{
  "bolusiob": 0, 
  "iob": -0.05531861300043041, 
  "activity": 0.0005922134920634929
}