{
  "bolusiob": 0, 
  "iob": 0.9769423749552257, 
  "activity": 0.009270837654320987
}