{
  "bolusiob": 0, 
  "iob": -0.37720724635325004, 
  "activity": -0.003832689594356261
}