{
  "bolusiob": 0, 
  "iob": 0.7360654346917803, 
  "activity": 0.005759418112874779
}