{
  "bolusiob": 0, 
  "iob": -0.1888549287105556, 
  "activity": -0.0023379453262786605
}