{
  "bolusiob": 0, 
  "iob": 0.17296088449555552, 
  "activity": -0.0002377425044091726
}