{
  "bolusiob": 0, 
  "iob": -0.31362975790611114, 
  "activity": -0.003012336860670193
}