{
  "bolusiob": 0, 
  "iob": 0.6797322584237154, 
  "activity": 0.002229691358024687
}