{
  "bolusiob": 0, 
  "iob": 0.7779202825690558, 
  "activity": 0.014518273368606704
}