{
  "bolusiob": 0, 
  "iob": 0.6138779316243564, 
  "activity": 0.005138854232804234
}