{
  "bolusiob": 0, 
  "iob": 0.9650863072126729, 
  "activity": 0.007971986649029981
}