{
  "bolusiob": 0.9874245907555556, 
  "iob": 1.1024789638373866, 
  "activity": 0.001561843615520282
}