{
  "bolusiob": 0, 
  "iob": -0.193988530564546, 
  "activity": -0.004636322663139329
}