{
  "bolusiob": 0, 
  "iob": -0.09220151083835085, 
  "activity": 0.00034911798941798924
}