{
  "bolusiob": 0, 
  "iob": 0.21490164792194447, 
  "activity": -0.000288439153439153
}