{
  "bolusiob": 0.8254299728400001, 
  "iob": 2.4904801985467473, 
  "activity": 0.02346883641975308
}