{
  "bolusiob": 0, 
  "iob": 0.5851176267802083, 
  "activity": 0.007255044091710757
}