{
  "bolusiob": 0, 
  "iob": -0.45507069215675, 
  "activity": -0.006456693121693121
}