{
  "bolusiob": 0, 
  "iob": 0.2464268142841389, 
  "activity": 0.006018523809523809
}