{
  "bolusiob": 2.07583740176, 
  "iob": 2.9531001464338544, 
  "activity": 0.016162473544973542
}