{
  "bolusiob": 0, 
  "iob": 0.9972238114805523, 
  "activity": 0.010304312081128746
}