{
  "bolusiob": 0, 
  "iob": -0.28218686298941587, 
  "activity": -0.0021854146384479712
}