{
  "bolusiob": 0, 
  "iob": 0.05267191857944439, 
  "activity": -0.0033705731922398594
}