{
  "bolusiob": 0.20196433866666647, 
  "iob": 2.130526339748355, 
  "activity": 0.03915588174603174
}