{
  "bolusiob": 0, 
  "iob": 0.5566930262924348, 
  "activity": 0.009292927865961196
}