{
  "bolusiob": -9.533333333333616e-05, 
  "iob": 0.3384291551783334, 
  "activity": 0.0068846384479717805
}