{
  "bolusiob": 0, 
  "iob": 0.545647596601753, 
  "activity": 0.006162301710758377
}