{
  "bolusiob": 0, 
  "iob": -0.5948544495664887, 
  "activity": -0.0016011640211640204
}