{
  "bolusiob": 0, 
  "iob": 0.17220642954777782, 
  "activity": 0.004575194003527336
}