{
  "bolusiob": 0, 
  "iob": 0.09096341231208332, 
  "activity": 0.0045005202821869475
}