{
  "bolusiob": 1.4938760533333335, 
  "iob": 1.4979778914483335, 
  "activity": 0.0006584656084656082
}