{
  "bolusiob": 0, 
  "iob": 0.45745494640816864, 
  "activity": 0.00846146349206349
}