{
  "bolusiob": 0, 
  "iob": 0.1867189902737625, 
  "activity": 0.0030608022045855374
}