{
  "bolusiob": 0, 
  "iob": -0.1608273454858079, 
  "activity": -0.004944069576719576
}