{
  "bolusiob": 0, 
  "iob": 0.21050733640986113, 
  "activity": 0.0012475485008818343
}