{
  "bolusiob": 0, 
  "iob": -0.1492428397006389, 
  "activity": -0.001985167548500882
}