{
  "bolusiob": 0.027202557480000045, 
  "iob": 1.813626559005288, 
  "activity": 0.032237319047619055
}