{
  "bolusiob": 0, 
  "iob": 0.2935120176496094, 
  "activity": 0.0020642835097001776
}