{
  "bolusiob": 0, 
  "iob": 0.21516403258018135, 
  "activity": 0.0030839327160493823
}