{
  "bolusiob": 0, 
  "iob": 0.18243789707558816, 
  "activity": -4.932077601410865e-05
}