{
  "bolusiob": 0.44975293376000014, 
  "iob": 1.1577391069908334, 
  "activity": 0.011809753086419749
}