{
  "bolusiob": 2.2903074266666668, 
  "iob": 2.753156188282778, 
  "activity": 0.015012821869488532
}