{
  "bolusiob": 0, 
  "iob": -0.37767088916756864, 
  "activity": -0.0019939681128747786
}