{
  "bolusiob": 0, 
  "iob": 0.4204396330289568, 
  "activity": 0.008625255661375661
}