{
  "bolusiob": 0.9830839623733335, 
  "iob": 2.664737429510014, 
  "activity": 0.029118494444444445
}