{
  "bolusiob": 0.5440385206044446, 
  "iob": 0.7051836359856944, 
  "activity": 0.0023423897707231037
}