{
  "bolusiob": 0, 
  "iob": -0.22228706651854171, 
  "activity": -0.00037755731922398594
}