{
  "bolusiob": 0, 
  "iob": 0.014910363928333326, 
  "activity": 0.0012482363315696637
}