{
  "bolusiob": 1.1339783236266667, 
  "iob": 1.4070900639305122, 
  "activity": 0.005727663051146382
}