{
  "bolusiob": 0.20161315166666666, 
  "iob": 0.45758755830716474, 
  "activity": 0.006288772222222221
}