{
  "bolusiob": 0, 
  "iob": -0.12330506820541665, 
  "activity": -0.0024629012345679007
}