{
  "bolusiob": 0.6596353643599999, 
  "iob": 1.774899853847372, 
  "activity": 0.03274231887125221
}