{
  "bolusiob": 0.46205446384, 
  "iob": 1.302208080526697, 
  "activity": 0.010666243650793649
}