{
  "bolusiob": 0.22385871360000006, 
  "iob": 1.472097295736459, 
  "activity": 0.029078059929453254
}