{
  "bolusiob": 0, 
  "iob": -0.23915878512319447, 
  "activity": -0.003274171075837742
}