{
  "bolusiob": 0, 
  "iob": 0.7796707664058018, 
  "activity": 0.010358351234567903
}