{
  "bolusiob": 2.121899003448889, 
  "iob": 3.5677782540129557, 
  "activity": 0.02089909151675485
}