{
  "bolusiob": 0, 
  "iob": -0.49280752180318205, 
  "activity": -0.010710608465608467
}