{
  "bolusiob": 0, 
  "iob": -0.13075368171273263, 
  "activity": -0.004296005202821867
}