{
  "bolusiob": 0.5340695256177778, 
  "iob": 0.5110454785436668, 
  "activity": -0.0004053262786596117
}