{
  "bolusiob": 1.0131536137955557, 
  "iob": 2.4054332164810592, 
  "activity": 0.015230420828924158
}