{
  "bolusiob": 0, 
  "iob": -0.3320949943565192, 
  "activity": -0.005617707054673721
}