{
  "bolusiob": 0, 
  "iob": -0.06633549316421228, 
  "activity": -0.0003228486243386246
}