{
  "bolusiob": 0, 
  "iob": -0.08420783327571031, 
  "activity": -0.00085842971781305
}