{
  "bolusiob": 0, 
  "iob": -0.2662685983314071, 
  "activity": -1.6384391534390912e-05
}