{
  "bolusiob": 0, 
  "iob": 0.05766356104444442, 
  "activity": 0.008283721340388002
}