{
  "bolusiob": 0, 
  "iob": -0.17301348087116625, 
  "activity": 0.022353412610229273
}