{
  "bolusiob": 0, 
  "iob": -0.09578775159652778, 
  "activity": -0.0012011904761904766
}