{
  "bolusiob": 0, 
  "iob": 0.12092773771710917, 
  "activity": 0.010618059841269838
}