{
  "bolusiob": 0, 
  "iob": 0.02255856637222222, 
  "activity": 0.0015245326278659614
}