{
  "bolusiob": 0, 
  "iob": 0.9363278198050001, 
  "activity": 0.010521887125220458
}