{
  "bolusiob": 0.8347606389733334, 
  "iob": 2.1847195384279168, 
  "activity": 0.02497276014109347
}