{
  "bolusiob": 0.19990058464000002, 
  "iob": -0.7583144258466665, 
  "activity": -0.009864347442680778
}