{
  "bolusiob": 2.6936230739733333, 
  "iob": 3.0283263248808976, 
  "activity": 0.009819927072310398
}