{
  "bolusiob": 0, 
  "iob": -0.4360007736911518, 
  "activity": 0.00048032645502644794
}