{
  "bolusiob": 0, 
  "iob": 0.7973094597124981, 
  "activity": 0.008874567636684302
}