{
  "bolusiob": 0, 
  "iob": -0.2011571356550172, 
  "activity": 0.008684699700176369
}