{
  "bolusiob": 0, 
  "iob": 0.04494822536666669, 
  "activity": 0.0027663139329805997
}