{
  "bolusiob": 0, 
  "iob": 0.5933886437853888, 
  "activity": 0.007038271604938273
}