{
  "bolusiob": 0, 
  "iob": 0.37378035190382913, 
  "activity": 0.010130732098765426
}