{
  "bolusiob": 0, 
  "iob": 0.8470742450144446, 
  "activity": 0.011014021164021162
}