{
  "bolusiob": 0, 
  "iob": 0.8514936540426388, 
  "activity": 0.009224823633156966
}