{
  "bolusiob": 0.07058236111999998, 
  "iob": 0.19098803696364808, 
  "activity": 0.0005052028747795424
}