{
  "bolusiob": 1.1794923319555557, 
  "iob": 1.207652667744792, 
  "activity": 0.011825361552028218
}