{
  "bolusiob": 0, 
  "iob": 0.032622425128965314, 
  "activity": -0.0065090827160493815
}