{
  "bolusiob": 0.0006724007333334114, 
  "iob": 0.3543230350411111, 
  "activity": 0.006926313932980599
}