{
  "bolusiob": 1.1637411261333335, 
  "iob": 1.1233738487427778, 
  "activity": 0.0036199823633156964
}