{
  "bolusiob": 0, 
  "iob": 0.40530879529707253, 
  "activity": 0.01386015873015873
}