{
  "bolusiob": 0, 
  "iob": 0.062228708073234364, 
  "activity": 0.003410191093474427
}