{
  "bolusiob": 0, 
  "iob": -0.26440693371997126, 
  "activity": 2.5700934744268507e-05
}