{
  "bolusiob": 0, 
  "iob": -0.13053082515615932, 
  "activity": -0.0012660581128747794
}