{
  "bolusiob": 0.07175967669333333, 
  "iob": 1.5454455006336647, 
  "activity": 0.02349918908289241
}