{
  "bolusiob": 0, 
  "iob": 1.040966179410417, 
  "activity": 0.011130079365079364
}