{
  "bolusiob": 0, 
  "iob": 0.5373647035457639, 
  "activity": 0.0019650881834215165
}