{
  "bolusiob": 1.38715630848, 
  "iob": 1.4295850829690393, 
  "activity": 0.004398800335097001
}