{
  "bolusiob": 0, 
  "iob": -0.08984861037875, 
  "activity": -0.0032531305114638447
}