{
  "bolusiob": 0, 
  "iob": -0.34776505668575347, 
  "activity": -0.004046049241622574
}