{
  "bolusiob": 0, 
  "iob": 0.05637330008223591, 
  "activity": 0.0015764726984126977
}