{
  "bolusiob": 0, 
  "iob": 0.5152278336659445, 
  "activity": 0.007774426807760139
}