{
  "bolusiob": 0, 
  "iob": 0.473148650295368, 
  "activity": 0.007434294532627864
}