{
  "bolusiob": 0, 
  "iob": 0.7214908373219238, 
  "activity": 0.006442183333333333
}