{
  "bolusiob": 0, 
  "iob": 0.1979532672380938, 
  "activity": 0.01235010562610229
}