{
  "bolusiob": 0.7001979112800001, 
  "iob": 2.0416909282723745, 
  "activity": 0.02308328051146384
}