{
  "bolusiob": 0, 
  "iob": 0.3850763658970833, 
  "activity": 0.00625227513227513
}