{
  "bolusiob": 0, 
  "iob": -0.14325971914055266, 
  "activity": 0.0007502994708994706
}