{
  "bolusiob": 1.7770568009955556, 
  "iob": 1.8142648784042446, 
  "activity": 0.006841179453262784
}