{
  "bolusiob": 0.2896374722266667, 
  "iob": 0.5917921273054892, 
  "activity": 0.004738307231040563
}