{
  "bolusiob": 0, 
  "iob": 0.5537939819828659, 
  "activity": 0.008501816437389769
}