{
  "bolusiob": 0, 
  "iob": 0.9324433062147217, 
  "activity": 0.018943442857142858
}