{
  "bolusiob": 0, 
  "iob": 0.029254194026111097, 
  "activity": 0.0005697354497354495
}