{
  "bolusiob": 0, 
  "iob": 0.017268937788052635, 
  "activity": 0.002272566049382715
}