{
  "bolusiob": 0, 
  "iob": 0.46739846082788983, 
  "activity": 0.002517604144620809
}