{
  "bolusiob": 0, 
  "iob": -0.17061855627777778, 
  "activity": 0.003142239858906525
}