{
  "bolusiob": 0, 
  "iob": -0.3355181723102407, 
  "activity": -0.006011464215167548
}