{
  "bolusiob": 0.012077839866666662, 
  "iob": 0.7862470294927781, 
  "activity": 0.021934814814814813
}