{
  "bolusiob": 0, 
  "iob": -0.753315981255139, 
  "activity": -0.006900652557319224
}