{
  "bolusiob": 0, 
  "iob": 0.6875590652765331, 
  "activity": 0.010767813668430335
}