{
  "bolusiob": 0, 
  "iob": 0.5547876043524305, 
  "activity": 0.0029923721340388005
}