{
  "bolusiob": 0, 
  "iob": 0.39065636261563896, 
  "activity": 0.003195017636684304
}