{
  "bolusiob": 0, 
  "iob": -0.3483458665679581, 
  "activity": -0.007645872821869487
}