{
  "bolusiob": 0, 
  "iob": 0.6913232511300446, 
  "activity": 0.010583827283950619
}