{
  "bolusiob": 0, 
  "iob": 0.5276977414336008, 
  "activity": 0.005794797248677246
}