{
  "bolusiob": 0.12060831402666668, 
  "iob": 0.5982791592111111, 
  "activity": 0.007613950617283949
}