{
  "bolusiob": 0, 
  "iob": -0.008943987660158192, 
  "activity": 0.0006997619929453266
}