{
  "bolusiob": 0, 
  "iob": 0.028788642875162567, 
  "activity": 0.0023180599999999994
}