{
  "bolusiob": 0.0008152077600001473, 
  "iob": 1.4418073178780408, 
  "activity": 0.05635425017636681
}