{
  "bolusiob": 0, 
  "iob": 0.4853661224536949, 
  "activity": 0.008397619223985884
}