{
  "bolusiob": 0, 
  "iob": 0.1481697746995877, 
  "activity": 0.006145308271604938
}