{
  "bolusiob": 0, 
  "iob": 1.0485233222245154, 
  "activity": 0.01254498227513227
}