{
  "bolusiob": 0, 
  "iob": -0.022862358762355817, 
  "activity": -0.004563491798941798
}