{
  "bolusiob": 1.1506862266666669, 
  "iob": 2.117042238082778, 
  "activity": 0.02168992945326278
}