{
  "bolusiob": 0, 
  "iob": -0.10903547294936031, 
  "activity": -0.004434135643738976
}