{
  "bolusiob": 0, 
  "iob": 0.2105318717096865, 
  "activity": 0.0017694002645502653
}