{
  "bolusiob": 0, 
  "iob": -0.206775425005033, 
  "activity": -0.004866655185185184
}