{
  "bolusiob": 0, 
  "iob": -0.38117325701387156, 
  "activity": 0.006499999629629628
}