{
  "bolusiob": 0, 
  "iob": 0.8644525418894446, 
  "activity": 0.00985289241622575
}