{
  "bolusiob": 0, 
  "iob": 0.5617184125627664, 
  "activity": 0.009977037530864197
}