{
  "bolusiob": 0, 
  "iob": -0.48609209410708326, 
  "activity": -0.0024420282186948883
}