{
  "bolusiob": 0, 
  "iob": -0.003740775660187018, 
  "activity": -0.003592607231040564
}