{
  "bolusiob": 2.895076420977778, 
  "iob": 3.8621097077808897, 
  "activity": 0.02108282186948854
}