{
  "bolusiob": 0, 
  "iob": 0.6127726588478167, 
  "activity": 0.01131360682539682
}