{
  "bolusiob": 0.494444, 
  "iob": 0.056262098324197964, 
  "activity": -0.0020082718518518515
}