{
  "bolusiob": 0, 
  "iob": 0.5935484855005556, 
  "activity": 0.0033996384479717803
}