{
  "bolusiob": 0.048507859000000014, 
  "iob": 0.682354430569017, 
  "activity": 0.01561025566137566
}