{
  "bolusiob": 0, 
  "iob": 0.7964676349633332, 
  "activity": 0.01339906525573192
}