{
  "bolusiob": 3.0885176000000003, 
  "iob": 3.3077607098363755, 
  "activity": 0.00486186959435626
}