{
  "bolusiob": 0, 
  "iob": 0.5834889399841011, 
  "activity": 0.009433024814814815
}