{
  "bolusiob": 0, 
  "iob": 0.03916094265347222, 
  "activity": -0.001228880070546737
}