{
  "bolusiob": 0, 
  "iob": 0.8137399018542908, 
  "activity": 0.012082390035273366
}