{
  "bolusiob": 0, 
  "iob": -0.07274455095137314, 
  "activity": 0.002890052645502644
}