{
  "bolusiob": 0, 
  "iob": 0.06738001900913103, 
  "activity": -0.004376102169312169
}