{
  "bolusiob": 0, 
  "iob": 0.03724334754222219, 
  "activity": -0.001445185185185185
}