{
  "bolusiob": 0, 
  "iob": 0.5430116035284325, 
  "activity": 0.00897104086419753
}