{
  "bolusiob": 0, 
  "iob": 0.248421401757283, 
  "activity": 0.0017414219576719577
}