{
  "bolusiob": 0.69666514064, 
  "iob": 0.69878384716, 
  "activity": 0.00030592592592592585
}