{
  "bolusiob": 3.0908807526400004, 
  "iob": 3.3546605438608057, 
  "activity": 0.014229897178130509
}