{
  "bolusiob": 0, 
  "iob": 0.4027507944901591, 
  "activity": 0.007302583897707229
}