{
  "bolusiob": 0, 
  "iob": -0.4594342071578611, 
  "activity": -0.006632583774250439
}