{
  "bolusiob": 0, 
  "iob": 0.6650511693126391, 
  "activity": 0.004251322751322751
}