{
  "bolusiob": 2.4243331564622226, 
  "iob": 3.5732898924488894, 
  "activity": 0.020538130511463845
}