{
  "bolusiob": 0, 
  "iob": -0.23128980492361115, 
  "activity": -0.0016411463844797176
}