{
  "bolusiob": 0, 
  "iob": 1.1143613956077778, 
  "activity": 0.013776631393298057
}