{
  "bolusiob": 0, 
  "iob": 0.7212722158440019, 
  "activity": 0.010322689858906524
}