{
  "bolusiob": 0.026997996799999813, 
  "iob": 0.6997064725136666, 
  "activity": 0.017371340388007046
}