{
  "bolusiob": 0.27651600393333337, 
  "iob": 0.8248127506612988, 
  "activity": 0.009530410052910053
}