{
  "bolusiob": 0, 
  "iob": -0.3007502140227821, 
  "activity": 0.004517011058201058
}