{
  "bolusiob": 0, 
  "iob": 0.12260591260777774, 
  "activity": -0.0012518518518518512
}