{
  "bolusiob": 0, 
  "iob": -0.07727465297222219, 
  "activity": -0.0015605114638447969
}