{
  "bolusiob": 0, 
  "iob": 0.5311603076462056, 
  "activity": 0.00684887169312169
}