{
  "bolusiob": 0, 
  "iob": 0.3259251355714802, 
  "activity": 0.009580053033509695
}