{
  "bolusiob": 0.7988444266666668, 
  "iob": 1.3764656577777779, 
  "activity": 0.009609876543209876
}