{
  "bolusiob": 0, 
  "iob": 1.1091390741330838, 
  "activity": 0.00856620811287478
}