{
  "bolusiob": 0, 
  "iob": -0.7060846971984752, 
  "activity": 0.006115534832451492
}