{
  "bolusiob": 0, 
  "iob": -0.571906296000366, 
  "activity": -0.004354911463844797
}