{
  "bolusiob": 0, 
  "iob": 0.24397575090027776, 
  "activity": 0.0037410846560846558
}