{
  "bolusiob": 0, 
  "iob": -0.2405358091013908, 
  "activity": -0.0003899853615520283
}