{
  "bolusiob": 0.7821609794844445, 
  "iob": 1.2738424686344445, 
  "activity": 0.008086172839506172
}