{
  "bolusiob": 0, 
  "iob": 0.8525182699150154, 
  "activity": 0.00715997455026455
}