{
  "bolusiob": 0, 
  "iob": -0.34288274574301697, 
  "activity": -0.006156110846560845
}