{
  "bolusiob": 0.06306117421333335, 
  "iob": 0.7060571851865279, 
  "activity": 0.014829673721340388
}