{
  "bolusiob": 1.2276888341333332, 
  "iob": 2.0137189865116665, 
  "activity": 0.0257526807760141
}