{
  "bolusiob": 0, 
  "iob": 0.04729965936467469, 
  "activity": 0.0012897704585537917
}