{
  "bolusiob": 0, 
  "iob": -0.09999607806185767, 
  "activity": 0.0018405289770723101
}