{
  "bolusiob": 0, 
  "iob": 0.6435703713569709, 
  "activity": 0.008076949100529099
}