{
  "bolusiob": 0, 
  "iob": -0.14187817687037493, 
  "activity": -0.00047280458553791965
}