{
  "bolusiob": 0, 
  "iob": 0.36146854063444445, 
  "activity": 0.012837619047619044
}