{
  "bolusiob": 0, 
  "iob": -0.40662079379040283, 
  "activity": -0.006731075837742505
}