{
  "bolusiob": 0, 
  "iob": 1.1248402545366667, 
  "activity": 0.011747160493827158
}