{
  "bolusiob": 0.5299136966400002, 
  "iob": 1.6178649535095833, 
  "activity": 0.021187275132275123
}