{
  "bolusiob": 0, 
  "iob": -0.4507091916642918, 
  "activity": -0.006861393298059963
}