{
  "bolusiob": 0, 
  "iob": -0.08534151243861107, 
  "activity": -0.0007096119929453261
}