{
  "bolusiob": 0, 
  "iob": -0.40775120952555555, 
  "activity": -0.005740617283950617
}