{
  "bolusiob": 0, 
  "iob": 0.5780234516375518, 
  "activity": 0.0053804765608465605
}