{
  "bolusiob": 0, 
  "iob": 0.5811178919072573, 
  "activity": 0.005496711128747794
}