{
  "bolusiob": 0, 
  "iob": 0.5138479143437501, 
  "activity": 0.009211199294532625
}