{
  "bolusiob": 0, 
  "iob": -0.12544844047099596, 
  "activity": -0.005238491975308641
}