{
  "bolusiob": 0, 
  "iob": -0.19958128254472224, 
  "activity": 0.002519973544973543
}