{
  "bolusiob": 0.0021827516666667046, 
  "iob": 0.3676609259033333, 
  "activity": 0.0069610934744268075
}