{
  "bolusiob": 0, 
  "iob": 0.6751871303893056, 
  "activity": 0.012888104056437387
}