{
  "bolusiob": 0, 
  "iob": 0.11720944511602885, 
  "activity": 0.003125229400352734
}