{
  "bolusiob": 0, 
  "iob": 0.3688401300134723, 
  "activity": 0.004836014109347441
}