{
  "bolusiob": 0, 
  "iob": -0.17178143541863597, 
  "activity": -0.00239648139329806
}