{
  "bolusiob": 0, 
  "iob": 0.8863886756569446, 
  "activity": 0.010422151675485007
}