{
  "bolusiob": 0, 
  "iob": 0.8501209728838901, 
  "activity": 0.006073139735449734
}