{
  "bolusiob": 0, 
  "iob": -0.5107465078792804, 
  "activity": 0.0010975924691358015
}