{
  "bolusiob": 0, 
  "iob": -0.4179711856543056, 
  "activity": -0.0036489770723104084
}