{
  "bolusiob": 0, 
  "iob": 0.5694067755405702, 
  "activity": 0.011921675220458554
}