{
  "bolusiob": 0, 
  "iob": 0.19672128044091847, 
  "activity": 0.002814815185185183
}