{
  "bolusiob": 0, 
  "iob": 0.18828143027122463, 
  "activity": 0.013921657354497343
}