{
  "bolusiob": 0, 
  "iob": 0.3111649224125148, 
  "activity": 0.0019867555555555545
}