{
  "bolusiob": 0, 
  "iob": -0.42120080558004114, 
  "activity": -0.002288540388007059
}