{
  "bolusiob": 0, 
  "iob": 0.34838340947736113, 
  "activity": 0.006509162257495591
}