{
  "bolusiob": 0, 
  "iob": -0.4219088152784273, 
  "activity": -0.005308765079365079
}