{
  "bolusiob": 1.1343606028800002, 
  "iob": 2.395043227252113, 
  "activity": 0.018208941887125216
}