{
  "bolusiob": 0, 
  "iob": -0.5927787117409723, 
  "activity": -0.0046186860670194
}