{
  "bolusiob": 0, 
  "iob": -0.1486186636865829, 
  "activity": 0.0014990122574955907
}