{
  "bolusiob": 0, 
  "iob": 0.3444106684324307, 
  "activity": 0.008341031746031746
}