{
  "bolusiob": 0, 
  "iob": 0.3264246029358807, 
  "activity": 0.004160829294532627
}