{
  "bolusiob": 0, 
  "iob": 0.21270887800421784, 
  "activity": 0.006169598148148147
}