{
  "bolusiob": 0.6076072300266667, 
  "iob": 0.8702495283223863, 
  "activity": 0.006401869029982362
}