{
  "bolusiob": 0, 
  "iob": 0.0628553782355663, 
  "activity": 0.01056349178130511
}