{
  "bolusiob": 0, 
  "iob": 0.4392693967410518, 
  "activity": 0.00869352693121693
}