{
  "bolusiob": 1.4831806512, 
  "iob": 1.7815861830974788, 
  "activity": 0.009368244638447966
}