{
  "bolusiob": 0.06354150793333335, 
  "iob": 0.5035238345622222, 
  "activity": 0.005725537918871252
}