{
  "bolusiob": 0, 
  "iob": -0.8647591485129167, 
  "activity": -0.006944717813051146
}