{
  "bolusiob": 0, 
  "iob": 0.0517642067353173, 
  "activity": -0.00522386222222222
}