{
  "bolusiob": 0, 
  "iob": 0.49793249471354945, 
  "activity": 0.0179322676366843
}