{
  "bolusiob": 0, 
  "iob": 0.8176620325893058, 
  "activity": 0.009352089947089946
}