{
  "bolusiob": 0, 
  "iob": 0.026912116299236136, 
  "activity": 0.0001753615520282191
}