{
  "bolusiob": 0, 
  "iob": 0.21519751128868503, 
  "activity": 0.00039436516754849524
}