{
  "bolusiob": 0, 
  "iob": 0.40106193321269734, 
  "activity": 0.005632266684303349
}