{
  "bolusiob": 0, 
  "iob": 0.4080113626201778, 
  "activity": 0.008388336860670193
}