{
  "bolusiob": 0, 
  "iob": 0.07436472540693252, 
  "activity": -0.0006181126984126981
}