{
  "bolusiob": 0, 
  "iob": 0.6150176148067266, 
  "activity": 0.00899574947089947
}