{
  "bolusiob": 0, 
  "iob": 0.006730593951111266, 
  "activity": 0.010332962962962959
}