{
  "bolusiob": 0, 
  "iob": 0.4925976863668891, 
  "activity": 0.006878659611992944
}