{
  "bolusiob": 0, 
  "iob": -0.04921208966347222, 
  "activity": 0.001499497354497354
}