{
  "bolusiob": 0, 
  "iob": -0.3965818048559593, 
  "activity": -0.0021352649735449747
}