{
  "bolusiob": 0, 
  "iob": -0.41793662691160577, 
  "activity": -0.003967072169312168
}