{
  "bolusiob": 0, 
  "iob": -0.8620961896545835, 
  "activity": -0.007827980599647264
}