{
  "bolusiob": 0, 
  "iob": -0.4890833106237027, 
  "activity": -0.005389021410934743
}