{
  "bolusiob": 0, 
  "iob": 0.12002591611166666, 
  "activity": -0.0023442151675485
}