{
  "bolusiob": 0, 
  "iob": 0.5056187876720457, 
  "activity": 0.00782161470899471
}