{
  "bolusiob": 0, 
  "iob": 0.12875285199729886, 
  "activity": 0.0020294052028218693
}