{
  "bolusiob": 0, 
  "iob": -0.012669817433888883, 
  "activity": 0.0010544091710758382
}