{
  "bolusiob": 0, 
  "iob": -0.3239205103584025, 
  "activity": -0.0026568340388007047
}