{
  "bolusiob": 1.0434839999973188e-05, 
  "iob": 0.00794040750837531, 
  "activity": -0.0009876981481481476
}