{
  "bolusiob": 0, 
  "iob": -0.5103493251000834, 
  "activity": -0.006683765432098766
}