{
  "bolusiob": 0, 
  "iob": -0.06747386624597224, 
  "activity": -0.001320590828924162
}