{
  "bolusiob": 0, 
  "iob": 1.0941985936294447, 
  "activity": 0.03525444444444443
}