{
  "bolusiob": 0, 
  "iob": 0.035030008783333344, 
  "activity": 0.00246384479717813
}