{
  "bolusiob": 0, 
  "iob": 1.1682635172815554, 
  "activity": 0.014583694885361551
}