{
  "bolusiob": 0, 
  "iob": 0.5513333113530894, 
  "activity": 0.007578327883597881
}