{
  "bolusiob": -5.448993333334595e-05, 
  "iob": 0.619766251573746, 
  "activity": 0.009201728659611993
}