{
  "bolusiob": 0, 
  "iob": 0.09929435667222218, 
  "activity": 0.002757795414462079
}