{
  "bolusiob": 0, 
  "iob": -0.029162959500833342, 
  "activity": -0.000881358024691358
}