{
  "bolusiob": 0, 
  "iob": 0.21551417830213193, 
  "activity": -0.005159504409171074
}