{
  "bolusiob": 0, 
  "iob": 0.07741773049735104, 
  "activity": 0.002483608818342151
}