{
  "bolusiob": 0, 
  "iob": 0.08118731849000002, 
  "activity": 0.0036539682539682536
}