{
  "bolusiob": 0.060681637280000006, 
  "iob": 0.2065390189687097, 
  "activity": 0.0006398737742504389
}