{
  "bolusiob": 0, 
  "iob": 0.7863068849543056, 
  "activity": 0.009389955908289241
}