{
  "bolusiob": 0, 
  "iob": 0.07335021401721356, 
  "activity": -0.00035916199294532615
}