{
  "bolusiob": 0, 
  "iob": 0.5273479119900928, 
  "activity": 0.012866525485008816
}