{
  "bolusiob": 0, 
  "iob": 0.04123537017483841, 
  "activity": 0.0017297175837742507
}