{
  "bolusiob": 0, 
  "iob": 0.5711602743810709, 
  "activity": -0.002548165520282187
}