{
  "bolusiob": 0, 
  "iob": -0.07209893487559083, 
  "activity": -0.0014682273368606701
}