{
  "bolusiob": 0, 
  "iob": -0.5529746308016321, 
  "activity": -0.004100290987654319
}