{
  "bolusiob": 0, 
  "iob": 0.26316142112255536, 
  "activity": -0.001416317460317462
}