{
  "bolusiob": 0, 
  "iob": -0.15582968788166662, 
  "activity": 0.00020611992945326316
}