{
  "bolusiob": 0, 
  "iob": 0.5396084911977779, 
  "activity": 0.0071351851851851845
}