{
  "bolusiob": 0, 
  "iob": 0.15193421631598847, 
  "activity": 0.005418271252204583
}