{
  "bolusiob": 0.5821589606933334, 
  "iob": 2.6430188267672037, 
  "activity": 0.03693294544973544
}