{
  "bolusiob": 0, 
  "iob": -0.6689797926157575, 
  "activity": -0.007241552098765433
}