{
  "bolusiob": 0, 
  "iob": -0.032855982234705546, 
  "activity": -0.0008552113756613755
}