{
  "bolusiob": 0, 
  "iob": 0.5215693835485689, 
  "activity": 0.00932620481481481
}