{
  "bolusiob": 0, 
  "iob": 0.24049123157194446, 
  "activity": 0.003282557319223986
}