{
  "bolusiob": 0, 
  "iob": -0.1283041184054167, 
  "activity": -0.0024142239858906517
}