{
  "bolusiob": 0, 
  "iob": 0.3602085558593109, 
  "activity": 0.008810216931216927
}