{
  "bolusiob": 0.029608950160000036, 
  "iob": 1.1410740850333336, 
  "activity": 0.021581728395061728
}