{
  "bolusiob": 0, 
  "iob": -0.005722685335357223, 
  "activity": 0.0024237657671957666
}