{
  "bolusiob": 0.0013795241600000451, 
  "iob": -0.047908242626561334, 
  "activity": -0.0010135358906525572
}