{
  "bolusiob": 0, 
  "iob": 0.10407564838017748, 
  "activity": 0.0023524071428571423
}