{
  "bolusiob": 0, 
  "iob": -0.24669192982741517, 
  "activity": -0.0006892914462081126
}