{
  "bolusiob": 1.2935279914, 
  "iob": 3.0655365048771785, 
  "activity": 0.03329065319223986
}