{
  "bolusiob": 0, 
  "iob": -0.41483853585366665, 
  "activity": -0.005129541446208112
}