{
  "bolusiob": 0, 
  "iob": -0.02902770139777778, 
  "activity": 0.0029590828924162234
}