{
  "bolusiob": 0, 
  "iob": 0.46081611246567294, 
  "activity": 0.006361627072310404
}