{
  "bolusiob": 0, 
  "iob": 0.4865335560326362, 
  "activity": 0.005493809894179895
}