{
  "bolusiob": 0, 
  "iob": 0.17857432694597214, 
  "activity": 0.009111851851851848
}