{
  "bolusiob": 0, 
  "iob": 0.20209289837497219, 
  "activity": 0.004718703703703702
}