{
  "bolusiob": 0, 
  "iob": -0.12838852425481184, 
  "activity": 0.0023260753968253963
}