{
  "bolusiob": 0, 
  "iob": 0.007970454726111069, 
  "activity": 0.0009786419753086398
}