{
  "bolusiob": 0.01664219102666693, 
  "iob": 1.489029641723334, 
  "activity": 0.03920294532627865
}