{
  "bolusiob": 0, 
  "iob": -0.45766510116786685, 
  "activity": -0.003974038659611992
}