{
  "bolusiob": 0, 
  "iob": -0.012557191346432774, 
  "activity": -0.002442037142857143
}