{
  "bolusiob": 0, 
  "iob": -0.574596034047014, 
  "activity": -0.00474976190476191
}