{
  "bolusiob": 0, 
  "iob": 0.9682278213136378, 
  "activity": 0.006230424109347444
}