{
  "bolusiob": 0, 
  "iob": -0.20393597025200494, 
  "activity": 0.008724479506172837
}