{
  "bolusiob": 0.10914706255999995, 
  "iob": 1.7243084515795204, 
  "activity": 0.03474059876543209
}