{
  "bolusiob": 0, 
  "iob": 0.22055686552894455, 
  "activity": 0.0082563315696649
}