{
  "bolusiob": 0, 
  "iob": 1.0077880622644444, 
  "activity": 0.016814268077601408
}