{
  "bolusiob": 0, 
  "iob": 0.09045012947590274, 
  "activity": -0.0025339506172839506
}