{
  "bolusiob": 0.0058116607999999514, 
  "iob": 0.5042916132850978, 
  "activity": 0.0157653085361552
}