{
  "bolusiob": 0, 
  "iob": 0.0012512018033333295, 
  "activity": 0.00018871252204585517
}