{
  "bolusiob": 0, 
  "iob": -0.29555883575816444, 
  "activity": -0.006238218677248677
}