{
  "bolusiob": 0, 
  "iob": -0.14050987447000002, 
  "activity": -0.0009622045855379183
}