{
  "bolusiob": 0, 
  "iob": -0.32479708876486113, 
  "activity": -0.0021192680776014106
}