{
  "bolusiob": 0, 
  "iob": -0.12078912128102778, 
  "activity": -0.0021760934744268073
}