{
  "bolusiob": 0, 
  "iob": -0.28587079785484726, 
  "activity": -0.0015927865961199296
}