{
  "bolusiob": 0, 
  "iob": -0.059558075128355294, 
  "activity": -0.0010663412345678965
}