{
  "bolusiob": 0, 
  "iob": -0.067962538337, 
  "activity": -0.0021758289241622574
}