{
  "bolusiob": 0, 
  "iob": 0.21267532366356845, 
  "activity": 0.004680564144620811
}