{
  "bolusiob": 0, 
  "iob": 0.14688037414222227, 
  "activity": 0.0012865432098765435
}