{
  "bolusiob": 0, 
  "iob": 0.08013236375766851, 
  "activity": -0.003992945238095237
}