{
  "bolusiob": 0, 
  "iob": 0.10853064942166663, 
  "activity": 0.003494673721340387
}