{
  "bolusiob": 0, 
  "iob": 0.3565199093641538, 
  "activity": 0.0065802291887125195
}