{
  "bolusiob": 0, 
  "iob": 0.3675880193129167, 
  "activity": 0.008601128747795414
}