{
  "bolusiob": 0, 
  "iob": -0.5242355264145278, 
  "activity": -0.006126410934744267
}