{
  "bolusiob": 0, 
  "iob": 0.22161724805722222, 
  "activity": 0.0011392768959435624
}