{
  "bolusiob": 0.10392037802666682, 
  "iob": 1.7063757828287716, 
  "activity": 0.03511289373897706
}