{
  "bolusiob": 0, 
  "iob": -0.30976795154505254, 
  "activity": -0.004135211816578483
}