{
  "bolusiob": 0, 
  "iob": 0.11495875373205391, 
  "activity": 0.003296605308641974
}