{
  "bolusiob": 0, 
  "iob": -0.4701322586614672, 
  "activity": -0.005816358271604937
}