{
  "bolusiob": 0, 
  "iob": -0.15041911291401766, 
  "activity": 0.0037971339153439147
}