{
  "bolusiob": 0, 
  "iob": 0.04810098093593258, 
  "activity": 0.0010488271957671956
}