{
  "bolusiob": 0, 
  "iob": -0.18014549005149427, 
  "activity": -0.004975865343915344
}