{
  "bolusiob": 0, 
  "iob": 0.12543482331833336, 
  "activity": 0.004459506172839505
}