{
  "bolusiob": 0, 
  "iob": -0.003647392659257856, 
  "activity": 0.0017220107054673715
}