{
  "bolusiob": 0, 
  "iob": 0.07180809222688106, 
  "activity": 0.0014754260141093473
}