{
  "bolusiob": 0, 
  "iob": 0.1376205193602631, 
  "activity": 0.005653055643738978
}