{
  "bolusiob": 0, 
  "iob": 0.17312331352937294, 
  "activity": -0.0021190033156966485
}