{
  "bolusiob": 0, 
  "iob": -0.21836681447090436, 
  "activity": 0.0057416830687830695
}