{
  "bolusiob": 0, 
  "iob": -0.5007895183666538, 
  "activity": -0.005627187195767195
}