{
  "bolusiob": 0, 
  "iob": -0.15299163884044803, 
  "activity": -0.000965784567901234
}