{
  "bolusiob": 0.2428525814755556, 
  "iob": 0.869418836839814, 
  "activity": 0.011266252028218694
}