{
  "bolusiob": 0, 
  "iob": 0.1599412851746395, 
  "activity": -0.006003429488536152
}