{
  "bolusiob": 0.35969205134222226, 
  "iob": 0.18791674584207907, 
  "activity": -0.003985061534391534
}