{
  "bolusiob": 2.0651208507733334, 
  "iob": 2.674447411112986, 
  "activity": 0.01535173698412698
}