{
  "bolusiob": 0, 
  "iob": -0.14264572434745323, 
  "activity": 0.00027484980599647233
}