{
  "bolusiob": 0, 
  "iob": 0.6167535721592189, 
  "activity": 0.014269273104056429
}