{
  "bolusiob": 0, 
  "iob": 1.0702354931226392, 
  "activity": 0.01122542328042328
}