{
  "bolusiob": 0.7452351396000001, 
  "iob": 2.449411351832668, 
  "activity": 0.027096283315696645
}