{
  "bolusiob": 0, 
  "iob": 0.35405718852388895, 
  "activity": 0.009420229276895944
}