{
  "bolusiob": 0, 
  "iob": 0.8515442895516668, 
  "activity": 0.007381410934744266
}