{
  "bolusiob": 0, 
  "iob": 0.6574166853338891, 
  "activity": 0.009774867724867721
}