{
  "bolusiob": 0, 
  "iob": 0.1552127309105555, 
  "activity": 0.006652389770723103
}