{
  "bolusiob": 0, 
  "iob": 0.16525503697111113, 
  "activity": 0.0035048500881834214
}