{
  "bolusiob": 0.03905576776000002, 
  "iob": 0.5110920651294444, 
  "activity": 0.0016020282186948855
}