{
  "bolusiob": 0, 
  "iob": 0.7456458493838889, 
  "activity": 0.031466384479717814
}