{
  "bolusiob": 0.06468690592000007, 
  "iob": 0.9511893889577541, 
  "activity": 0.02631596146384479
}