{
  "bolusiob": 1.072189776, 
  "iob": 0.6608224451049718, 
  "activity": -0.0013697354497354502
}