{
  "bolusiob": 0, 
  "iob": 0.8456969625109636, 
  "activity": 0.008088413156966491
}