{
  "bolusiob": 0, 
  "iob": 0.5738545827462882, 
  "activity": 0.004228624514991182
}