{
  "bolusiob": 0, 
  "iob": -0.6125690344468964, 
  "activity": -0.004784814902998235
}