{
  "bolusiob": 0, 
  "iob": 0.7859925299949325, 
  "activity": 0.004649780388007053
}