{
  "bolusiob": 0, 
  "iob": -0.24251571405388891, 
  "activity": -0.0013161287477954143
}