{
  "bolusiob": 0, 
  "iob": 0.28479440052327176, 
  "activity": 0.007002357142857142
}