{
  "bolusiob": 0, 
  "iob": -0.6173601773035913, 
  "activity": -0.010924247760141097
}