{
  "bolusiob": 0, 
  "iob": 0.6254537293106315, 
  "activity": 0.008807611728395061
}