{
  "bolusiob": 0, 
  "iob": 0.32398952515953255, 
  "activity": 0.007291573633156965
}