{
  "bolusiob": 0, 
  "iob": 0.4737997711705838, 
  "activity": 0.00793587463844797
}