{
  "bolusiob": 0, 
  "iob": -0.08300904471869366, 
  "activity": 0.001530846684303351
}