{
  "bolusiob": 0, 
  "iob": -0.1799610829507204, 
  "activity": -0.0036181304232804226
}