{
  "bolusiob": 0, 
  "iob": 0.18032906485479164, 
  "activity": 0.00020189594356260978
}