{
  "bolusiob": 0, 
  "iob": -0.3133589791873907, 
  "activity": 0.001700955379188713
}