{
  "bolusiob": 0, 
  "iob": -0.3541200247826389, 
  "activity": -0.004386313932980596
}