{
  "bolusiob": 0, 
  "iob": -0.5336454455458522, 
  "activity": -0.00506615659611993
}