{
  "bolusiob": 0, 
  "iob": -0.2720521915976919, 
  "activity": -0.004135131922398588
}