{
  "bolusiob": 0, 
  "iob": -0.2168200880883171, 
  "activity": -0.0031224073192239856
}