{
  "bolusiob": 0, 
  "iob": 0.4978168487855556, 
  "activity": 0.009400017636684303
}