{
  "bolusiob": 0, 
  "iob": -0.1608930614780808, 
  "activity": -0.003437759964726631
}