{
  "bolusiob": 0, 
  "iob": 0.7355855068294446, 
  "activity": 0.007507345679012345
}