{
  "bolusiob": 0.9495887588266667, 
  "iob": 0.6661416996816387, 
  "activity": -0.0005538271604938281
}