{
  "bolusiob": 0, 
  "iob": 0.18352421352645812, 
  "activity": 0.014890573192239865
}