{
  "bolusiob": 0.53963881972, 
  "iob": 1.7200105468733329, 
  "activity": 0.02113975308641975
}