{
  "bolusiob": 0, 
  "iob": 0.13887315690555554, 
  "activity": 0.0012730776014109346
}