{
  "bolusiob": 0, 
  "iob": 0.3881085937570351, 
  "activity": 0.006072648236331568
}