{
  "bolusiob": 0.08406324580000009, 
  "iob": 1.1299088884061226, 
  "activity": 0.03435977051146385
}