{
  "bolusiob": 1.0927123122088889, 
  "iob": 3.173770781959111, 
  "activity": 0.04228568783068783
}