{
  "bolusiob": 0, 
  "iob": -0.4100883376480147, 
  "activity": -0.005767848148148145
}