{
  "bolusiob": 0, 
  "iob": -0.01063785076980248, 
  "activity": -0.0027941619929453252
}