{
  "bolusiob": 0, 
  "iob": -0.20204882200153487, 
  "activity": -0.0053082803350970025
}