{
  "bolusiob": 0, 
  "iob": -0.07507350716305553, 
  "activity": 0.0012528483245149904
}