{
  "bolusiob": 0, 
  "iob": 0.12572020923382587, 
  "activity": 0.012169470529100529
}