{
  "bolusiob": 0, 
  "iob": -0.07666358127033332, 
  "activity": -0.0021800617283950618
}