{
  "bolusiob": 0, 
  "iob": -0.00033161537111110403, 
  "activity": -0.004386410934744268
}