{
  "bolusiob": 0, 
  "iob": 0.13248446574944445, 
  "activity": 0.00023758377425044092
}