{
  "bolusiob": 0, 
  "iob": 0.05736878005208337, 
  "activity": 0.003030599647266314
}