{
  "bolusiob": 0, 
  "iob": 0.23124737510994625, 
  "activity": 0.004442133809523809
}