{
  "bolusiob": 0, 
  "iob": -0.05099571282142284, 
  "activity": 0.0004425279541446214
}