{
  "bolusiob": 0, 
  "iob": -0.4207083791770833, 
  "activity": -0.003553077601410934
}