{
  "bolusiob": 0.8580592044444446, 
  "iob": 1.3955865288888891, 
  "activity": 0.009155555555555556
}