{
  "bolusiob": 0, 
  "iob": 0.058561020073324185, 
  "activity": -0.002322689329805996
}