{
  "bolusiob": 0, 
  "iob": -0.20936607717833333, 
  "activity": -0.0005928924162257494
}