{
  "bolusiob": 0, 
  "iob": 0.25851416512611114, 
  "activity": 0.0061103791887125196
}