{
  "bolusiob": 0.021371197760000026, 
  "iob": 0.9173921460408221, 
  "activity": 0.017718280687830688
}