{
  "bolusiob": 0, 
  "iob": 0.4437893838111438, 
  "activity": 0.006551551940035273
}