{
  "bolusiob": 0.5885749533733333, 
  "iob": 1.2086956988394444, 
  "activity": 0.009436490299823633
}