{
  "bolusiob": 0.08142190847999999, 
  "iob": 1.432225056582628, 
  "activity": 0.01662587707231041
}