{
  "bolusiob": 0, 
  "iob": -0.6714017666570834, 
  "activity": -0.005012301587301586
}