{
  "bolusiob": 0, 
  "iob": 0.11820560670677306, 
  "activity": 0.0003929012345679022
}