{
  "bolusiob": 0, 
  "iob": -0.3157988546788334, 
  "activity": -0.0063007848324514995
}