{
  "bolusiob": 0, 
  "iob": 0.11979407496813135, 
  "activity": 0.002987345502645502
}