{
  "bolusiob": 0, 
  "iob": -0.7435283499731944, 
  "activity": -0.006063924162257494
}