{
  "bolusiob": 0.49545375080000004, 
  "iob": 0.5840680516139585, 
  "activity": 0.005834673262786596
}