{
  "bolusiob": 1.0764280178222223, 
  "iob": 1.1739167130397916, 
  "activity": 0.011687689594356253
}