{
  "bolusiob": 0, 
  "iob": 0.43788269004583896, 
  "activity": 0.0009190478483245146
}