{
  "bolusiob": 0, 
  "iob": -0.1761440294253184, 
  "activity": -0.0007799268077601407
}