{
  "bolusiob": 1.75370429664, 
  "iob": 1.6389424358355837, 
  "activity": -0.00020636710758377462
}