{
  "bolusiob": 0, 
  "iob": 0.060882173621247516, 
  "activity": -0.005633156790123456
}