{
  "bolusiob": 0, 
  "iob": -0.44054808009955543, 
  "activity": -0.005399077848324512
}