{
  "bolusiob": 1.4577157533333334, 
  "iob": 1.6112654716772226, 
  "activity": 0.026707054673721333
}