{
  "bolusiob": 0, 
  "iob": -0.2142703188348237, 
  "activity": 0.0027999467372134034
}