{
  "bolusiob": 0, 
  "iob": -0.04828748155300011, 
  "activity": 0.002188174603174602
}