{
  "bolusiob": 0, 
  "iob": -0.1787910421022222, 
  "activity": -0.001256049382716049
}