{
  "bolusiob": 0, 
  "iob": -0.13748388720032773, 
  "activity": -0.001174859029982363
}