{
  "bolusiob": 0, 
  "iob": -0.504079600237304, 
  "activity": -0.0058889989417989395
}