{
  "bolusiob": 0, 
  "iob": -0.38482611373067777, 
  "activity": -0.005142001410934743
}