{
  "bolusiob": 0, 
  "iob": -0.6918413802442356, 
  "activity": -0.008893650793650792
}