{
  "bolusiob": 0, 
  "iob": 0.3132367808831251, 
  "activity": 0.0047246035449735446
}