{
  "bolusiob": 0, 
  "iob": 0.38201655734666673, 
  "activity": 0.00806142857142857
}