{
  "bolusiob": 0, 
  "iob": -0.38030321712355564, 
  "activity": -0.0038773544973544965
}