{
  "bolusiob": 0, 
  "iob": 0.10796434199041668, 
  "activity": 0.004780661375661375
}