{
  "bolusiob": 0, 
  "iob": -0.37586444402450825, 
  "activity": -0.0047214549382716044
}