{
  "bolusiob": 0, 
  "iob": 0.06040442625079326, 
  "activity": -0.004478077477954144
}