{
  "bolusiob": 0, 
  "iob": 0.8261769440470891, 
  "activity": 0.009137036772486772
}