{
  "bolusiob": 0, 
  "iob": 0.16668165454805556, 
  "activity": 0.004882231040564373
}