{
  "bolusiob": 0, 
  "iob": -0.2666405636319445, 
  "activity": -0.0018443738977072307
}