{
  "bolusiob": 0, 
  "iob": -0.19162915563327995, 
  "activity": -0.000293307001763669
}