{
  "bolusiob": 0.9358666228266667, 
  "iob": 1.1796023412248748, 
  "activity": 0.0061935361552028214
}