{
  "bolusiob": 0, 
  "iob": -0.16301473226888888, 
  "activity": 7.70634920634921e-05
}