{
  "bolusiob": 0, 
  "iob": 0.16106081390500002, 
  "activity": 0.004205996472663139
}