{
  "bolusiob": 0, 
  "iob": 0.027518369547278196, 
  "activity": 0.004480934656084656
}