{
  "bolusiob": 0, 
  "iob": 0.5034814564238366, 
  "activity": 0.009296217619047618
}