{
  "bolusiob": 0.3825975333333334, 
  "iob": 1.1944510977777778, 
  "activity": 0.013204938271604936
}