{
  "bolusiob": 0, 
  "iob": -0.12202804470134032, 
  "activity": -0.001291957671957672
}