{
  "bolusiob": 0, 
  "iob": -0.03791768947824922, 
  "activity": -0.00030532631393298006
}