{
  "bolusiob": 0, 
  "iob": 0.4618815688519444, 
  "activity": 0.010811604938271598
}