{
  "bolusiob": 0, 
  "iob": -0.004015670895881493, 
  "activity": 0.002432949435626104
}