{
  "bolusiob": 0, 
  "iob": -0.05435879425888888, 
  "activity": -0.0010702998236331572
}