{
  "bolusiob": 0.1277761188, 
  "iob": 0.8944799367616666, 
  "activity": 0.012000308641975307
}