{
  "bolusiob": 0, 
  "iob": 0.6068860839143486, 
  "activity": 0.007592133686067018
}