{
  "bolusiob": 0.03278686284000001, 
  "iob": 0.5294211941572141, 
  "activity": 0.01641769828924162
}