{
  "bolusiob": 0, 
  "iob": 0.86597205717705, 
  "activity": 0.006848677689594356
}