{
  "bolusiob": 0.38345178666666674, 
  "iob": 1.0878173459327778, 
  "activity": 0.00853685185185185
}