{
  "bolusiob": 0.00042832019999961, 
  "iob": 1.54449706458, 
  "activity": 0.05174590828924162
}