{
  "bolusiob": 0, 
  "iob": 0.5572233592730719, 
  "activity": 0.007195070634920635
}