{
  "bolusiob": 0, 
  "iob": -0.5401626182163194, 
  "activity": -0.005718774250440915
}