{
  "bolusiob": 0, 
  "iob": 0.10944532365066274, 
  "activity": 0.0025124336860670184
}