{
  "bolusiob": 0, 
  "iob": 0.5030154009625365, 
  "activity": 0.013054775749559077
}