{
  "bolusiob": 0.014155451733333546, 
  "iob": 0.8038054270685958, 
  "activity": 0.028051093650793647
}