{
  "bolusiob": 0, 
  "iob": 0.975564763971528, 
  "activity": 0.00999748677248677
}