{
  "bolusiob": 0.09764022058666669, 
  "iob": 0.7927710964964721, 
  "activity": 0.011696102292768955
}