{
  "bolusiob": 0, 
  "iob": -0.3531701246958253, 
  "activity": -0.0015948216931216928
}