{
  "bolusiob": 0, 
  "iob": 0.04773922354774924, 
  "activity": 0.001862601022927689
}