{
  "bolusiob": 0, 
  "iob": -0.7094422750563889, 
  "activity": -0.004255317460317461
}