{
  "bolusiob": 5.3273998144888886, 
  "iob": 5.1433683627210565, 
  "activity": 0.021180423280423268
}