{
  "bolusiob": 0, 
  "iob": 0.8506904188829192, 
  "activity": 0.010763131181657856
}