{
  "bolusiob": 0.004719770066666629, 
  "iob": 0.20904136022536154, 
  "activity": 0.021718621693121703
}