{
  "bolusiob": 0, 
  "iob": -0.3470895445599947, 
  "activity": -0.004857662874779541
}