{
  "bolusiob": 0, 
  "iob": 1.068085163346528, 
  "activity": 0.011662901234567896
}