{
  "bolusiob": 1.0917710631822222, 
  "iob": 2.417416722997259, 
  "activity": 0.014052085079365083
}