{
  "bolusiob": 0, 
  "iob": 1.2334467506130646, 
  "activity": 0.02632427671957671
}