{
  "bolusiob": 0.2218230468266667, 
  "iob": 0.27571631211763903, 
  "activity": 0.0002033950617283956
}