{
  "bolusiob": 0, 
  "iob": -0.22169943801152778, 
  "activity": -0.0033609788359788358
}