{
  "bolusiob": 0, 
  "iob": 0.5165684372305557, 
  "activity": 0.007315573192239859
}