{
  "bolusiob": 0, 
  "iob": 0.7701127465287936, 
  "activity": 0.005479100652557319
}