{
  "bolusiob": 0, 
  "iob": 0.28561508830866583, 
  "activity": 0.006050626225749558
}