{
  "bolusiob": 0.9808471804977777, 
  "iob": 1.9831014518638193, 
  "activity": 0.015144162257495588
}