{
  "bolusiob": 0, 
  "iob": 0.15313131057166668, 
  "activity": 0.004068430335097001
}