{
  "bolusiob": 0, 
  "iob": 0.15904681230440001, 
  "activity": 0.0039138624338624335
}