{
  "bolusiob": 1.765559222186667, 
  "iob": 2.322241036474444, 
  "activity": 0.015884991181657846
}