{
  "bolusiob": 4.736789644444444, 
  "iob": 5.137950673186108, 
  "activity": 0.00913987680776014
}