{
  "bolusiob": 0, 
  "iob": -0.20520575319333334, 
  "activity": -0.0008108818342151676
}