{
  "bolusiob": 0, 
  "iob": 0.6762490545367362, 
  "activity": 0.00887310398589065
}