{
  "bolusiob": 0, 
  "iob": 0.8901205764130554, 
  "activity": 0.010522098765432095
}