{
  "bolusiob": 0, 
  "iob": 0.4509866008492778, 
  "activity": 0.00808010582010582
}