{
  "bolusiob": 0.5964404158133333, 
  "iob": 1.723255058767811, 
  "activity": 0.01950597028218694
}