{
  "bolusiob": 0, 
  "iob": 0.023170224424224027, 
  "activity": -0.0017857052028218755
}