{
  "bolusiob": 0, 
  "iob": 0.7083010673604723, 
  "activity": 0.008777989417989417
}