{
  "bolusiob": 0, 
  "iob": 0.3987563252033334, 
  "activity": 0.007333862433862432
}