{
  "bolusiob": 0, 
  "iob": -0.5961620401039923, 
  "activity": -0.007913703950617284
}