{
  "bolusiob": 0, 
  "iob": -0.17563837570416665, 
  "activity": 0.0015782098765432097
}