{
  "bolusiob": 0.3195902956000002, 
  "iob": 2.2980712073606817, 
  "activity": 0.04650897680776013
}