{
  "bolusiob": 0, 
  "iob": 0.23959880719034726, 
  "activity": 0.006134911816578482
}