{
  "bolusiob": 1.6075573100000005, 
  "iob": 3.6084197840404952, 
  "activity": 0.04336975282186949
}