{
  "bolusiob": 0, 
  "iob": 0.4494690832395117, 
  "activity": 0.0033573012345679016
}