{
  "bolusiob": 0, 
  "iob": -0.10617017621013417, 
  "activity": -0.0033389768959435615
}