{
  "bolusiob": 0, 
  "iob": 0.8389334548106945, 
  "activity": 0.017392689594356258
}