{
  "bolusiob": 1.7174934, 
  "iob": 1.7223730175612828, 
  "activity": -0.0015812467372134072
}