{
  "bolusiob": 0, 
  "iob": -0.43488111959761516, 
  "activity": -0.006912599171075837
}