{
  "bolusiob": 0, 
  "iob": -0.2182653485044847, 
  "activity": -0.002467786419753086
}