{
  "bolusiob": 0, 
  "iob": 1.1268003478869444, 
  "activity": 0.013369982363315696
}