{
  "bolusiob": 0, 
  "iob": -0.1842411926478611, 
  "activity": -0.002024047619047619
}