{
  "bolusiob": 0, 
  "iob": -0.10342880723888889, 
  "activity": -0.0011548500881834215
}