{
  "bolusiob": 0, 
  "iob": -0.35005018021149326, 
  "activity": -0.0031685891887125225
}