{
  "bolusiob": 0.2933444800000001, 
  "iob": 0.6334715262477777, 
  "activity": 0.003740105820105818
}