{
  "bolusiob": 0, 
  "iob": -0.0780342035630282, 
  "activity": -0.002204858818342151
}