{
  "bolusiob": 0, 
  "iob": 0.05894418962666667, 
  "activity": -0.00017366843033509696
}