{
  "bolusiob": 0, 
  "iob": -0.11932833194729167, 
  "activity": 0.0005589858906525575
}