{
  "bolusiob": 0, 
  "iob": 0.009765468249715262, 
  "activity": 0.002597997971781305
}