{
  "bolusiob": 0, 
  "iob": -0.04964802119559082, 
  "activity": -0.00208896807760141
}