{
  "bolusiob": 0.9906090430222222, 
  "iob": 1.2819291285214682, 
  "activity": 0.0015166228395061725
}