{
  "bolusiob": 0.030275476479999952, 
  "iob": 1.457306986504905, 
  "activity": 0.018063792169312167
}