{
  "bolusiob": 0, 
  "iob": 0.8332334688050002, 
  "activity": 0.011147601410934743
}