{
  "bolusiob": 0, 
  "iob": 0.06420940055641583, 
  "activity": 0.02337710719576718
}