{
  "bolusiob": 0, 
  "iob": -0.8406091625788047, 
  "activity": -0.006595599470899468
}