{
  "bolusiob": 0.009766920293333349, 
  "iob": 0.7664647571556669, 
  "activity": 0.003698465608465608
}