{
  "bolusiob": 0, 
  "iob": -0.5744079024355556, 
  "activity": -0.003949823633156971
}