{
  "bolusiob": 0, 
  "iob": -0.18388442983700345, 
  "activity": -0.0006775507936507928
}