{
  "bolusiob": 0, 
  "iob": -0.03315132656599085, 
  "activity": 0.0009179186948853608
}