{
  "bolusiob": 1.52643803444, 
  "iob": 2.758814959487671, 
  "activity": 0.017659065696649028
}