{
  "bolusiob": 0, 
  "iob": -0.22739825939289765, 
  "activity": -0.0035520722222222214
}