{
  "bolusiob": 0.48148, 
  "iob": 0.7121498474461552, 
  "activity": 0.00862799860670194
}