{
  "bolusiob": 0, 
  "iob": 0.8154810433764466, 
  "activity": 0.015938730035273362
}