{
  "bolusiob": 0, 
  "iob": -0.06268073720518692, 
  "activity": -0.0007396999999999996
}