{
  "bolusiob": 0, 
  "iob": 0.4445764293638889, 
  "activity": 0.007493483245149912
}