{
  "bolusiob": 0, 
  "iob": 0.7582093227005209, 
  "activity": 0.007542755731922399
}