{
  "bolusiob": 0, 
  "iob": 0.29957621889953695, 
  "activity": 0.0020419172839506172
}