{
  "bolusiob": 0, 
  "iob": -0.012622168173753702, 
  "activity": 0.0022660270370370383
}