{
  "bolusiob": 0.24931860479999995, 
  "iob": 1.2619843710805554, 
  "activity": 0.015198703703703702
}