{
  "bolusiob": 0, 
  "iob": 0.702856683111052, 
  "activity": 0.005039831128747794
}