{
  "bolusiob": 0, 
  "iob": 0.2298471479154889, 
  "activity": 0.0004242680776014102
}