{
  "bolusiob": 0, 
  "iob": 0.22975165642414772, 
  "activity": 0.011456692998236333
}