{
  "bolusiob": 0, 
  "iob": -0.1522485583644445, 
  "activity": 0.0015024338624338614
}