{
  "bolusiob": 1.0185523919822224, 
  "iob": 1.8301185033888954, 
  "activity": 0.014129964462081127
}