{
  "bolusiob": 0, 
  "iob": 0.7898907211863155, 
  "activity": 0.010525908324514992
}