{
  "bolusiob": 0, 
  "iob": 0.5613520853346438, 
  "activity": 0.008491058059964725
}