{
  "bolusiob": 0, 
  "iob": 0.01796514199588821, 
  "activity": 0.022672239947089938
}