{
  "bolusiob": 0, 
  "iob": 0.5457803542706945, 
  "activity": 0.001974611992945326
}