{
  "bolusiob": 0.31129078895999995, 
  "iob": 2.1721199368140827, 
  "activity": 0.03525327954144621
}