{
  "bolusiob": 0, 
  "iob": 0.5758391120509612, 
  "activity": 0.013640758130511455
}