{
  "bolusiob": 0, 
  "iob": 0.04690064168203822, 
  "activity": -0.0003207055555555558
}