{
  "bolusiob": 0, 
  "iob": 0.8069479765720694, 
  "activity": 0.003869947089947089
}