{
  "bolusiob": 0, 
  "iob": 0.4244305639657109, 
  "activity": 0.008305802116402116
}