{
  "bolusiob": 0, 
  "iob": -0.4567168814424271, 
  "activity": 0.0018798676014109342
}