{
  "bolusiob": 1.01665051904, 
  "iob": 1.648310049543843, 
  "activity": 0.02730317469135802
}