{
  "bolusiob": 0, 
  "iob": 0.5255439679208341, 
  "activity": 0.006322064338624338
}