{
  "bolusiob": 0, 
  "iob": 0.058073893480249515, 
  "activity": 0.00466642012345679
}