{
  "bolusiob": 0, 
  "iob": -0.11199341212583336, 
  "activity": 0.0007079982363315693
}