{
  "bolusiob": 0, 
  "iob": -0.5549997888340046, 
  "activity": -0.00639455881834215
}