{
  "bolusiob": 0, 
  "iob": 0.006078715927888875, 
  "activity": 0.003140396825396825
}