{
  "bolusiob": 0, 
  "iob": -0.23300815798567376, 
  "activity": -0.0028317723985890647
}