{
  "bolusiob": 0, 
  "iob": -0.216744503483639, 
  "activity": -0.008112134038800704
}