{
  "bolusiob": 0, 
  "iob": -0.8673938967615047, 
  "activity": -0.0067593384479717805
}