{
  "bolusiob": 0.14688457166666666, 
  "iob": 0.6107504506457778, 
  "activity": 0.018289153439153435
}