{
  "bolusiob": 0, 
  "iob": 0.3655875477058989, 
  "activity": 0.0057697179894179865
}