{
  "bolusiob": 0.6531336995555556, 
  "iob": 0.6864900715555555, 
  "activity": 0.0014345679012345675
}