{
  "bolusiob": 0, 
  "iob": 0.41954673442000057, 
  "activity": 0.02800892416225748
}