{
  "bolusiob": 0, 
  "iob": -0.02823967011311118, 
  "activity": -0.003796119929453263
}