{
  "bolusiob": 0.04268154591999984, 
  "iob": 0.9168157556960187, 
  "activity": 0.02467373878306878
}