{
  "bolusiob": 0, 
  "iob": -0.6613579725256231, 
  "activity": -0.006656639823633157
}