{
  "bolusiob": 0, 
  "iob": 0.7154353282611112, 
  "activity": 0.007153342151675484
}