{
  "bolusiob": 0, 
  "iob": 0.04843891797591298, 
  "activity": -0.0014913399999999996
}