{
  "bolusiob": 0.04142223957333329, 
  "iob": 0.4109933708105556, 
  "activity": 0.007624109347442679
}