{
  "bolusiob": 0, 
  "iob": 0.6454466850511786, 
  "activity": 0.007004691340388
}