{
  "bolusiob": 0, 
  "iob": 0.6802673320850642, 
  "activity": 0.00879006463844797
}