{
  "bolusiob": 0, 
  "iob": 0.43988058290823895, 
  "activity": 0.005916393298059965
}