{
  "bolusiob": 0.004071943999999994, 
  "iob": 0.6437077564343308, 
  "activity": 0.016406358289241616
}