{
  "bolusiob": 0, 
  "iob": 0.8833483164091943, 
  "activity": 0.01146455026455026
}