{
  "bolusiob": 0, 
  "iob": 0.3386243548781378, 
  "activity": 0.007632707354497353
}