{
  "bolusiob": 0, 
  "iob": -0.1520557488102393, 
  "activity": -0.00272985
}