{
  "bolusiob": 0, 
  "iob": -0.14169753680500002, 
  "activity": -0.00019079365079365099
}