{
  "bolusiob": 0, 
  "iob": 0.09799296463458333, 
  "activity": -0.0003646472663139327
}