{
  "bolusiob": 0, 
  "iob": -0.09616476441265709, 
  "activity": -0.0028958552910052907
}