{
  "bolusiob": 0.0075170649999999894, 
  "iob": 0.6881133748609161, 
  "activity": 0.013591693033509699
}