{
  "bolusiob": 0.29292066176000003, 
  "iob": 0.652276671498, 
  "activity": 0.005485432098765428
}