{
  "bolusiob": 0, 
  "iob": -0.05574816454261639, 
  "activity": 0.0008017457671957667
}