{
  "bolusiob": 0, 
  "iob": 0.0012072901636980618, 
  "activity": 0.004804629541446203
}