{
  "bolusiob": 0, 
  "iob": 0.019574167869252812, 
  "activity": -0.0014133913932980614
}