{
  "bolusiob": 0.4250775966666668, 
  "iob": 1.6463405065438892, 
  "activity": 0.026304514991181655
}