{
  "bolusiob": 0, 
  "iob": 0.1744487530949885, 
  "activity": 0.0036276808641975303
}