{
  "bolusiob": 0, 
  "iob": -0.2879955294311111, 
  "activity": -0.0009471604938271603
}