{
  "bolusiob": 0, 
  "iob": -0.31675336433893087, 
  "activity": 0.011811893897707237
}