{
  "bolusiob": 0, 
  "iob": -0.328036250885139, 
  "activity": -0.0052988095238095225
}