{
  "bolusiob": 0, 
  "iob": 0.4831722342642362, 
  "activity": 0.002102716419753086
}