{
  "bolusiob": 0, 
  "iob": -0.6055316391641341, 
  "activity": -0.004941005379188712
}