{
  "bolusiob": 0, 
  "iob": 0.059030570566504716, 
  "activity": 0.0013844794532627863
}