{
  "bolusiob": 0, 
  "iob": 0.10958031294981804, 
  "activity": 0.0005203612874779537
}