{
  "bolusiob": 0, 
  "iob": -0.536931219659528, 
  "activity": -0.00633969135802469
}