{
  "bolusiob": 0, 
  "iob": 1.7669079003407308e-05, 
  "activity": 4.502389770723097e-05
}