{
  "bolusiob": 0, 
  "iob": -0.6487139486486112, 
  "activity": -0.002961172839506173
}