{
  "bolusiob": 0, 
  "iob": 0.04281532669946118, 
  "activity": -0.00485225717813051
}