{
  "bolusiob": 0.06552231986666673, 
  "iob": 0.5218648928276391, 
  "activity": 0.007559708994708992
}