{
  "bolusiob": 0, 
  "iob": 0.45422059286775424, 
  "activity": 0.004963395149911815
}