{
  "bolusiob": 0, 
  "iob": -0.385309543067836, 
  "activity": -0.006332574991181656
}