{
  "bolusiob": 0, 
  "iob": 0.12691756512111113, 
  "activity": -0.0006755731922398576
}