{
  "bolusiob": 0, 
  "iob": 0.9049918302419722, 
  "activity": 0.011031992945326275
}