{
  "bolusiob": 0.4575302512, 
  "iob": 1.4066173029294446, 
  "activity": 0.012623395061728394
}