{
  "bolusiob": 0.009853404440000092, 
  "iob": 1.3890544235576652, 
  "activity": 0.030970422398589062
}