{
  "bolusiob": 0, 
  "iob": -0.2372493745433333, 
  "activity": 0.0013971604938271607
}