{
  "bolusiob": 0, 
  "iob": 0.24089528949752775, 
  "activity": 0.006430749559082891
}