{
  "bolusiob": 0.5342534426666667, 
  "iob": 1.2009609708130558, 
  "activity": 0.011334197530864195
}