{
  "bolusiob": 0, 
  "iob": -0.01877747133954024, 
  "activity": -0.009090943209876544
}