{
  "bolusiob": 0, 
  "iob": -0.2374296568406806, 
  "activity": -0.004115917107583773
}