{
  "bolusiob": 0, 
  "iob": 0.30936166624000005, 
  "activity": 0.008289947089947087
}