{
  "bolusiob": 0, 
  "iob": -0.3493150909894444, 
  "activity": -0.0015318077601410933
}