{
  "bolusiob": 0.47327142000000005, 
  "iob": 1.066499845368125, 
  "activity": 0.011741622574955904
}