{
  "bolusiob": 0, 
  "iob": -0.14049347618885044, 
  "activity": -0.003400282098765432
}