{
  "bolusiob": 0, 
  "iob": -0.4241956895640673, 
  "activity": -0.010618092134038798
}