{
  "bolusiob": 0, 
  "iob": -0.39613815514636846, 
  "activity": -0.007585229647266313
}