{
  "bolusiob": 0, 
  "iob": -0.10043859017222223, 
  "activity": -0.0012085537918871251
}