{
  "bolusiob": 0, 
  "iob": 0.6550643968159724, 
  "activity": 0.0045275308641975305
}