{
  "bolusiob": 0, 
  "iob": 0.8288731544226389, 
  "activity": 0.0084870987654321
}