{
  "bolusiob": 0, 
  "iob": 0.6855847809553621, 
  "activity": 0.00659498248677249
}