{
  "bolusiob": 0, 
  "iob": 0.25567355752654536, 
  "activity": 0.0013472748324514995
}