{
  "bolusiob": 0.4041232398000001, 
  "iob": 0.8462013117624999, 
  "activity": 0.010724638447971767
}