{
  "bolusiob": 0, 
  "iob": -0.3076005907107082, 
  "activity": -0.004063862345679012
}