{
  "bolusiob": 0, 
  "iob": 0.8656331792324445, 
  "activity": 0.006652980599647266
}