{
  "bolusiob": 1.5777446699733337, 
  "iob": 5.17798901844414, 
  "activity": 0.06520414499118164
}