{
  "bolusiob": 0, 
  "iob": 0.9806471998495602, 
  "activity": 0.016814311904761903
}