{
  "bolusiob": 0, 
  "iob": 1.0950087416758336, 
  "activity": 0.013351393298059962
}