{
  "bolusiob": 0, 
  "iob": 0.32554528840888886, 
  "activity": 0.0048392416225749545
}