{
  "bolusiob": 0, 
  "iob": -0.5510969114233599, 
  "activity": -0.004181164003527336
}