{
  "bolusiob": 0, 
  "iob": 0.24289064935770258, 
  "activity": 0.007551252116402113
}