{
  "bolusiob": 0, 
  "iob": 0.15942030328873524, 
  "activity": 0.0054730860670194
}