{
  "bolusiob": 0, 
  "iob": 0.07711526491035489, 
  "activity": 0.005086013668430335
}