{
  "bolusiob": 0, 
  "iob": -0.137669070341791, 
  "activity": -0.010456781428571425
}