{
  "bolusiob": 0, 
  "iob": -0.3955077743392223, 
  "activity": -0.004857231040564373
}