{
  "bolusiob": 0, 
  "iob": -0.05125061575055555, 
  "activity": -0.0010110670194003525
}