{
  "bolusiob": 0, 
  "iob": 0.9210456919692493, 
  "activity": 0.012929047865961203
}