{
  "bolusiob": 0, 
  "iob": 0.015654674328680562, 
  "activity": 0.0009167813051146382
}