{
  "bolusiob": 0, 
  "iob": -0.024661212189595497, 
  "activity": 0.0019858905291005287
}