{
  "bolusiob": 0, 
  "iob": 1.2963912959741948, 
  "activity": 0.014383395061728392
}