{
  "bolusiob": 0, 
  "iob": 0.3843132912101042, 
  "activity": -0.003584409171075837
}