{
  "bolusiob": 0, 
  "iob": 0.7309073843879944, 
  "activity": 0.01147648112874779
}