{
  "bolusiob": 0, 
  "iob": 0.7722057028327055, 
  "activity": 0.009051614003527336
}