{
  "bolusiob": 0, 
  "iob": -0.2082213912741866, 
  "activity": 0.00044433850088183326
}