{
  "bolusiob": 1.9308379463466667, 
  "iob": 3.8500192262408, 
  "activity": 0.032857929329805975
}