{
  "bolusiob": 0, 
  "iob": -0.30335846171668446, 
  "activity": -0.0007321341622574961
}