{
  "bolusiob": 0, 
  "iob": 0.0387180684184722, 
  "activity": -0.0010330952380952373
}