{
  "bolusiob": 0, 
  "iob": 0.9243501985314334, 
  "activity": 0.01036091710758377
}