{
  "bolusiob": 0, 
  "iob": -0.03429753632160094, 
  "activity": -0.0007887866137566172
}