{
  "bolusiob": 0, 
  "iob": 0.5562120004481482, 
  "activity": 0.01956474444444444
}