{
  "bolusiob": 0, 
  "iob": 0.5773123144584377, 
  "activity": -0.00172555529100529
}