{
  "bolusiob": 0, 
  "iob": -0.22101141848336708, 
  "activity": -0.0031574514109347445
}