{
  "bolusiob": 0, 
  "iob": 0.13769395508625001, 
  "activity": 0.0008319312169312173
}