{
  "bolusiob": 0, 
  "iob": 0.07286638479944446, 
  "activity": 0.002139664902998236
}