{
  "bolusiob": 0, 
  "iob": -0.021404556618750015, 
  "activity": 3.952380952380932e-05
}