{
  "bolusiob": 0, 
  "iob": 0.9530578295793838, 
  "activity": 0.02452963835978836
}