{
  "bolusiob": 0, 
  "iob": 0.5259441989020445, 
  "activity": 0.007931481604938269
}