{
  "bolusiob": 0, 
  "iob": -0.33200203790191907, 
  "activity": -0.0029973675132275134
}