{
  "bolusiob": 0.011336246800000005, 
  "iob": 0.5857899200586668, 
  "activity": 0.016321340388007054
}