{
  "bolusiob": 0, 
  "iob": -0.047245384702739895, 
  "activity": 0.0019781834038800706
}