{
  "bolusiob": 0, 
  "iob": 0.5987349975305556, 
  "activity": 0.009251604938271605
}