{
  "bolusiob": 0, 
  "iob": 0.04803049612431487, 
  "activity": -0.00013208121693121663
}