{
  "bolusiob": 0, 
  "iob": -0.049152789658604853, 
  "activity": -0.0019232538800705466
}