{
  "bolusiob": 0, 
  "iob": 0.2512054161606815, 
  "activity": 0.003004752698412698
}