{
  "bolusiob": 0, 
  "iob": 0.05180916314014182, 
  "activity": -0.005972706596119928
}