{
  "bolusiob": 0.01959646447999994, 
  "iob": 1.4136596146506542, 
  "activity": 0.03196130423280423
}