{
  "bolusiob": 0.31890831217777776, 
  "iob": 0.15387459099719342, 
  "activity": -0.0013543741446208112
}