{
  "bolusiob": 0, 
  "iob": 0.038336533889999976, 
  "activity": -0.0037323897707231047
}