{
  "bolusiob": 0, 
  "iob": -0.7582018064423393, 
  "activity": 0.0018121599999999973
}