{
  "bolusiob": 0, 
  "iob": 0.46285492564556363, 
  "activity": 0.007931057936507937
}