{
  "bolusiob": 0, 
  "iob": 0.17755194086597226, 
  "activity": 0.0028467107583774252
}