{
  "bolusiob": 0, 
  "iob": -0.20681506878013264, 
  "activity": -0.0016468517636684299
}