{
  "bolusiob": 0, 
  "iob": 0.031604305912593736, 
  "activity": -0.005813633156966487
}