{
  "bolusiob": 0, 
  "iob": 0.45728327379333333, 
  "activity": 0.006141305114638446
}