{
  "bolusiob": 0, 
  "iob": 0.1717641019640841, 
  "activity": -0.0055400256084656065
}