{
  "bolusiob": 0, 
  "iob": -0.05334101871851871, 
  "activity": 0.0005544268959435634
}