{
  "bolusiob": 0, 
  "iob": -0.3558708447881327, 
  "activity": 0.0034224157848324515
}