{
  "bolusiob": 0, 
  "iob": 0.8362186501513492, 
  "activity": 0.009741305026455023
}