{
  "bolusiob": 0, 
  "iob": -0.2448687664888889, 
  "activity": -0.00044913580246913577
}