{
  "bolusiob": 1.3162740816177778, 
  "iob": 1.6592496124346834, 
  "activity": 0.0069745675308641964
}