{
  "bolusiob": 1.337032526791111, 
  "iob": 1.4924711603533332, 
  "activity": 0.006307063492063491
}