{
  "bolusiob": 0, 
  "iob": -0.4447614738953334, 
  "activity": -0.004288906525573191
}