{
  "bolusiob": 0, 
  "iob": -0.4198008306631111, 
  "activity": 0.0005676190476190479
}