{
  "bolusiob": 0, 
  "iob": 0.47221082686077087, 
  "activity": 0.0069166310405643725
}