{
  "bolusiob": 0, 
  "iob": 0.30017173542694525, 
  "activity": 0.00720537049382716
}