{
  "bolusiob": 0, 
  "iob": 0.6459620051486243, 
  "activity": 0.011773095485008817
}