{
  "bolusiob": 0, 
  "iob": 0.6622315575855556, 
  "activity": 0.003343456790123456
}