{
  "bolusiob": 0, 
  "iob": 0.05374716277, 
  "activity": -0.002332319223985891
}