{
  "bolusiob": 0.21391498944000006, 
  "iob": 1.2423106657433127, 
  "activity": 0.02653458703703703
}