{
  "bolusiob": 0, 
  "iob": 1.3858313458786, 
  "activity": 0.018319579894179892
}