{
  "bolusiob": 0, 
  "iob": 0.0016334086833333318, 
  "activity": 0.00021199294532627872
}