{
  "bolusiob": 0, 
  "iob": 0.42644095227117795, 
  "activity": 0.00819529111111111
}