{
  "bolusiob": 0, 
  "iob": 0.5368039150275821, 
  "activity": 0.012317963227513223
}