{
  "bolusiob": 0, 
  "iob": -0.22689514327951155, 
  "activity": -0.004142715961199295
}