{
  "bolusiob": 0, 
  "iob": 0.8612057125283336, 
  "activity": 0.011197389770723102
}