{
  "bolusiob": 0.6856488957333333, 
  "iob": 1.3263680426809026, 
  "activity": 0.011874603174603173
}