{
  "bolusiob": 0, 
  "iob": 0.6788111429111577, 
  "activity": 0.008305497477954144
}