{
  "bolusiob": 0.7924489076000001, 
  "iob": 1.6042718905292845, 
  "activity": 0.012547530987654319
}