{
  "bolusiob": 0, 
  "iob": -0.06203509214958331, 
  "activity": -0.00023651675485008826
}