{
  "bolusiob": 0, 
  "iob": -0.06484092102329861, 
  "activity": 0.0011176851851851847
}