{
  "bolusiob": 0, 
  "iob": 0.5029662169055557, 
  "activity": 0.005897716049382715
}