{
  "bolusiob": 0, 
  "iob": 0.5681243536269847, 
  "activity": 0.0071549113756613734
}