{
  "bolusiob": 0, 
  "iob": -0.2573559523912108, 
  "activity": -0.0045212430335097
}