{
  "bolusiob": 0, 
  "iob": -0.26018651390827924, 
  "activity": 0.0012129914991181657
}