{
  "bolusiob": 0, 
  "iob": 0.1712939496794792, 
  "activity": 0.004415652557319223
}