{
  "bolusiob": 0, 
  "iob": 1.3129742925481933, 
  "activity": 0.028437631393298062
}