{
  "bolusiob": 0, 
  "iob": 0.19473601535694451, 
  "activity": 0.005058174603174603
}