{
  "bolusiob": 0, 
  "iob": 0.36261400942388894, 
  "activity": 0.0012482010582010577
}