{
  "bolusiob": 0, 
  "iob": 0.3806639666417722, 
  "activity": 0.0032408495590828925
}