{
  "bolusiob": 0, 
  "iob": 0.699283864242014, 
  "activity": 0.00784626984126984
}