{
  "bolusiob": 2.9386639824, 
  "iob": 3.112118839945833, 
  "activity": 0.004482257495590829
}