{
  "bolusiob": 0, 
  "iob": 0.09065480422777777, 
  "activity": 0.001482980599647266
}