{
  "bolusiob": 0, 
  "iob": 0.25502548688043747, 
  "activity": -0.0021477425044091705
}