{
  "bolusiob": 0, 
  "iob": 1.090714303894167, 
  "activity": 0.011710679012345678
}