{
  "bolusiob": 0, 
  "iob": 0.6666158715395409, 
  "activity": 0.01324118282186948
}