{
  "bolusiob": 0.03163393024000003, 
  "iob": 0.4767859808196668, 
  "activity": 0.008794620811287474
}