{
  "bolusiob": 0, 
  "iob": -0.14181651453811114, 
  "activity": -0.0018746225749559078
}