{
  "bolusiob": 0, 
  "iob": -0.2551463544499424, 
  "activity": 0.00946383040564373
}