{
  "bolusiob": 0, 
  "iob": -0.19756952726316324, 
  "activity": -0.003667539594356261
}