{
  "bolusiob": 3.3735690751733323, 
  "iob": 4.228706502852222, 
  "activity": 0.020059320987654318
}