{
  "bolusiob": 0, 
  "iob": 0.8766067589115434, 
  "activity": 0.0106367994356261
}