{
  "bolusiob": 0, 
  "iob": 0.8446931925750002, 
  "activity": 0.014121851851851847
}