{
  "bolusiob": 0, 
  "iob": 0.07035279388388888, 
  "activity": -0.0014479717813051136
}