{
  "bolusiob": 0, 
  "iob": 0.06108999737666669, 
  "activity": 0.0022266313932980597
}