{
  "bolusiob": 0.05422737764000006, 
  "iob": 0.9455524310375629, 
  "activity": 0.03267809495590828
}