{
  "bolusiob": 0, 
  "iob": 0.3638492092766667, 
  "activity": 0.0027075308641975305
}