{
  "bolusiob": 0, 
  "iob": -0.021317008128645835, 
  "activity": 0.00017663580246913557
}