{
  "bolusiob": 0, 
  "iob": 0.6398705409124885, 
  "activity": 0.005007007425044092
}