{
  "bolusiob": 0, 
  "iob": -0.02827558163115995, 
  "activity": 0.0018749205114638446
}