{
  "bolusiob": 0, 
  "iob": -0.15561032833412064, 
  "activity": -0.0011497973897707232
}