{
  "bolusiob": 0, 
  "iob": -0.7592490423348611, 
  "activity": -0.00583600529100529
}