{
  "bolusiob": 0, 
  "iob": 0.6269026850864582, 
  "activity": 0.0021138362433862435
}