{
  "bolusiob": 0, 
  "iob": 0.17476794962804107, 
  "activity": 0.0040708114109347425
}