{
  "bolusiob": 0, 
  "iob": 0.1770947642522665, 
  "activity": 0.0013507757142857148
}