{
  "bolusiob": 0, 
  "iob": 0.38278785638905616, 
  "activity": -0.00644799814814815
}