{
  "bolusiob": 0, 
  "iob": -0.10495037649791669, 
  "activity": -0.0028454144620811282
}