{
  "bolusiob": 0.16810521727999994, 
  "iob": 2.191240020994366, 
  "activity": 0.030692786419753076
}