{
  "bolusiob": 0, 
  "iob": 0.8084975207627679, 
  "activity": 0.009969135573192239
}