{
  "bolusiob": 0, 
  "iob": 0.02930522808812449, 
  "activity": 0.00019375649029982375
}