{
  "bolusiob": 0, 
  "iob": -0.24391023058525002, 
  "activity": -0.0006178500881834216
}