{
  "bolusiob": 0, 
  "iob": -0.24196860605037573, 
  "activity": 0.002368236208112875
}