{
  "bolusiob": 0, 
  "iob": 0.633747047632292, 
  "activity": 0.008327901375661374
}