{
  "bolusiob": 0, 
  "iob": -0.48723438572315714, 
  "activity": -0.003294206172839505
}