{
  "bolusiob": 0, 
  "iob": 0.4734339681700346, 
  "activity": 0.0064340648148148135
}