{
  "bolusiob": -0.00010757926666671302, 
  "iob": 0.19812144834077777, 
  "activity": 0.010527883597883595
}