{
  "bolusiob": 0.56440426496, 
  "iob": 0.836483559008889, 
  "activity": 0.003622469135802469
}