{
  "bolusiob": 0, 
  "iob": -0.5279357359873513, 
  "activity": -0.0053579364726631384
}