{
  "bolusiob": 0, 
  "iob": 1.094044789432041, 
  "activity": 0.011818297971781305
}