{
  "bolusiob": 0, 
  "iob": 0.3756458062027097, 
  "activity": 0.01460516525573192
}