{
  "bolusiob": 0, 
  "iob": 0.26189272381694445, 
  "activity": 0.0005971869488536161
}