{
  "bolusiob": 1.1899909238000002, 
  "iob": 2.837524536100888, 
  "activity": 0.03266911816578482
}