{
  "bolusiob": 0, 
  "iob": -0.23515747294875003, 
  "activity": -0.001131349206349206
}