{
  "bolusiob": 0, 
  "iob": -0.1952795120915278, 
  "activity": -0.0009012610229276897
}