{
  "bolusiob": 0.0052186775599999844, 
  "iob": 0.7789224843009114, 
  "activity": 0.012508165291005287
}