{
  "bolusiob": 0, 
  "iob": -0.35419996723201475, 
  "activity": -0.005521234391534391
}