{
  "bolusiob": 0, 
  "iob": 1.1146620724670138, 
  "activity": 0.012959479717813048
}