{
  "bolusiob": 0, 
  "iob": 0.0003022897000000024, 
  "activity": 0.0001052910052910052
}