{
  "bolusiob": 0, 
  "iob": -0.43622475024596374, 
  "activity": -0.004318941710758377
}