{
  "bolusiob": 0, 
  "iob": 1.1162284170620138, 
  "activity": 0.013021225749559077
}