{
  "bolusiob": 0, 
  "iob": 0.4682940797717117, 
  "activity": 0.0025032455202821866
}