{
  "bolusiob": 0.000196690559999968, 
  "iob": 0.5505749909090222, 
  "activity": 0.015353395326278657
}