{
  "bolusiob": 0.6308728590222222, 
  "iob": 1.0054456620838543, 
  "activity": -0.002222328042328043
}