{
  "bolusiob": 0, 
  "iob": 1.1094802056966668, 
  "activity": 0.013775044091710754
}