{
  "bolusiob": 0.5263128597333333, 
  "iob": 1.630855932530665, 
  "activity": 0.019184479629629627
}