{
  "bolusiob": 3.4214652128533336, 
  "iob": 4.272168369445556, 
  "activity": 0.018475723104056433
}