{
  "bolusiob": 0, 
  "iob": -0.06464958600756945, 
  "activity": -0.0027315608465608462
}