{
  "bolusiob": 0, 
  "iob": -0.20068739831026652, 
  "activity": 0.0031508731040564386
}