{
  "bolusiob": 0, 
  "iob": 0.5474137956972307, 
  "activity": 0.0034329809700176365
}