{
  "bolusiob": 0.6003127075200001, 
  "iob": 1.5665600342965411, 
  "activity": 0.01254678130511464
}