{
  "bolusiob": 0.047454678319999964, 
  "iob": 0.2620964339648611, 
  "activity": 0.01023806878306878
}