{
  "bolusiob": 0.03159040906666666, 
  "iob": 0.5952909134741666, 
  "activity": 0.01014970017636684
}