{
  "bolusiob": 0, 
  "iob": 0.09399201142595083, 
  "activity": 0.0021370279541446206
}