{
  "bolusiob": 0, 
  "iob": 0.5733092305105244, 
  "activity": 0.011402010705467367
}