{
  "bolusiob": 0.011832513919999997, 
  "iob": 0.6993362590904166, 
  "activity": 0.01655025573192239
}