{
  "bolusiob": 0, 
  "iob": -0.08982366228116671, 
  "activity": 0.00543179012345679
}