{
  "bolusiob": 0, 
  "iob": -0.392687681162625, 
  "activity": -0.006134885361552026
}