{
  "bolusiob": 0.23956710333333336, 
  "iob": 1.3594849794327781, 
  "activity": 0.025453721340388005
}