{
  "bolusiob": 0, 
  "iob": 0.18938886440761793, 
  "activity": 0.005682574938271605
}