{
  "bolusiob": 0, 
  "iob": 0.028683732375902736, 
  "activity": -4.978835978836001e-05
}