{
  "bolusiob": 1.1557661948622222, 
  "iob": 1.62240919284868, 
  "activity": 0.010767649276895943
}