{
  "bolusiob": 0.7833453439111111, 
  "iob": 1.3985280296109863, 
  "activity": 0.021961190476190474
}