{
  "bolusiob": 0.07147468906666671, 
  "iob": 0.3468428149901325, 
  "activity": 0.0063212519400352735
}