{
  "bolusiob": 2.651557517777778, 
  "iob": 3.001501297673889, 
  "activity": 0.010856657848324514
}