{
  "bolusiob": 0, 
  "iob": 0.09529436246444445, 
  "activity": 0.0015046384479717807
}