{
  "bolusiob": 0, 
  "iob": -0.03977830997486113, 
  "activity": 0.0036413756613756605
}