{
  "bolusiob": 0, 
  "iob": 0.16954828779888892, 
  "activity": 0.0014185802469135797
}