{
  "bolusiob": 0, 
  "iob": -0.11811661364187484, 
  "activity": 0.011661507936507935
}