{
  "bolusiob": 0, 
  "iob": 0.5168952951411482, 
  "activity": 0.0077750438271604935
}