{
  "bolusiob": 0, 
  "iob": -0.19683630676847697, 
  "activity": -0.0016748589594356256
}