{
  "bolusiob": 0.9508972243555556, 
  "iob": 0.5494139437359722, 
  "activity": -0.0025068430335097
}