{
  "bolusiob": 0, 
  "iob": -0.043581473178333295, 
  "activity": 1.6261022927688772e-05
}