{
  "bolusiob": 0, 
  "iob": -0.4113820595838238, 
  "activity": -0.006214973791887124
}