{
  "bolusiob": 0, 
  "iob": 0.9186662071128925, 
  "activity": 0.009619435537918872
}