{
  "bolusiob": 0, 
  "iob": 0.7188541818162814, 
  "activity": 0.008922345873015871
}