{
  "bolusiob": 0, 
  "iob": -0.09028237765708334, 
  "activity": -0.0017225925925925924
}