{
  "bolusiob": 0.18340685439999999, 
  "iob": 0.44500718450244137, 
  "activity": 0.006260052645502643
}