{
  "bolusiob": 3.5029816640399996, 
  "iob": 3.929559583714439, 
  "activity": 0.019748562733686064
}