{
  "bolusiob": 0, 
  "iob": -0.44103872665675004, 
  "activity": -0.006379285714285714
}