{
  "bolusiob": 0, 
  "iob": -0.07423737844865151, 
  "activity": -0.0021652291887125216
}