{
  "bolusiob": 0, 
  "iob": 0.13028377502308658, 
  "activity": 0.00318900365079365
}