{
  "bolusiob": 0, 
  "iob": -0.42227433139440806, 
  "activity": -0.006657257319223985
}