{
  "bolusiob": 0, 
  "iob": 0.48121511518221854, 
  "activity": 0.006315984938271605
}