{
  "bolusiob": 0.29030697770666664, 
  "iob": -0.044110062157815114, 
  "activity": -0.0024441185361552026
}