{
  "bolusiob": 0, 
  "iob": 1.027907060248889, 
  "activity": 0.016538941798941786
}