{
  "bolusiob": 1.00822199296, 
  "iob": 1.3959197300824997, 
  "activity": 0.009614832451499116
}