{
  "bolusiob": 0, 
  "iob": -0.23597483752544318, 
  "activity": -0.006590325661375659
}