{
  "bolusiob": 0, 
  "iob": -0.2514152202637362, 
  "activity": -0.0020667901234567893
}