{
  "bolusiob": 0.28421958333333336, 
  "iob": 0.8202852291118887, 
  "activity": 0.0061968430335097
}