{
  "bolusiob": 0, 
  "iob": -0.04013803475589085, 
  "activity": 0.0005318516754850085
}