{
  "bolusiob": 0, 
  "iob": 0.4590226062038889, 
  "activity": 0.006944673721340388
}