{
  "bolusiob": 0, 
  "iob": 0.3937324067220833, 
  "activity": -0.0006013932980599645
}