{
  "bolusiob": 0, 
  "iob": 0.23277139109381945, 
  "activity": -0.0014326455026455033
}