{
  "bolusiob": 0.9364952171866666, 
  "iob": 2.8781355878363333, 
  "activity": 0.029309664902998234
}