{
  "bolusiob": 0, 
  "iob": 0.8082048570080002, 
  "activity": 0.006429594356261023
}