{
  "bolusiob": 0, 
  "iob": 1.2282828678432995, 
  "activity": 0.028728279982363315
}