{
  "bolusiob": 0, 
  "iob": -0.22992271588076443, 
  "activity": -9.667437389770754e-05
}