{
  "bolusiob": 0.08589920906666668, 
  "iob": 0.5766068681694444, 
  "activity": 0.005202998236331568
}