{
  "bolusiob": 0, 
  "iob": 0.6236822121790841, 
  "activity": 0.00869358037037036
}