{
  "bolusiob": 0, 
  "iob": 0.00270848239, 
  "activity": 0.0002656084656084655
}