{
  "bolusiob": 0.14309708655999998, 
  "iob": 0.9585671439680644, 
  "activity": 0.014312674162257493
}