{
  "bolusiob": 0.0018239769599999178, 
  "iob": 0.369636490505152, 
  "activity": 0.005874753262786595
}