{
  "bolusiob": 0.18186911781333337, 
  "iob": 0.6290769661541796, 
  "activity": 0.008174955467372132
}