{
  "bolusiob": 0, 
  "iob": 0.06857639469777778, 
  "activity": 0.002053209876543209
}