{
  "bolusiob": 0.5056783271333336, 
  "iob": 2.3799337193005563, 
  "activity": 0.032735291005290997
}