{
  "bolusiob": 1.9102119780400002, 
  "iob": 4.8423074374772215, 
  "activity": 0.04988142857142855
}