{
  "bolusiob": 0, 
  "iob": 0.30833286172833335, 
  "activity": 0.005075679012345679
}