{
  "bolusiob": 0, 
  "iob": -0.10652941397888892, 
  "activity": -0.0010311904761904763
}