{
  "bolusiob": 0, 
  "iob": -0.08870584637645836, 
  "activity": -0.002585934744268077
}