{
  "bolusiob": 0, 
  "iob": 0.13635146686555555, 
  "activity": 0.0012424603174603164
}