{
  "bolusiob": 0.3999065275022222, 
  "iob": 1.3456460265276624, 
  "activity": 0.010140599118165783
}