{
  "bolusiob": 1.7776252545600002, 
  "iob": 3.2067188282002004, 
  "activity": 0.02241118747795414
}