{
  "bolusiob": 0, 
  "iob": -0.21332777264903185, 
  "activity": 0.00031652520282186917
}