{
  "bolusiob": 0, 
  "iob": -0.06858243035035196, 
  "activity": 0.0007788446208112865
}