{
  "bolusiob": 0, 
  "iob": 0.33150137451333334, 
  "activity": 0.00848012345679012
}