{
  "bolusiob": 0, 
  "iob": 0.05524026841000002, 
  "activity": 0.003046560846560846
}