{
  "bolusiob": 0, 
  "iob": 0.3913641909748111, 
  "activity": 0.004702866084656083
}