{
  "bolusiob": 0, 
  "iob": 0.14120700531722225, 
  "activity": 0.0014027336860670198
}