{
  "bolusiob": 0, 
  "iob": -0.04234076079069444, 
  "activity": -0.0008907495590828918
}