{
  "bolusiob": 0, 
  "iob": 0.4846179438011945, 
  "activity": 0.0037495149911816565
}