{
  "bolusiob": 0.5771360862000001, 
  "iob": 1.7987567925578118, 
  "activity": 0.021146455202821865
}