{
  "bolusiob": 0, 
  "iob": 0.3745626507095, 
  "activity": 0.008555520282186948
}