{
  "bolusiob": 0, 
  "iob": 0.14458785293708332, 
  "activity": 0.002473959435626101
}