{
  "bolusiob": 0.01460719551999996, 
  "iob": 0.17961505001954564, 
  "activity": 0.009362795291005286
}