{
  "bolusiob": 0.15709146639999982, 
  "iob": 1.3815746152048392, 
  "activity": 0.02322229268077601
}