{
  "bolusiob": 0.29662926122666666, 
  "iob": -0.004501091506952937, 
  "activity": -0.00236473582010582
}