{
  "bolusiob": 0, 
  "iob": 0.031008427026444407, 
  "activity": 0.0037593386243386213
}