{
  "bolusiob": 0, 
  "iob": 0.2613707628044445, 
  "activity": 0.0010973015873015875
}