{
  "bolusiob": 0, 
  "iob": 0.10957983855610448, 
  "activity": -0.004978420970017633
}