{
  "bolusiob": 0, 
  "iob": 0.6980674339216668, 
  "activity": 0.008437354497354492
}