{
  "bolusiob": 0.7354401689600001, 
  "iob": 0.6893171254972223, 
  "activity": 0.0036417283950617284
}