{
  "bolusiob": 0.7833776510222222, 
  "iob": 0.6185250397008334, 
  "activity": -0.0007420194003527344
}