{
  "bolusiob": 0.5909011740800002, 
  "iob": 2.4674291024344095, 
  "activity": 0.022930288924162247
}