{
  "bolusiob": 0, 
  "iob": 0.2274398090617814, 
  "activity": 0.003189223721340387
}