{
  "bolusiob": 0, 
  "iob": 0.4242278987800001, 
  "activity": 0.007733492063492063
}