{
  "bolusiob": 0, 
  "iob": -0.06033109880831751, 
  "activity": -0.0011234125220458547
}