{
  "bolusiob": 0, 
  "iob": 0.2739687858155257, 
  "activity": 0.0011214728747795427
}