{
  "bolusiob": 0, 
  "iob": 0.5452708576009255, 
  "activity": 0.004721948941798941
}