{
  "bolusiob": 0, 
  "iob": -0.932407234384027, 
  "activity": -0.00350214335097002
}