{
  "bolusiob": 0, 
  "iob": 0.37291210954423537, 
  "activity": 0.002960732116402117
}