{
  "bolusiob": 0, 
  "iob": -0.8058974083045833, 
  "activity": -0.005985608465608466
}