{
  "bolusiob": 0, 
  "iob": 1.39981440872572, 
  "activity": 0.01835206375661376
}