{
  "bolusiob": -0.00033761379999996954, 
  "iob": 0.38128643902055565, 
  "activity": 0.015097830687830681
}