{
  "bolusiob": 0.017473972693333905, 
  "iob": 1.5254381313994567, 
  "activity": 0.038583500793650784
}