{
  "bolusiob": 0, 
  "iob": -0.032586240711666666, 
  "activity": -0.0026212610229276894
}