{
  "bolusiob": 0, 
  "iob": 0.5937522097856084, 
  "activity": 0.006642042239858906
}