{
  "bolusiob": 0, 
  "iob": -0.051709926989444446, 
  "activity": 0.001126975308641975
}