{
  "bolusiob": 0, 
  "iob": -0.46421218687206944, 
  "activity": -0.0068551499118165785
}