{
  "bolusiob": 0, 
  "iob": 0.34345550793778856, 
  "activity": 0.00852057557319224
}