{
  "bolusiob": 0, 
  "iob": 0.696882516977481, 
  "activity": 0.0025887479188712527
}