{
  "bolusiob": 0, 
  "iob": -0.151845747949375, 
  "activity": -0.003769973544973544
}