{
  "bolusiob": -6.106899999998028e-05, 
  "iob": -0.5534018255807098, 
  "activity": 0.006523561763668429
}