{
  "bolusiob": 0.08075652053333315, 
  "iob": 2.392285738304445, 
  "activity": 0.060467671957671956
}