{
  "bolusiob": 3.18747077616, 
  "iob": 3.184506505587941, 
  "activity": 0.00028303338624338637
}