{
  "bolusiob": 0, 
  "iob": -0.31460349502326396, 
  "activity": -0.00552348324514991
}