{
  "bolusiob": 0, 
  "iob": -0.01789759466529313, 
  "activity": -0.0028351133862433864
}