{
  "bolusiob": 0, 
  "iob": -0.013450192156111075, 
  "activity": 0.009579999999999997
}