{
  "bolusiob": 0, 
  "iob": -0.33750830304661117, 
  "activity": -0.005499973544973545
}