{
  "bolusiob": 0.16690126473333336, 
  "iob": 0.4330299402273692, 
  "activity": 0.006253350705467371
}