{
  "bolusiob": 0.4772663296, 
  "iob": 0.43217512391833335, 
  "activity": -0.0014448853615520274
}