{
  "bolusiob": 0, 
  "iob": -0.5047514878343056, 
  "activity": -0.003653395061728395
}