{
  "bolusiob": 0, 
  "iob": -0.6383041678741177, 
  "activity": -0.007588030670194001
}