{
  "bolusiob": 0, 
  "iob": -0.5412163302202778, 
  "activity": -0.005152742504409171
}