{
  "bolusiob": 0, 
  "iob": 0.3252318120232086, 
  "activity": 0.003852989417989421
}