{
  "bolusiob": 0, 
  "iob": 0.5146671030095278, 
  "activity": 0.004747310405643739
}