{
  "bolusiob": 0, 
  "iob": -0.3716629634864347, 
  "activity": -0.0015976452380952377
}