{
  "bolusiob": 0.8715792049066668, 
  "iob": 2.58453555713918, 
  "activity": 0.029657445238095246
}