{
  "bolusiob": 0, 
  "iob": -0.2489485932274813, 
  "activity": -0.0015715079894179933
}