{
  "bolusiob": 0, 
  "iob": 0.7921373274252779, 
  "activity": 0.011308924162257494
}