{
  "bolusiob": 0, 
  "iob": 0.3946577782211226, 
  "activity": 0.001993122398589065
}