{
  "bolusiob": 0, 
  "iob": 0.13739148489944447, 
  "activity": 0.0013811728395061724
}