{
  "bolusiob": 0, 
  "iob": -0.0939145782247088, 
  "activity": -0.0021564639858906516
}