{
  "bolusiob": 0, 
  "iob": -0.006143593028333333, 
  "activity": -0.0007487654320987654
}