{
  "bolusiob": 0, 
  "iob": 0.5604092234964783, 
  "activity": 0.0029446736331569657
}