{
  "bolusiob": 0, 
  "iob": 0.8238107462626025, 
  "activity": 0.00777231061728395
}