{
  "bolusiob": 0, 
  "iob": 0.12894042974888886, 
  "activity": 0.006059770723104055
}