{
  "bolusiob": 0, 
  "iob": 0.08401218931399171, 
  "activity": 0.0026619907936507926
}