{
  "bolusiob": 0, 
  "iob": 0.19771665376486375, 
  "activity": 0.0027131127865961187
}