{
  "bolusiob": 0, 
  "iob": -0.09442828413577929, 
  "activity": -0.003642962874779541
}