{
  "bolusiob": 0, 
  "iob": -0.11293187782037094, 
  "activity": 0.005693174514991183
}