{
  "bolusiob": 1.2088869841066665, 
  "iob": 1.7514317726130002, 
  "activity": 0.009201463844797177
}