{
  "bolusiob": 0, 
  "iob": 0.7640972785650655, 
  "activity": 0.014587724991181647
}