{
  "bolusiob": 0, 
  "iob": 0.1360667399177778, 
  "activity": -0.001897442680776014
}