{
  "bolusiob": 0, 
  "iob": 0.19206654991555558, 
  "activity": 0.0046512169312169305
}