{
  "bolusiob": 0, 
  "iob": -0.6658347893656978, 
  "activity": -0.008785549647266315
}