{
  "bolusiob": 0, 
  "iob": -0.27876653316654515, 
  "activity": -0.0040775657848324525
}