{
  "bolusiob": 0, 
  "iob": 0.0021867807500000006, 
  "activity": 0.00024126984126984118
}