{
  "bolusiob": 1.0289290855377777, 
  "iob": 2.216353881008889, 
  "activity": 0.021462716049382713
}