{
  "bolusiob": 0, 
  "iob": 0.6590767830532126, 
  "activity": 0.006326079347442681
}