{
  "bolusiob": 0, 
  "iob": 0.7551498169571963, 
  "activity": 0.00947023553791887
}