{
  "bolusiob": 0, 
  "iob": 0.48831517642063904, 
  "activity": 0.004404523809523808
}