{
  "bolusiob": 0, 
  "iob": 0.9801491338553334, 
  "activity": 0.009473236331569667
}