{
  "bolusiob": 0, 
  "iob": -0.07501182410662358, 
  "activity": -0.001556525308641975
}