{
  "bolusiob": 0, 
  "iob": 0.7133179364481272, 
  "activity": 0.002221393562610229
}