{
  "bolusiob": 0.6172161597155554, 
  "iob": 0.6768711292622223, 
  "activity": 0.0019461728395061722
}