{
  "bolusiob": 0, 
  "iob": 0.7090655253047117, 
  "activity": 0.009201728641975307
}