{
  "bolusiob": 0.46807024417777776, 
  "iob": 0.6176976483277778, 
  "activity": 0.006956437389770723
}