{
  "bolusiob": 0, 
  "iob": -0.3365873474736063, 
  "activity": 0.000256525485008818
}