{
  "bolusiob": 0, 
  "iob": 0.9035910299962642, 
  "activity": 0.009560335008818342
}