{
  "bolusiob": 0, 
  "iob": -0.094444438172, 
  "activity": -0.0021886860670193996
}