{
  "bolusiob": 0, 
  "iob": 0.2521897874561593, 
  "activity": 0.0030570101940035265
}