{
  "bolusiob": 0, 
  "iob": 0.763939701566551, 
  "activity": 0.006608192539682536
}