{
  "bolusiob": 0, 
  "iob": 0.26643199357591074, 
  "activity": 0.000550978924162258
}