{
  "bolusiob": 0, 
  "iob": 0.052273856248058644, 
  "activity": -0.002555176102292769
}