{
  "bolusiob": 0, 
  "iob": -0.112662606080009, 
  "activity": 0.0023391273721340366
}