{
  "bolusiob": 0.00753614800000002, 
  "iob": 0.6133470471931389, 
  "activity": 0.010774885361552028
}