{
  "bolusiob": 0, 
  "iob": 0.9238666329887778, 
  "activity": 0.014393562610229272
}