{
  "bolusiob": 0.16480569173333337, 
  "iob": 0.713064504363278, 
  "activity": 0.009582645502645499
}