{
  "bolusiob": 0, 
  "iob": 0.6867294627586876, 
  "activity": 0.014105097125220449
}