{
  "bolusiob": 0, 
  "iob": 0.022237330836944444, 
  "activity": 0.000306190476190476
}