{
  "bolusiob": 0.04002505173333332, 
  "iob": 0.30801562179798864, 
  "activity": 0.028224126701940026
}