{
  "bolusiob": 0, 
  "iob": 0.5669078158667676, 
  "activity": 0.007505846807760138
}