{
  "bolusiob": 0, 
  "iob": 0.7683362256591112, 
  "activity": 0.0063939682539682526
}