{
  "bolusiob": 0, 
  "iob": -0.2910503183442293, 
  "activity": -0.002790573104056437
}