{
  "bolusiob": 0, 
  "iob": 0.1558420211056114, 
  "activity": 0.001766649029982365
}