{
  "bolusiob": 0.08637117450666677, 
  "iob": 0.6226016451898793, 
  "activity": 0.018401490352733682
}