{
  "bolusiob": 0, 
  "iob": -0.2477834914177778, 
  "activity": -0.00029604938271604933
}