{
  "bolusiob": 0, 
  "iob": 0.21169765862333337, 
  "activity": 0.001725308641975308
}