{
  "bolusiob": 0, 
  "iob": 0.34026893150253473, 
  "activity": 0.008109228395061726
}