{
  "bolusiob": 0, 
  "iob": 0.2835103235433114, 
  "activity": 0.0030595146031746024
}