{
  "bolusiob": 0, 
  "iob": 0.039957030748888914, 
  "activity": 0.0009038624338624342
}