{
  "bolusiob": 1.08522548544, 
  "iob": 0.8157203962221735, 
  "activity": -0.004384982098765431
}