{
  "bolusiob": 0.004956337466666683, 
  "iob": 0.4938673967837455, 
  "activity": 0.015771269753086414
}