{
  "bolusiob": 0, 
  "iob": -0.2749973139031944, 
  "activity": -0.0009441887125220458
}