{
  "bolusiob": 0, 
  "iob": -0.22107094188720328, 
  "activity": -0.0063439764550264535
}