{
  "bolusiob": 3.3317650441288893, 
  "iob": 4.938803904950636, 
  "activity": 0.024756807636684298
}