{
  "bolusiob": 0, 
  "iob": 0.39167359223666665, 
  "activity": 0.004702557319223985
}