{
  "bolusiob": 0, 
  "iob": -0.24011207674375, 
  "activity": -0.0020336243386243386
}