{
  "bolusiob": 0, 
  "iob": -0.2578823937328692, 
  "activity": -0.0025157320987654317
}