{
  "bolusiob": 0, 
  "iob": 0.808604614469926, 
  "activity": 0.010127760052910053
}