{
  "bolusiob": 0, 
  "iob": -0.24112631119722042, 
  "activity": -0.00307674594356261
}