{
  "bolusiob": 0, 
  "iob": 0.07974684816372064, 
  "activity": 0.004915361922398589
}