{
  "bolusiob": 0, 
  "iob": 0.4452925019846991, 
  "activity": 0.0046761196649029975
}