{
  "bolusiob": 0, 
  "iob": 0.2763371439150217, 
  "activity": 0.0011869930335096986
}