{
  "bolusiob": 3.5394342035911106, 
  "iob": 3.893757364996662, 
  "activity": 0.015585414550264541
}