{
  "bolusiob": 0, 
  "iob": -0.10204377124297427, 
  "activity": 0.0004863140211640216
}