{
  "bolusiob": 0, 
  "iob": 1.0489038376779516, 
  "activity": 0.01115875661375661
}