{
  "bolusiob": 0, 
  "iob": 0.31295277487897066, 
  "activity": 0.0009833067195767194
}