{
  "bolusiob": 0, 
  "iob": 0.035377983892777715, 
  "activity": 0.015866349206349203
}