{
  "bolusiob": 0, 
  "iob": -0.1567286913337361, 
  "activity": -0.0013253262786596114
}