{
  "bolusiob": 0, 
  "iob": -0.17613614347762682, 
  "activity": -0.005159702945326278
}