{
  "bolusiob": 1.1103813021333333, 
  "iob": 1.1147146890027775, 
  "activity": 0.003917760141093474
}