{
  "bolusiob": 1.7164242330666668, 
  "iob": 2.4777723777311107, 
  "activity": 0.018388888888888885
}