{
  "bolusiob": 0.4528479153777778, 
  "iob": 0.5962012431427778, 
  "activity": 0.006856172839506172
}