{
  "bolusiob": 0, 
  "iob": 0.029600066012297817, 
  "activity": 0.00033375649029982314
}