{
  "bolusiob": 0.24602259673333338, 
  "iob": 1.150240002880325, 
  "activity": 0.00738948844797178
}