{
  "bolusiob": 0, 
  "iob": 0.21231334740459912, 
  "activity": 0.004957416349206349
}