{
  "bolusiob": 0, 
  "iob": -0.12119984198796929, 
  "activity": -0.0013332009700176366
}