{
  "bolusiob": 0, 
  "iob": 0.5108099804319017, 
  "activity": 0.005522725238095239
}