{
  "bolusiob": 0, 
  "iob": -0.14943532544767044, 
  "activity": -0.0015107847442680775
}