{
  "bolusiob": 0, 
  "iob": 0.4078115039777801, 
  "activity": 0.002054779770723104
}