{
  "bolusiob": 0, 
  "iob": 0.42620474583530665, 
  "activity": 0.008337836507936507
}