{
  "bolusiob": 0, 
  "iob": -0.15487166189930557, 
  "activity": -0.00331932098765432
}