{
  "bolusiob": 0, 
  "iob": 0.2906712851182203, 
  "activity": 0.0031196204232804225
}