{
  "bolusiob": 0, 
  "iob": 0.16127171453158995, 
  "activity": 0.001882760264550264
}