{
  "bolusiob": 0, 
  "iob": -0.6703954643472223, 
  "activity": -0.006002680776014108
}