{
  "bolusiob": 0.48110199647999985, 
  "iob": 1.5151016411659857, 
  "activity": 0.014010865961199288
}