{
  "bolusiob": 0, 
  "iob": 0.04801722967852861, 
  "activity": 0.0034354760141093463
}