{
  "bolusiob": 0, 
  "iob": -0.29675286321679173, 
  "activity": -0.003607962962962962
}