{
  "bolusiob": 0, 
  "iob": 1.2555012964639451, 
  "activity": 0.013627097513227514
}