{
  "bolusiob": 0, 
  "iob": 0.4793220044462162, 
  "activity": 0.01060061686067019
}