{
  "bolusiob": 0, 
  "iob": 0.030409944104801474, 
  "activity": 0.004891340723104047
}