{
  "bolusiob": 0.36234895523555555, 
  "iob": 0.6155954325098394, 
  "activity": 0.004451005202821868
}