{
  "bolusiob": 0, 
  "iob": 0.046749823329583336, 
  "activity": -0.0011136419753086419
}