{
  "bolusiob": 0, 
  "iob": 0.030951946424944442, 
  "activity": -0.001041164021164021
}