{
  "bolusiob": 0, 
  "iob": 0.097260954505, 
  "activity": 0.0002490740740740741
}