{
  "bolusiob": 0, 
  "iob": 0.2881894487144348, 
  "activity": 0.002278830864197531
}