{
  "bolusiob": 0, 
  "iob": 0.7666251617336, 
  "activity": 0.005222310582010582
}