{
  "bolusiob": 0, 
  "iob": -0.12616413215408337, 
  "activity": -0.0036489770723104036
}