{
  "bolusiob": 0.6851131801600001, 
  "iob": 0.47060034836461884, 
  "activity": -0.0034353441622574942
}