{
  "bolusiob": 0, 
  "iob": 0.005150417765545798, 
  "activity": -0.004508444638447971
}