{
  "bolusiob": 0, 
  "iob": -0.027530461178528726, 
  "activity": -0.0005523279365079371
}