{
  "bolusiob": 0, 
  "iob": 0.011641177145194415, 
  "activity": -0.0024483156966490288
}