{
  "bolusiob": 0, 
  "iob": -0.43646931661291677, 
  "activity": -0.00502574074074074
}