{
  "bolusiob": 0, 
  "iob": -0.08224404712121526, 
  "activity": 0.00024301146384479727
}