{
  "bolusiob": 1.44900066304, 
  "iob": 1.6929004681916668, 
  "activity": 0.005793774250440917
}