{
  "bolusiob": 0, 
  "iob": 0.0316016741341647, 
  "activity": 0.0011506170194003527
}