{
  "bolusiob": 0, 
  "iob": 0.1804199415949722, 
  "activity": 0.004366887125220457
}