{
  "bolusiob": 0, 
  "iob": 1.2060294704331518, 
  "activity": 0.013462106543209874
}