{
  "bolusiob": 0, 
  "iob": 0.42122568519257, 
  "activity": 0.004711172962962962
}