{
  "bolusiob": 0, 
  "iob": 0.12979696569145835, 
  "activity": -0.0001662345679012346
}