{
  "bolusiob": 0.9264180582222222, 
  "iob": 1.4932077374112396, 
  "activity": 0.026290546825396822
}