{
  "bolusiob": 0, 
  "iob": 0.06168903412000001, 
  "activity": 0.001905767195767195
}