{
  "bolusiob": 0, 
  "iob": -0.33113974940480806, 
  "activity": -0.004768729982363314
}