{
  "bolusiob": 0, 
  "iob": 0.7831567427908251, 
  "activity": 0.004963906613756613
}