{
  "bolusiob": 0, 
  "iob": 0.31198389576475005, 
  "activity": 0.008347001763668429
}