{
  "bolusiob": 0, 
  "iob": 0.7425794745804167, 
  "activity": 0.009448597883597884
}