{
  "bolusiob": 0, 
  "iob": 0.28213598320166666, 
  "activity": 0.005995802469135803
}