{
  "bolusiob": 0, 
  "iob": -0.36253259109383257, 
  "activity": -0.004965379012345677
}