{
  "bolusiob": 0, 
  "iob": -0.08734377442930555, 
  "activity": -0.0016907760141093471
}