{
  "bolusiob": 0.002781566666666624, 
  "iob": 0.625571368632412, 
  "activity": 0.008831252151675486
}