{
  "bolusiob": 0.020868559000000026, 
  "iob": 0.5190808905633332, 
  "activity": 0.024402204585537917
}