{
  "bolusiob": 0, 
  "iob": 0.39881473231227366, 
  "activity": 0.005029606913580247
}