{
  "bolusiob": 0, 
  "iob": -0.39761798289882533, 
  "activity": -0.0014916316402116409
}