{
  "bolusiob": 0.007411708800000083, 
  "iob": 0.45494809441666706, 
  "activity": 0.0162036860670194
}