{
  "bolusiob": 0, 
  "iob": 0.6224666705870927, 
  "activity": 0.008048106402116402
}