{
  "bolusiob": 0, 
  "iob": 1.1135850203564235, 
  "activity": 0.011125630511463844
}