{
  "bolusiob": 0, 
  "iob": 0.01935856740222195, 
  "activity": 0.008888465608465602
}