{
  "bolusiob": 0, 
  "iob": 0.29941693855551177, 
  "activity": 0.00530663176366843
}