{
  "bolusiob": 0, 
  "iob": -0.46409161863762505, 
  "activity": -0.006861975308641973
}