{
  "bolusiob": 0.13521188206666668, 
  "iob": 0.40822757016361577, 
  "activity": 0.0062533507054673716
}