{
  "bolusiob": 0.03240593551999998, 
  "iob": 0.7131305379737298, 
  "activity": 0.008143712204585539
}