{
  "bolusiob": 0, 
  "iob": -0.0249870155255557, 
  "activity": 0.0041855555555555535
}