{
  "bolusiob": 0, 
  "iob": 0.448340028798, 
  "activity": 0.007425714285714284
}