{
  "bolusiob": 0, 
  "iob": -0.437099847292617, 
  "activity": -0.006418042151675485
}