{
  "bolusiob": 0, 
  "iob": -0.3638609250215631, 
  "activity": -0.0057133155202821855
}