{
  "bolusiob": 0, 
  "iob": 0.10236189428180333, 
  "activity": 0.026538571040564365
}