{
  "bolusiob": 0, 
  "iob": 0.7952619860295991, 
  "activity": 0.004718069629629625
}