{
  "bolusiob": 0, 
  "iob": -0.04142937924483653, 
  "activity": 0.00597657839506173
}