{
  "bolusiob": 0, 
  "iob": 0.8827602772763413, 
  "activity": 0.013830299559082887
}