{
  "bolusiob": 2.0846810461866667, 
  "iob": 2.5903883926877778, 
  "activity": 0.012809611992945323
}