{
  "bolusiob": 0, 
  "iob": 0.6244090676390281, 
  "activity": 0.012711419753086418
}