{
  "bolusiob": 0, 
  "iob": 0.6971065344765974, 
  "activity": 0.008970185167548501
}