{
  "bolusiob": 0, 
  "iob": -0.018002334687416643, 
  "activity": -0.0013377160493827159
}