{
  "bolusiob": 0, 
  "iob": 0.7279558835337502, 
  "activity": 0.0069468430335097
}