{
  "bolusiob": 0, 
  "iob": 0.8076099089163963, 
  "activity": 0.008207954356261022
}