{
  "bolusiob": 0, 
  "iob": -0.10579416008944445, 
  "activity": -0.006770423280423279
}