{
  "bolusiob": 0, 
  "iob": 0.31827550587763476, 
  "activity": 0.0025903793650793655
}