{
  "bolusiob": 0, 
  "iob": -0.3862530804253066, 
  "activity": -0.0030328396296296295
}