{
  "bolusiob": 1.68946315776, 
  "iob": 2.3813132259816667, 
  "activity": 0.014884462081128745
}