{
  "bolusiob": 0.10417151500000002, 
  "iob": 1.045747825793208, 
  "activity": 0.020666260934744263
}