{
  "bolusiob": 0.8257289400888889, 
  "iob": 0.8226647673498176, 
  "activity": -0.0047476278659612
}