{
  "bolusiob": 0.2210685346133334, 
  "iob": 0.8415170356769939, 
  "activity": 0.011346093298059964
}