{
  "bolusiob": 0, 
  "iob": 0.12396817481781999, 
  "activity": 0.0031714375132275126
}