{
  "bolusiob": 0, 
  "iob": 0.8529366610683332, 
  "activity": 0.0050843562610229254
}