{
  "bolusiob": 0.9062397036000001, 
  "iob": 2.4308632048383334, 
  "activity": 0.024129453262786593
}