{
  "bolusiob": 0, 
  "iob": 0.08961428075544486, 
  "activity": 0.0017508464726631386
}