{
  "bolusiob": -6.097696000002539e-05, 
  "iob": 1.2707366056844904, 
  "activity": 0.020510621252204576
}