{
  "bolusiob": 0, 
  "iob": -0.1004065137597917, 
  "activity": -0.002989241622574956
}