{
  "bolusiob": 0, 
  "iob": -0.03922271394000001, 
  "activity": -0.0020111111111111102
}