{
  "bolusiob": 0, 
  "iob": 0.7955477981712015, 
  "activity": 0.00429731922398589
}