{
  "bolusiob": 0, 
  "iob": 0.17458395169966673, 
  "activity": 0.004029541446208112
}