{
  "bolusiob": 0, 
  "iob": 0.6219298291916666, 
  "activity": 0.004486560846560845
}