{
  "bolusiob": 0.6195062554, 
  "iob": 1.5251269668602356, 
  "activity": 0.013757583897707227
}