{
  "bolusiob": 0, 
  "iob": -0.29937171727371603, 
  "activity": -0.002680996102292769
}