{
  "bolusiob": 0, 
  "iob": -0.009517196450902751, 
  "activity": -0.002544241622574955
}