{
  "bolusiob": 0, 
  "iob": 0.2042467756948138, 
  "activity": 0.002820176278659612
}