{
  "bolusiob": 0, 
  "iob": 0.3811726431618166, 
  "activity": 0.0027550467372134003
}