{
  "bolusiob": 0.020227215666666666, 
  "iob": 0.43290170905666764, 
  "activity": 0.01577628735449735
}