{
  "bolusiob": 0, 
  "iob": 0.1001411752527778, 
  "activity": 0.0026208641975308637
}