{
  "bolusiob": 0, 
  "iob": 0.17115399423375, 
  "activity": 0.002216507936507936
}