{
  "bolusiob": 0, 
  "iob": 0.854887056377773, 
  "activity": 0.014115481922398587
}