{
  "bolusiob": 0.9345297422222222, 
  "iob": 0.5535732268486109, 
  "activity": -0.0022730599647266315
}