{
  "bolusiob": 0, 
  "iob": -0.10102894805088894, 
  "activity": -0.003972028218694885
}