{
  "bolusiob": 0, 
  "iob": 0.5624084271905904, 
  "activity": 0.0038246472663139323
}