{
  "bolusiob": 0, 
  "iob": 0.44919268964965287, 
  "activity": -0.005686093386243384
}