{
  "bolusiob": 0, 
  "iob": 0.02854447114247479, 
  "activity": 0.0007174159259259252
}