{
  "bolusiob": 0, 
  "iob": 0.09714007950261896, 
  "activity": 0.003320331746031745
}