{
  "bolusiob": 0, 
  "iob": 0.3848944041291305, 
  "activity": 0.002110035396825397
}