{
  "bolusiob": 0, 
  "iob": 0.3025661545290278, 
  "activity": -0.0024354232804232804
}