{
  "bolusiob": 0, 
  "iob": 0.6429011260945651, 
  "activity": 0.0018750794532627869
}