{
  "bolusiob": 0, 
  "iob": -0.6481509865756689, 
  "activity": -0.00686943569664903
}