{
  "bolusiob": 0, 
  "iob": -0.4386016332135961, 
  "activity": -0.0041441094708994704
}