{
  "bolusiob": 0, 
  "iob": 0.885636101591668, 
  "activity": 0.009151110846560844
}