{
  "bolusiob": 0, 
  "iob": 0.9180760188375423, 
  "activity": 0.008292618959435626
}