{
  "bolusiob": 0, 
  "iob": 0.004274181123541651, 
  "activity": -0.0035965696649029972
}