{
  "bolusiob": 0, 
  "iob": 0.858945048238639, 
  "activity": 0.011910767195767195
}