{
  "bolusiob": 0, 
  "iob": 0.016277114576111293, 
  "activity": 0.013883439153439153
}