{
  "bolusiob": 0.20080667584, 
  "iob": 1.2527244436299998, 
  "activity": 0.020871887125220454
}