{
  "bolusiob": 0, 
  "iob": 0.004537013559555573, 
  "activity": 0.004410432098765431
}