{
  "bolusiob": 0, 
  "iob": -0.1710574887982898, 
  "activity": 0.007846341798941794
}