{
  "bolusiob": 0, 
  "iob": 0.43562185894896804, 
  "activity": 0.0016877163315696642
}