{
  "bolusiob": 0, 
  "iob": 0.11967882557836805, 
  "activity": -0.0015106525573192239
}