{
  "bolusiob": 0, 
  "iob": -0.11652197595722223, 
  "activity": 0.0003679453262786593
}