{
  "bolusiob": 0, 
  "iob": 0.5476903510011111, 
  "activity": 0.01148511463844797
}