{
  "bolusiob": 2.3297611696355554, 
  "iob": 3.0697722802663887, 
  "activity": 0.013660361552028216
}