{
  "bolusiob": 0, 
  "iob": 0.015555213980191652, 
  "activity": 0.0021040254850088176
}