{
  "bolusiob": 0, 
  "iob": 0.8303696816764927, 
  "activity": 0.010012610141093472
}