{
  "bolusiob": 0, 
  "iob": -0.19990200187708335, 
  "activity": -0.001585502645502645
}