{
  "bolusiob": 0, 
  "iob": -0.150623963885, 
  "activity": 0.000214338624338624
}