{
  "bolusiob": 0, 
  "iob": -0.020316395601875002, 
  "activity": 0.0002277336860670198
}