{
  "bolusiob": 0, 
  "iob": 0.3481660144252777, 
  "activity": 0.013002116402116404
}