{
  "bolusiob": 0.15915299157333332, 
  "iob": 0.27110186403763886, 
  "activity": 0.0008650529100529113
}