{
  "bolusiob": 0, 
  "iob": 0.5943913366610549, 
  "activity": 0.018276281022927676
}