{
  "bolusiob": 0.021957881600000007, 
  "iob": 0.22301090928622816, 
  "activity": 0.006393456525573191
}