{
  "bolusiob": 0, 
  "iob": -0.24208772993500002, 
  "activity": 0.0012813932980599648
}