{
  "bolusiob": -0.00020680725333337423, 
  "iob": 0.6181874311385854, 
  "activity": 0.01259180788359788
}