{
  "bolusiob": 0, 
  "iob": -0.3236398164879862, 
  "activity": -0.0029696516754850076
}