{
  "bolusiob": 0, 
  "iob": -0.3680963483662551, 
  "activity": 0.006232407319223982
}