{
  "bolusiob": 0, 
  "iob": -0.43603269182145743, 
  "activity": -0.004327363350970014
}