{
  "bolusiob": 0.2688751426666667, 
  "iob": 2.25168164266028, 
  "activity": 0.03970549835978836
}