{
  "bolusiob": 0, 
  "iob": 0.9472759383336111, 
  "activity": 0.010346966490299822
}