{
  "bolusiob": 0, 
  "iob": -0.09814633779083509, 
  "activity": -0.001811613721340387
}