{
  "bolusiob": 0, 
  "iob": 0.2694599606247903, 
  "activity": 0.00582410065255732
}