{
  "bolusiob": 0, 
  "iob": -0.191760492741603, 
  "activity": -0.005693031058201057
}