{
  "bolusiob": 0, 
  "iob": -0.039183643644999995, 
  "activity": -0.002656111111111111
}