{
  "bolusiob": 1.7269851222400001, 
  "iob": 1.755283711013723, 
  "activity": 0.0016596473544973549
}