{
  "bolusiob": 0, 
  "iob": -0.02954964403639275, 
  "activity": 0.0030125717989417954
}