{
  "bolusiob": 0, 
  "iob": 0.01466299331336806, 
  "activity": -0.0018939417989417987
}