{
  "bolusiob": 1.4236389533333333, 
  "iob": 2.3658244529355557, 
  "activity": 0.026641093474426805
}