{
  "bolusiob": 0, 
  "iob": 0.0007958152674902713, 
  "activity": 0.00363871225749559
}