{
  "bolusiob": 1.260451585991111, 
  "iob": 1.4001658445822223, 
  "activity": 0.007113007054673719
}