{
  "bolusiob": 0, 
  "iob": -0.005176816379275265, 
  "activity": 0.002180890388007055
}