{
  "bolusiob": 0, 
  "iob": -0.6290958754915278, 
  "activity": -0.004396058201058201
}