{
  "bolusiob": 0, 
  "iob": 0.32590830296458806, 
  "activity": 0.0024761818342151675
}