{
  "bolusiob": 0, 
  "iob": 0.8878898006236684, 
  "activity": 0.013890988112874777
}