{
  "bolusiob": 0, 
  "iob": 0.6669230315396, 
  "activity": 0.006551852028218694
}