{
  "bolusiob": 0, 
  "iob": 0.2902507192084445, 
  "activity": 0.0070000793650793645
}