{
  "bolusiob": 0, 
  "iob": -0.3437529153447992, 
  "activity": -0.0014929186067019395
}