{
  "bolusiob": 0, 
  "iob": 0.17512040007952775, 
  "activity": -0.0005693474426807764
}