{
  "bolusiob": 0, 
  "iob": -0.2662049132773612, 
  "activity": -0.0012307407407407414
}