{
  "bolusiob": -0.0001328720799999461, 
  "iob": 0.14299035531294546, 
  "activity": 0.007410678888888886
}