{
  "bolusiob": 0, 
  "iob": 0.12809402479466667, 
  "activity": 0.006656472663139327
}