{
  "bolusiob": 0, 
  "iob": -0.08177019107416662, 
  "activity": 2.3306878306877298e-05
}