{
  "bolusiob": 0, 
  "iob": 0.3804172444877778, 
  "activity": 0.0068358024691358025
}