{
  "bolusiob": 0, 
  "iob": 0.37603252736465265, 
  "activity": 0.0019972574955908224
}