{
  "bolusiob": 0, 
  "iob": -0.3759910461912099, 
  "activity": -0.005369954656084654
}