{
  "bolusiob": 0.021215857413333337, 
  "iob": 0.6698346877926389, 
  "activity": 0.013944171075837739
}