{
  "bolusiob": 0, 
  "iob": -0.31816840218276005, 
  "activity": -0.004387416208112873
}