{
  "bolusiob": 0, 
  "iob": 0.756999962488379, 
  "activity": 0.0159839948324515
}