{
  "bolusiob": 0.07889933840000007, 
  "iob": 1.0784437304974572, 
  "activity": 0.031865614479717794
}