{
  "bolusiob": 0, 
  "iob": -0.8874356019578885, 
  "activity": -0.007522226455026453
}