{
  "bolusiob": 0, 
  "iob": 0.47688406831166663, 
  "activity": 0.0014820370370370371
}