{
  "bolusiob": 0, 
  "iob": 0.5103832853696181, 
  "activity": 0.005941124338624338
}