{
  "bolusiob": 0, 
  "iob": 0.9737689142015451, 
  "activity": 0.01312848738977072
}