{
  "bolusiob": 0, 
  "iob": -0.149900404465, 
  "activity": -0.0001660846560846562
}