{
  "bolusiob": 0, 
  "iob": -0.2421673522473611, 
  "activity": 0.00099141975308642
}