{
  "bolusiob": 0, 
  "iob": 0.302603730545855, 
  "activity": 0.006759978059964727
}