{
  "bolusiob": 0, 
  "iob": 0.005955462699999898, 
  "activity": 0.0011243386243386228
}