{
  "bolusiob": 0, 
  "iob": 0.4454367397516339, 
  "activity": 0.010317487142857138
}