{
  "bolusiob": 0, 
  "iob": 0.826482022851726, 
  "activity": 0.010568298324514988
}