{
  "bolusiob": 0, 
  "iob": -0.5591338509325925, 
  "activity": -0.007400661516754848
}