{
  "bolusiob": 0, 
  "iob": -0.19683714987138895, 
  "activity": -0.005190846560846561
}