{
  "bolusiob": 0, 
  "iob": 0.2004806238361999, 
  "activity": 0.0029913052380952376
}