{
  "bolusiob": 0, 
  "iob": 0.7736385980661206, 
  "activity": 0.005225732292768959
}