{
  "bolusiob": 0, 
  "iob": 0.25874192509775, 
  "activity": 0.0031116754850088178
}