{
  "bolusiob": 0, 
  "iob": -0.5514392119653444, 
  "activity": -0.00311143758377425
}