{
  "bolusiob": 0, 
  "iob": 0.6307746160863422, 
  "activity": 0.012950070670194002
}