{
  "bolusiob": 0, 
  "iob": -0.21243060477611114, 
  "activity": -0.0036386948853615515
}