{
  "bolusiob": 0, 
  "iob": -0.4496488568390953, 
  "activity": -0.002364285802469136
}