{
  "bolusiob": 0.06353390350666674, 
  "iob": 0.6580700975433333, 
  "activity": 0.015358500881834214
}