{
  "bolusiob": 0, 
  "iob": 0.07813054028153156, 
  "activity": 0.003909038712522044
}