{
  "bolusiob": 0.0810041754666666, 
  "iob": 1.7040279730833332, 
  "activity": 0.04479398589065256
}