{
  "bolusiob": 0, 
  "iob": 0.30388367427810514, 
  "activity": 0.007150769841269841
}