{
  "bolusiob": 0.027962830719999988, 
  "iob": 0.26780028351388785, 
  "activity": 0.009996922275132273
}