{
  "bolusiob": 0, 
  "iob": -0.24753931205166668, 
  "activity": -0.002427671957671958
}