{
  "bolusiob": 0, 
  "iob": 0.23433421332233836, 
  "activity": 0.004616137213403879
}