{
  "bolusiob": 0, 
  "iob": 0.25299180582433267, 
  "activity": 0.0073934210758377404
}