{
  "bolusiob": 1.3210667419022222, 
  "iob": 1.6271158843970834, 
  "activity": 0.006342142857142856
}