{
  "bolusiob": 0, 
  "iob": 1.0352150493050694, 
  "activity": 0.010707028218694884
}