{
  "bolusiob": 0, 
  "iob": 0.1078431470833298, 
  "activity": 0.0025856830687830683
}