{
  "bolusiob": 0, 
  "iob": -0.4669754620942222, 
  "activity": -0.004988835978835979
}