{
  "bolusiob": 0, 
  "iob": -0.34351248161694015, 
  "activity": -0.004260555467372133
}