{
  "bolusiob": 2.743623469386667, 
  "iob": 3.5070813434687405, 
  "activity": 0.015154303262786594
}