{
  "bolusiob": 0, 
  "iob": 0.17481437598499996, 
  "activity": 0.005385493827160494
}