{
  "bolusiob": 0.03673224132000002, 
  "iob": 0.5111341810000001, 
  "activity": 0.011228465608465604
}