{
  "bolusiob": 0.8657668250666668, 
  "iob": 1.9785499631877785, 
  "activity": 0.023622398589065254
}