{
  "bolusiob": 0, 
  "iob": -0.20692896899304136, 
  "activity": -0.005558227636684301
}