{
  "bolusiob": 0.22810715466666673, 
  "iob": 1.0790887831111113, 
  "activity": 0.015061728395061726
}