{
  "bolusiob": 0, 
  "iob": -0.36708123872247467, 
  "activity": -0.00559086402116402
}