{
  "bolusiob": 0, 
  "iob": 0.3645079072763358, 
  "activity": 0.00472538774250441
}