{
  "bolusiob": 0, 
  "iob": 0.14960764091749418, 
  "activity": 0.003252424779541445
}