{
  "bolusiob": 0, 
  "iob": 0.6258345619037826, 
  "activity": 0.006723869400352732
}