{
  "bolusiob": 0, 
  "iob": 0.3365918894526041, 
  "activity": 0.00493377389770723
}