{
  "bolusiob": 0, 
  "iob": -0.2361022607481945, 
  "activity": -0.001041543209876543
}