{
  "bolusiob": 0, 
  "iob": 0.6698601931857778, 
  "activity": 0.006296613756613757
}