{
  "bolusiob": 0, 
  "iob": -0.1463997880844517, 
  "activity": -0.0017060585714285714
}