{
  "bolusiob": 0, 
  "iob": 0.4540063010940807, 
  "activity": 0.005804286084656085
}