{
  "bolusiob": 0.15251160480000014, 
  "iob": 1.1604869371205555, 
  "activity": 0.016780185185185183
}