{
  "bolusiob": 0, 
  "iob": 0.7639287430054938, 
  "activity": 0.010211446261022928
}