{
  "bolusiob": 0, 
  "iob": 0.43304595343647917, 
  "activity": 0.008218104056437388
}