{
  "bolusiob": 0, 
  "iob": -0.08325994781532514, 
  "activity": -0.002468412945326278
}