{
  "bolusiob": 0, 
  "iob": 0.22430357738025028, 
  "activity": 0.0005141712522045857
}