{
  "bolusiob": 0, 
  "iob": 0.5280789934596449, 
  "activity": 0.006040943915343914
}