{
  "bolusiob": 0, 
  "iob": 0.8719537018160308, 
  "activity": 0.009308157336860669
}