{
  "bolusiob": 0, 
  "iob": -0.1600421417429448, 
  "activity": -0.0019484746031746035
}