{
  "bolusiob": 0, 
  "iob": 0.060535395150211266, 
  "activity": -0.0010847791181657841
}