{
  "bolusiob": 0, 
  "iob": -0.5444694500527296, 
  "activity": -0.005588518888888888
}