{
  "bolusiob": 0, 
  "iob": 0.08104490839410512, 
  "activity": 0.0005769842151675482
}