{
  "bolusiob": 0, 
  "iob": 0.21461937239024997, 
  "activity": 0.006560978835978836
}