{
  "bolusiob": 0.1477144809200001, 
  "iob": 1.880089208301932, 
  "activity": 0.03487876455026454
}