{
  "bolusiob": 0, 
  "iob": 0.3355555995634992, 
  "activity": 0.001144003985890652
}