{
  "bolusiob": 0, 
  "iob": 0.11148672036561108, 
  "activity": 0.0025576719576719613
}