{
  "bolusiob": 0, 
  "iob": -0.37686837957485975, 
  "activity": 0.015110661287477952
}