{
  "bolusiob": 0, 
  "iob": -0.2425974490907673, 
  "activity": 0.0014052644620811254
}