{
  "bolusiob": 0, 
  "iob": -0.059484612113862474, 
  "activity": -0.0005491708994708995
}