{
  "bolusiob": 0, 
  "iob": -0.16479807246203473, 
  "activity": -0.0012486596119929455
}