{
  "bolusiob": 0, 
  "iob": 0.5015390711054337, 
  "activity": 0.00413948844797178
}