{
  "bolusiob": 0, 
  "iob": -0.1207922997405433, 
  "activity": 0.01113696428571428
}