{
  "bolusiob": 0, 
  "iob": 0.10398583805714469, 
  "activity": 0.0053162167548500856
}