{
  "bolusiob": 0, 
  "iob": 0.44372724457000007, 
  "activity": 0.008143306878306876
}