{
  "bolusiob": 0, 
  "iob": 0.32552782419000004, 
  "activity": 0.0025688183421516755
}