{
  "bolusiob": 0, 
  "iob": 0.2802819983478762, 
  "activity": -0.001531339682539682
}