{
  "bolusiob": 0, 
  "iob": 0.44421044392652775, 
  "activity": -0.00037021164021164044
}