{
  "bolusiob": 0.41375846656000015, 
  "iob": -0.13028260530295155, 
  "activity": -0.004310573439153439
}