{
  "bolusiob": 0, 
  "iob": -0.44824295602008035, 
  "activity": -0.004193809435626102
}