{
  "bolusiob": 0, 
  "iob": 0.32836688540620596, 
  "activity": 0.0057601674603174596
}