{
  "bolusiob": 1.71321735424, 
  "iob": 2.4562859815777776, 
  "activity": 0.014492698412698412
}