{
  "bolusiob": 0.42839786393333334, 
  "iob": 0.967904425564319, 
  "activity": 0.020427433862433866
}