{
  "bolusiob": 0, 
  "iob": 0.7403643226421276, 
  "activity": 0.009011684550264548
}