{
  "bolusiob": 0, 
  "iob": 0.32559117863444453, 
  "activity": 0.006848465608465608
}