{
  "bolusiob": 0, 
  "iob": -0.20367446559402774, 
  "activity": -0.001638042328042329
}