{
  "bolusiob": 0, 
  "iob": 0.15813658800383584, 
  "activity": 0.0013896558730158725
}