{
  "bolusiob": 0, 
  "iob": 0.5447422317595961, 
  "activity": 0.008013995608465607
}