{
  "bolusiob": 0, 
  "iob": -0.0821330863954167, 
  "activity": -0.003199620811287477
}