{
  "bolusiob": 0, 
  "iob": 0.09962188539111111, 
  "activity": 7.234567901234567e-05
}