{
  "bolusiob": 0, 
  "iob": 0.5601017797308799, 
  "activity": 0.010853016119929454
}