{
  "bolusiob": 0, 
  "iob": 0.7921062536115558, 
  "activity": 0.010357481922398585
}