{
  "bolusiob": 0.21123920229333323, 
  "iob": 1.7510089910274536, 
  "activity": 0.025094083262786584
}