{
  "bolusiob": 0, 
  "iob": 0.2503257835067287, 
  "activity": 0.007907107407407405
}