{
  "bolusiob": 0.23587490432000002, 
  "iob": 0.6234625162270834, 
  "activity": 0.01251406525573192
}