{
  "bolusiob": 0, 
  "iob": 0.804836584718073, 
  "activity": 0.011245025978835976
}