{
  "bolusiob": 0, 
  "iob": -0.0004974732385559649, 
  "activity": -0.0005678394179894179
}