{
  "bolusiob": 0, 
  "iob": 0.06570139850762981, 
  "activity": 0.005534047442680775
}