{
  "bolusiob": 0, 
  "iob": 0.1280616815764583, 
  "activity": 0.0004505555555555559
}