{
  "bolusiob": 0, 
  "iob": -0.4327727045334984, 
  "activity": 0.003477151851851853
}