{
  "bolusiob": 0, 
  "iob": -0.21487574172444446, 
  "activity": -0.0015995061728395058
}