{
  "bolusiob": 0, 
  "iob": 0.13086813272144415, 
  "activity": 0.007750599647266315
}