{
  "bolusiob": 0, 
  "iob": -0.21353517267763888, 
  "activity": -0.0033406613756613752
}