{
  "bolusiob": 0, 
  "iob": -0.5062040262456946, 
  "activity": -0.0021352733686067016
}