{
  "bolusiob": 0, 
  "iob": 0.9411157599828, 
  "activity": 0.008994695132275132
}