{
  "bolusiob": 0, 
  "iob": -0.3478305288627532, 
  "activity": -0.0038557759259259254
}