{
  "bolusiob": 0, 
  "iob": -0.19156621124270837, 
  "activity": -0.00458995590828924
}