{
  "bolusiob": 0, 
  "iob": 0.38576516520735304, 
  "activity": 0.021823456878306877
}