{
  "bolusiob": 0, 
  "iob": 0.6267491008071391, 
  "activity": 0.006762391534391534
}