{
  "bolusiob": 2.8472163879822228, 
  "iob": 2.6891569493157776, 
  "activity": 0.003973086419753083
}