{
  "bolusiob": 0, 
  "iob": 0.17595452241222226, 
  "activity": 0.0011686948853615513
}