{
  "bolusiob": 0.29388470309333314, 
  "iob": 1.8492706126234393, 
  "activity": 0.025542531216931223
}