{
  "bolusiob": 0, 
  "iob": 0.5913883275810661, 
  "activity": 0.008450164585537918
}