{
  "bolusiob": 0, 
  "iob": 0.4603219770336726, 
  "activity": 0.0017438535273368572
}