{
  "bolusiob": 0, 
  "iob": 0.11534123051500003, 
  "activity": 0.0028527513227513224
}