{
  "bolusiob": 0.002331488000000026, 
  "iob": 0.17651745724450552, 
  "activity": 0.008220502522045852
}