{
  "bolusiob": 0.03254972010666665, 
  "iob": 1.4655569286005272, 
  "activity": 0.022643421887125207
}