{
  "bolusiob": 0, 
  "iob": 0.2859487256483334, 
  "activity": 0.0024390123456790127
}