{
  "bolusiob": 0, 
  "iob": -0.41892467663819444, 
  "activity": -0.0031505026455026447
}