{
  "bolusiob": 2.0869328065599997, 
  "iob": 3.250823200074782, 
  "activity": 0.0239359471957672
}