{
  "bolusiob": 0, 
  "iob": -0.06332197914772345, 
  "activity": -0.00207339479717813
}