{
  "bolusiob": 0, 
  "iob": 1.0548106649162343, 
  "activity": 0.013288871499118164
}