{
  "bolusiob": 2.72767290516, 
  "iob": 4.157007971456181, 
  "activity": 0.02610006160493826
}