{
  "bolusiob": 0, 
  "iob": -0.05938050428193775, 
  "activity": 0.001390758253968254
}