{
  "bolusiob": 0, 
  "iob": 0.10359866150559609, 
  "activity": 0.0003733017636684301
}