{
  "bolusiob": 0, 
  "iob": 0.20144149720402768, 
  "activity": 0.006038897707231037
}