{
  "bolusiob": 0, 
  "iob": 0.2843941085861281, 
  "activity": 0.004793906261022927
}