{
  "bolusiob": 0, 
  "iob": 0.5547247206855178, 
  "activity": 0.007355255784832451
}