{
  "bolusiob": 0, 
  "iob": 0.08886681856320516, 
  "activity": 0.0026560230158730164
}