{
  "bolusiob": 0, 
  "iob": 0.7164091416035159, 
  "activity": 0.009053438888888888
}