{
  "bolusiob": 0.12837865664, 
  "iob": -0.10690347658644696, 
  "activity": -0.002381498853615521
}