{
  "bolusiob": 0, 
  "iob": 0.27343819838376393, 
  "activity": 0.00769059082892416
}