{
  "bolusiob": 0, 
  "iob": 0.1419616523381667, 
  "activity": 0.004013668430335096
}