{
  "bolusiob": 0, 
  "iob": 0.4931614076178471, 
  "activity": 0.006697001763668429
}