{
  "bolusiob": 0, 
  "iob": -0.4866970043211295, 
  "activity": -0.005660917477954143
}