{
  "bolusiob": 0, 
  "iob": 0.18512637664927784, 
  "activity": 0.0039389241622574955
}