{
  "bolusiob": 2.3738868183822226, 
  "iob": 2.9120966036695837, 
  "activity": 0.01780970899470899
}