{
  "bolusiob": 0.05226619456000002, 
  "iob": -0.024581394432690286, 
  "activity": -0.0017363930335097004
}