{
  "bolusiob": 0, 
  "iob": 0.13472858913460678, 
  "activity": 0.007649991058201057
}