{
  "bolusiob": 0, 
  "iob": -0.2803157727239065, 
  "activity": -0.00225676746031746
}