{
  "bolusiob": 0, 
  "iob": -0.7009252595346326, 
  "activity": -0.008621287389770721
}