{
  "bolusiob": 0, 
  "iob": 0.7447101002163067, 
  "activity": 0.009146986437389768
}