{
  "bolusiob": 0, 
  "iob": -0.01172504850390308, 
  "activity": 0.0032628039682539678
}