{
  "bolusiob": 0, 
  "iob": -0.4378115917258769, 
  "activity": -0.006125202645502645
}