{
  "bolusiob": 0, 
  "iob": -0.1140280486248983, 
  "activity": -0.0030468659788359773
}