{
  "bolusiob": 0.20264611186666667, 
  "iob": 1.3331289656632797, 
  "activity": 0.040634356102292775
}