{
  "bolusiob": 0, 
  "iob": -0.11351169360729246, 
  "activity": -0.001200255467372133
}