{
  "bolusiob": 0.022979358000000037, 
  "iob": 1.4707238866382055, 
  "activity": 0.018279567654320983
}