{
  "bolusiob": 0, 
  "iob": 0.2190558609526389, 
  "activity": 0.0028732186948853622
}