{
  "bolusiob": 0, 
  "iob": 0.41371388387429836, 
  "activity": 0.0017843473544973541
}