{
  "bolusiob": 2.5519108224, 
  "iob": 2.941970113921667, 
  "activity": 0.012913509700176367
}