{
  "bolusiob": 0, 
  "iob": 0.029483439331875007, 
  "activity": -0.0011687566137566136
}