{
  "bolusiob": 0, 
  "iob": -0.4240404693168889, 
  "activity": -0.006916191834215167
}