{
  "bolusiob": 0, 
  "iob": -0.14243411641188436, 
  "activity": 0.001250969894179894
}