{
  "bolusiob": 0, 
  "iob": 0.14574971056999997, 
  "activity": 0.005028994708994709
}