{
  "bolusiob": 0, 
  "iob": 0.5754852958601333, 
  "activity": 0.01162448880070547
}