{
  "bolusiob": 0, 
  "iob": 0.05198139316388892, 
  "activity": 0.003372980599647266
}