{
  "bolusiob": 0, 
  "iob": -0.4915214579082288, 
  "activity": -0.00746787680776014
}