{
  "bolusiob": 0, 
  "iob": 0.7046124622942778, 
  "activity": 0.005281460317460317
}