{
  "bolusiob": 1.4079802787911113, 
  "iob": 1.6464034107998613, 
  "activity": 0.0055833245149911805
}