{
  "bolusiob": 0, 
  "iob": -0.39955864288000004, 
  "activity": 0.00573132275132275
}