{
  "bolusiob": 0, 
  "iob": 0.19326645054851715, 
  "activity": -0.004020131816578483
}