{
  "bolusiob": 0, 
  "iob": 0.39728955209222233, 
  "activity": 0.004653298059964727
}