{
  "bolusiob": 0, 
  "iob": 0.16550958069208335, 
  "activity": 0.001206296296296296
}