{
  "bolusiob": 0, 
  "iob": -0.4165907307824723, 
  "activity": -0.0017727336860670192
}