{
  "bolusiob": 0, 
  "iob": 0.6549250235935555, 
  "activity": 0.00983837389770723
}