{
  "bolusiob": 0.03555386926666665, 
  "iob": 0.46385159491111105, 
  "activity": 0.00650384479717813
}