{
  "bolusiob": 0, 
  "iob": 0.8603408797723192, 
  "activity": 0.00979386234567901
}