{
  "bolusiob": 0, 
  "iob": -0.1629116681225, 
  "activity": 0.0022173633156966494
}