{
  "bolusiob": 0, 
  "iob": 1.0622267683033773, 
  "activity": 0.009080797160493826
}