{
  "bolusiob": 0, 
  "iob": 0.1299076050530358, 
  "activity": 0.0032609277777777765
}