{
  "bolusiob": 0, 
  "iob": 0.030834074988949148, 
  "activity": 9.551164021164047e-05
}