{
  "bolusiob": 0, 
  "iob": -0.16157590416482512, 
  "activity": -0.0002908113756613759
}