{
  "bolusiob": 0, 
  "iob": -0.23154075233375, 
  "activity": -0.0010165873015873016
}