{
  "bolusiob": 0, 
  "iob": 0.02600546608638158, 
  "activity": 0.006398695202821869
}