{
  "bolusiob": 0, 
  "iob": 0.08106711953676704, 
  "activity": 0.00446550238095238
}