{
  "bolusiob": 0, 
  "iob": -0.5305422102681282, 
  "activity": -0.004211745943562609
}