{
  "bolusiob": 0, 
  "iob": -0.09431805765472225, 
  "activity": -0.004479462081128747
}