{
  "bolusiob": 0.5757329078044444, 
  "iob": 0.7105779157156944, 
  "activity": 0.0020157231040564376
}