{
  "bolusiob": 0, 
  "iob": 1.077773615489167, 
  "activity": 0.013353051146384477
}