{
  "bolusiob": 0, 
  "iob": 0.7948970862764383, 
  "activity": 0.04662138421516751
}