{
  "bolusiob": 5.8094666666663744e-05, 
  "iob": 0.3615543686742489, 
  "activity": 0.030751665943562604
}