{
  "bolusiob": 0, 
  "iob": -0.08796929107576916, 
  "activity": -0.0025088268959435624
}