{
  "bolusiob": 0, 
  "iob": 0.0299777857080845, 
  "activity": 0.0004251850617283948
}