{
  "bolusiob": 0, 
  "iob": -0.4010096227592917, 
  "activity": -0.006438536155202822
}