{
  "bolusiob": 0, 
  "iob": -0.5435760395690813, 
  "activity": -0.0051879937389770715
}