{
  "bolusiob": 0, 
  "iob": 0.06374401530943993, 
  "activity": 0.0019878484479717803
}