{
  "bolusiob": 0, 
  "iob": 0.5281895564367338, 
  "activity": 0.0034340737213403856
}