{
  "bolusiob": 0, 
  "iob": -0.27075549986708336, 
  "activity": -0.0010014726631393295
}