{
  "bolusiob": 0, 
  "iob": 0.09500565611666668, 
  "activity": 0.003258377425044091
}