{
  "bolusiob": 1.5166733161600003, 
  "iob": 4.610505536057778, 
  "activity": 0.05376342151675484
}