{
  "bolusiob": 0.29645335000000006, 
  "iob": 1.4258859086648712, 
  "activity": 0.012045261746031745
}