{
  "bolusiob": 0, 
  "iob": 0.8619820818439882, 
  "activity": 0.007842698871252204
}