{
  "bolusiob": 0, 
  "iob": -0.35701579411233775, 
  "activity": -0.003097513350970017
}