{
  "bolusiob": 0, 
  "iob": 0.09042273724000001, 
  "activity": 0.0024606878306878306
}