{
  "bolusiob": 0, 
  "iob": -0.20814862820011487, 
  "activity": -0.003128809435626102
}