{
  "bolusiob": 0, 
  "iob": -0.6197895598876388, 
  "activity": -0.006762760141093473
}