{
  "bolusiob": 0, 
  "iob": 0.8438379090593643, 
  "activity": 0.009930240617283951
}