{
  "bolusiob": 0, 
  "iob": 0.5989240391697258, 
  "activity": 0.0008216575837742497
}