{
  "bolusiob": 0, 
  "iob": -0.5014758036900093, 
  "activity": -0.007714217407407406
}