{
  "bolusiob": 0, 
  "iob": 0.5752941376502083, 
  "activity": 0.002415917107583774
}