{
  "bolusiob": 0, 
  "iob": 0.9035560734842908, 
  "activity": 0.01162507948853615
}