{
  "bolusiob": 0, 
  "iob": 0.36831176457152776, 
  "activity": 0.006330008818342151
}