{
  "bolusiob": 0, 
  "iob": -0.13864134230922226, 
  "activity": 0.001406119929453263
}