{
  "bolusiob": 0, 
  "iob": 0.8460739576187446, 
  "activity": 0.011465432222222223
}