{
  "bolusiob": 0.7873693283555556, 
  "iob": 0.8327650936487065, 
  "activity": -0.004236587301587299
}