{
  "bolusiob": 0, 
  "iob": -0.10294269249557794, 
  "activity": 0.003038165679012344
}