{
  "bolusiob": 0, 
  "iob": 0.6905092476656945, 
  "activity": 0.013154347442680776
}