{
  "bolusiob": 0, 
  "iob": -0.43860504940922224, 
  "activity": -0.00488663139329806
}