{
  "bolusiob": 0, 
  "iob": -0.08274546305097702, 
  "activity": -0.0006797348324514992
}