{
  "bolusiob": 0.003463733559999982, 
  "iob": 0.4212864680341303, 
  "activity": 0.022954468835978837
}