{
  "bolusiob": 0, 
  "iob": 0.09179352985675487, 
  "activity": 0.005340546296296296
}