{
  "bolusiob": 0, 
  "iob": 0.5614205096110897, 
  "activity": 0.007933717372134034
}