{
  "bolusiob": 0, 
  "iob": 0.5033149016394445, 
  "activity": 0.0023256613756613754
}