{
  "bolusiob": 2.0922216000000002, 
  "iob": 2.5306716575031953, 
  "activity": -0.0026699641093474425
}