{
  "bolusiob": 0, 
  "iob": 0.6943511469934525, 
  "activity": 0.009017745767195768
}