{
  "bolusiob": 0, 
  "iob": 0.13352022636184332, 
  "activity": 0.0021607279541446204
}