{
  "bolusiob": 0, 
  "iob": 1.116416607853993, 
  "activity": 0.012806704850088182
}