{
  "bolusiob": 0, 
  "iob": 0.6982108068173195, 
  "activity": 0.01070447984126984
}