{
  "bolusiob": 0, 
  "iob": 0.1135367123961111, 
  "activity": -0.0018948853615520281
}