{
  "bolusiob": 0.7446261560888889, 
  "iob": 1.0969504868260076, 
  "activity": 0.01842971781305115
}