{
  "bolusiob": 0, 
  "iob": 0.2723149391977778, 
  "activity": 0.0051167195767195745
}