{
  "bolusiob": 0, 
  "iob": -0.3144882035242629, 
  "activity": -0.0017469315873015869
}