{
  "bolusiob": 0, 
  "iob": -0.2702953198678473, 
  "activity": -0.002797345679012345
}