{
  "bolusiob": 0, 
  "iob": 0.15516837170065684, 
  "activity": 0.008197248553791883
}