{
  "bolusiob": 1.5454982668800001, 
  "iob": 2.5766810305357644, 
  "activity": 0.014305326296296291
}