{
  "bolusiob": 0, 
  "iob": 0.7408276252353334, 
  "activity": 0.004691278659611994
}