{
  "bolusiob": 0, 
  "iob": 0.9281814117361111, 
  "activity": 0.01028705467372134
}