{
  "bolusiob": 0.5503645036, 
  "iob": 2.6728902514862596, 
  "activity": 0.045732433597883586
}