{
  "bolusiob": 0, 
  "iob": -0.318649226749957, 
  "activity": -0.0027764461199294528
}