{
  "bolusiob": 0, 
  "iob": 0.4383742936347657, 
  "activity": 0.0041595436507936515
}