{
  "bolusiob": 0, 
  "iob": -0.46929711545352204, 
  "activity": -0.005674808306878306
}