{
  "bolusiob": 0, 
  "iob": 1.1633866117577776, 
  "activity": 0.013279611992945323
}