{
  "bolusiob": 0, 
  "iob": -0.7222699806034497, 
  "activity": -0.006437380564373896
}