{
  "bolusiob": 0, 
  "iob": 0.04188795298040212, 
  "activity": -0.004678941675485008
}