{
  "bolusiob": 0.0024186276399999927, 
  "iob": 0.23654909765952778, 
  "activity": 0.003786495590828923
}