{
  "bolusiob": 0, 
  "iob": 0.1006321723200821, 
  "activity": 0.00039328925925925573
}