{
  "bolusiob": 0.32575330417777776, 
  "iob": 0.5754645657211112, 
  "activity": 0.0013967019400352738
}