{
  "bolusiob": 0, 
  "iob": 0.10402682708555555, 
  "activity": 0.005041067019400352
}