{
  "bolusiob": 0.8396887326044444, 
  "iob": 1.653353440483655, 
  "activity": 0.014565000000000005
}