{
  "bolusiob": 0, 
  "iob": 0.2509682453973601, 
  "activity": -0.0037824414285714267
}