{
  "bolusiob": 0, 
  "iob": 0.22939590113169184, 
  "activity": 0.0012858642857142854
}