{
  "bolusiob": 0.781165844266667, 
  "iob": 1.9314871891611118, 
  "activity": 0.024253721340388
}