{
  "bolusiob": 0, 
  "iob": -0.2016371018220695, 
  "activity": -0.0014886158906525571
}