{
  "bolusiob": 0, 
  "iob": -0.2084326009666667, 
  "activity": 0.002418430335097002
}