{
  "bolusiob": 0, 
  "iob": 0.38877757959369397, 
  "activity": 0.0031892109347442664
}