{
  "bolusiob": 0, 
  "iob": 0.7972210844311113, 
  "activity": 0.009434091710758374
}