{
  "bolusiob": 0, 
  "iob": 0.6690709423609794, 
  "activity": 0.010830097125220456
}