{
  "bolusiob": 0, 
  "iob": 0.023310143206388877, 
  "activity": 0.0029604761904761905
}