{
  "bolusiob": 0, 
  "iob": 0.10798148538341122, 
  "activity": 0.0058544178659611975
}