{
  "bolusiob": 0, 
  "iob": 0.028627834471764292, 
  "activity": 0.001123747689594356
}