{
  "bolusiob": 0, 
  "iob": 0.5060657783397549, 
  "activity": 0.003550000176366843
}