{
  "bolusiob": 0, 
  "iob": -0.08377432490736111, 
  "activity": 0.0013937477954144618
}