{
  "bolusiob": 0, 
  "iob": 0.004279852081666669, 
  "activity": 0.0003348324514991179
}