{
  "bolusiob": 0, 
  "iob": -0.06630408434398802, 
  "activity": -0.0012892501763668424
}