{
  "bolusiob": 0, 
  "iob": 0.1412495179460208, 
  "activity": -0.005566841269841274
}