{
  "bolusiob": 2.518733980444445, 
  "iob": 3.1017160894674443, 
  "activity": 0.01661225749559083
}