{
  "bolusiob": 0, 
  "iob": -0.036227590943125, 
  "activity": -0.0016186507936507932
}