{
  "bolusiob": 0, 
  "iob": -0.0028483196767393262, 
  "activity": 0.00043618174603174664
}