{
  "bolusiob": 0, 
  "iob": 0.012514296272088478, 
  "activity": -0.0025937940917107583
}