{
  "bolusiob": 0.3679811094755556, 
  "iob": 0.1803477288079458, 
  "activity": -0.004251728201058202
}