{
  "bolusiob": 0, 
  "iob": 0.5674343016384722, 
  "activity": 0.005367222222222221
}