{
  "bolusiob": 0.037908490879999986, 
  "iob": 1.440824765264009, 
  "activity": 0.01781118834215168
}