{
  "bolusiob": 0, 
  "iob": -0.017439090248358304, 
  "activity": -0.00254755758377425
}