{
  "bolusiob": 0, 
  "iob": 0.38955980915906835, 
  "activity": 0.0018582893650793651
}