{
  "bolusiob": 0, 
  "iob": 0.1602088167703472, 
  "activity": -0.002128783068783068
}