{
  "bolusiob": 0, 
  "iob": 0.8129790732327778, 
  "activity": 0.0082134126984127
}