{
  "bolusiob": 0, 
  "iob": 0.38771565035180566, 
  "activity": 0.008773932980599645
}