{
  "bolusiob": 0, 
  "iob": 1.0768408081933332, 
  "activity": 0.017917283950617275
}