{
  "bolusiob": 0, 
  "iob": 0.39189841881555565, 
  "activity": 0.004069823633156966
}