{
  "bolusiob": 0.47554830108444446, 
  "iob": 0.6925622104256945, 
  "activity": 0.0029853527336860665
}