{
  "bolusiob": 0, 
  "iob": 0.6967158810737224, 
  "activity": 0.005465904761904762
}