{
  "bolusiob": 0, 
  "iob": 0.30445659458149704, 
  "activity": 0.0001383364197530874
}