{
  "bolusiob": 2.27428394352, 
  "iob": 2.055599945255, 
  "activity": 0.0011905731922398585
}