{
  "bolusiob": 0, 
  "iob": 0.1722640509622222, 
  "activity": 0.00019171075837742511
}