{
  "bolusiob": 0, 
  "iob": 0.5362025782397846, 
  "activity": 0.007017759700176366
}