{
  "bolusiob": 0, 
  "iob": 0.4535378652571907, 
  "activity": 0.0014086508818342152
}