{
  "bolusiob": 0, 
  "iob": 0.14477974337152777, 
  "activity": 0.003304453262786595
}