{
  "bolusiob": 1.5078316622400003, 
  "iob": 3.105727948787947, 
  "activity": 0.024411293298059956
}