{
  "bolusiob": 0.6746868026666668, 
  "iob": 1.3337560684444445, 
  "activity": 0.010558024691358024
}