{
  "bolusiob": 0, 
  "iob": 0.03529127315713302, 
  "activity": 0.0009933775485008814
}