{
  "bolusiob": 0, 
  "iob": 0.7989963214444868, 
  "activity": 0.010073174514991182
}