{
  "bolusiob": 1.6718872694044444, 
  "iob": 1.8241649478363062, 
  "activity": 0.008857274620811286
}