{
  "bolusiob": 0, 
  "iob": -0.08437992451436711, 
  "activity": 0.005354637989417989
}