{
  "bolusiob": 0, 
  "iob": 0.45643833270128453, 
  "activity": 0.008386432910052907
}