{
  "bolusiob": 0, 
  "iob": 0.0786174662577778, 
  "activity": 0.0011365608465608466
}