{
  "bolusiob": 0, 
  "iob": -0.33277399282869796, 
  "activity": -0.006664541516754848
}