{
  "bolusiob": 0, 
  "iob": -0.3113563295229717, 
  "activity": -0.0033650444268077595
}