{
  "bolusiob": 0, 
  "iob": 0.6544643074348221, 
  "activity": 0.008845661234567898
}