{
  "bolusiob": 0, 
  "iob": -0.10749710733375001, 
  "activity": -0.0020212698412698407
}