{
  "bolusiob": 0, 
  "iob": 0.22058595754010446, 
  "activity": 0.002343483245149912
}