{
  "bolusiob": 0, 
  "iob": 0.26943863646986116, 
  "activity": 0.0055624338624338625
}