{
  "bolusiob": 0, 
  "iob": -0.24398082242708002, 
  "activity": -0.006903359523809524
}