{
  "bolusiob": 0, 
  "iob": 0.40224330137539044, 
  "activity": 0.006345696825396826
}