{
  "bolusiob": 0, 
  "iob": 0.695650701596298, 
  "activity": 0.006752571957671959
}