{
  "bolusiob": 0, 
  "iob": 0.7270942312169393, 
  "activity": 0.010572098888888885
}