{
  "bolusiob": 0, 
  "iob": 0.5469912308844584, 
  "activity": 0.006203130511463844
}