{
  "bolusiob": 0, 
  "iob": 0.5533817083519099, 
  "activity": 0.0083393430335097
}