{
  "bolusiob": 0, 
  "iob": 0.3527262125621073, 
  "activity": 0.00404242541446208
}