{
  "bolusiob": 0, 
  "iob": 0.6902065606623036, 
  "activity": 0.014658580476190475
}