{
  "bolusiob": 0, 
  "iob": 0.6687766884964451, 
  "activity": 0.009607424779541449
}