{
  "bolusiob": 1.29856410736, 
  "iob": 2.3137236282888134, 
  "activity": 0.00898534432098765
}