{
  "bolusiob": 0, 
  "iob": -0.41601684954340235, 
  "activity": -0.004922618694885361
}