{
  "bolusiob": 0, 
  "iob": -0.2377159223094445, 
  "activity": -0.0012084391534391533
}