{
  "bolusiob": 1.2350237456533333, 
  "iob": 2.5928565494550004, 
  "activity": 0.02682619047619047
}