{
  "bolusiob": 0, 
  "iob": 0.34599427689041656, 
  "activity": 0.005707010582010578
}