{
  "bolusiob": 0, 
  "iob": 0.03161884407083858, 
  "activity": 0.0014729009700176364
}