{
  "bolusiob": 0, 
  "iob": -0.4661698576505555, 
  "activity": -0.0032021340388007054
}