{
  "bolusiob": 0, 
  "iob": 0.28098263527694656, 
  "activity": 0.015153121816578477
}