{
  "bolusiob": 0.03595587031999997, 
  "iob": 0.2875089053295676, 
  "activity": 0.010074576596119924
}