{
  "bolusiob": 0.05957423999999967, 
  "iob": 1.9171730262988895, 
  "activity": 0.051066049382716035
}