{
  "bolusiob": 0, 
  "iob": 0.7056447709984028, 
  "activity": 0.006025061728395063
}