{
  "bolusiob": 0, 
  "iob": 0.6800082353031709, 
  "activity": 0.010138660105820107
}