{
  "bolusiob": 0, 
  "iob": 1.0931645209988545, 
  "activity": 0.012763200970017635
}