{
  "bolusiob": 0, 
  "iob": 0.035453118778823865, 
  "activity": 0.004190643650793649
}