{
  "bolusiob": 0, 
  "iob": 0.2260139393013889, 
  "activity": 0.005176305114638448
}