{
  "bolusiob": 0, 
  "iob": 0.7298599873036111, 
  "activity": 0.01148102292768959
}