{
  "bolusiob": 0, 
  "iob": 0.17704682447097225, 
  "activity": 0.0021389770723104057
}