{
  "bolusiob": 0, 
  "iob": 0.14988711585958336, 
  "activity": -0.00011022045855379147
}