{
  "bolusiob": 0, 
  "iob": 1.042162322359028, 
  "activity": 0.023413218694885347
}