{
  "bolusiob": 0, 
  "iob": 0.07719802018078112, 
  "activity": 0.0007045617813051143
}