{
  "bolusiob": 0, 
  "iob": 1.04195162181375, 
  "activity": 0.010564047619047619
}