{
  "bolusiob": 0, 
  "iob": 0.14354664015950636, 
  "activity": 0.003141190211640211
}