{
  "bolusiob": 0, 
  "iob": 0.5938490977301389, 
  "activity": 0.0048625485008818355
}