{
  "bolusiob": 0, 
  "iob": -0.329929507725125, 
  "activity": -0.0036402380952380944
}