{
  "bolusiob": 0, 
  "iob": -0.24101120112368055, 
  "activity": -0.0029343915343915342
}