{
  "bolusiob": 0, 
  "iob": -0.11403361896320698, 
  "activity": -0.002057786331569665
}