{
  "bolusiob": 0, 
  "iob": 0.691054041825706, 
  "activity": 0.009915926084656084
}