{
  "bolusiob": 0, 
  "iob": -0.5148104521206605, 
  "activity": -0.005664144532627865
}