{
  "bolusiob": 0, 
  "iob": 0.09652566880222221, 
  "activity": 0.001655749559082891
}