{
  "bolusiob": 0, 
  "iob": 0.5279227321631811, 
  "activity": 0.008167927813051144
}