{
  "bolusiob": 0, 
  "iob": 0.5616395800469446, 
  "activity": 0.0071792416225749545
}