{
  "bolusiob": 0, 
  "iob": -0.48357453901478176, 
  "activity": -0.0029176720458553795
}