{
  "bolusiob": 0, 
  "iob": 0.65603267424375, 
  "activity": 0.013767857142857139
}