{
  "bolusiob": 0, 
  "iob": -0.016295835775555573, 
  "activity": -0.0014302469135802466
}