{
  "bolusiob": 0.0921435516933333, 
  "iob": 1.253654121239389, 
  "activity": 0.02909385361552028
}