{
  "bolusiob": 1.6195040426666667, 
  "iob": 2.826932213662778, 
  "activity": 0.0211173721340388
}