{
  "bolusiob": 0, 
  "iob": 0.11825916075972225, 
  "activity": 0.022379735449735438
}