{
  "bolusiob": 0, 
  "iob": -0.0971747977444044, 
  "activity": 0.003766878183421515
}