{
  "bolusiob": 0, 
  "iob": -0.6704852091968057, 
  "activity": -0.0021697354497354493
}