{
  "bolusiob": 0, 
  "iob": 0.0777498199435095, 
  "activity": 0.00863011500881834
}