{
  "bolusiob": 0, 
  "iob": 0.3071583870409723, 
  "activity": 0.0025752733686067015
}