{
  "bolusiob": 0, 
  "iob": 0.7043899679735953, 
  "activity": 0.008947654532627865
}