{
  "bolusiob": 0, 
  "iob": -0.24307071630046642, 
  "activity": -0.0039492765255731924
}