{
  "bolusiob": 0, 
  "iob": 0.7867295672843259, 
  "activity": 0.01773164952380952
}