{
  "bolusiob": 0.5137237598133335, 
  "iob": 1.6669255570051609, 
  "activity": 0.02019935652557319
}