{
  "bolusiob": 0, 
  "iob": 0.8983564319445282, 
  "activity": 0.012882716296296294
}