{
  "bolusiob": 0, 
  "iob": -0.44959582393252095, 
  "activity": 0.002916820987654319
}