{
  "bolusiob": 0.018673604693333345, 
  "iob": 0.9966985267009666, 
  "activity": 0.02108726619047619
}