{
  "bolusiob": 0, 
  "iob": 0.4565962038370326, 
  "activity": 0.017080839065255725
}