{
  "bolusiob": 0, 
  "iob": 0.2991673433745, 
  "activity": 0.004175731922398588
}