{
  "bolusiob": 0, 
  "iob": 0.2132475253419444, 
  "activity": -0.0011745767195767186
}