{
  "bolusiob": 0, 
  "iob": 0.21694510982719448, 
  "activity": 0.00323352733686067
}