{
  "bolusiob": 0, 
  "iob": 1.075677986949167, 
  "activity": 0.013361093474426806
}