{
  "bolusiob": 0, 
  "iob": 0.15242078611293686, 
  "activity": 0.003895546860670193
}