{
  "bolusiob": 0, 
  "iob": 0.76434203679, 
  "activity": 0.014100687830687826
}