{
  "bolusiob": 0, 
  "iob": -0.22811457815909725, 
  "activity": -0.0028817548500881837
}