{
  "bolusiob": 0, 
  "iob": 0.1393895943160027, 
  "activity": 0.004909408606701939
}