{
  "bolusiob": 0, 
  "iob": 1.4374540267606948, 
  "activity": 0.02997617283950616
}