{
  "bolusiob": 0, 
  "iob": 0.9642061680343335, 
  "activity": 0.01525487125220458
}