{
  "bolusiob": 0.6587498338933334, 
  "iob": 2.717724188347471, 
  "activity": 0.036374215291005284
}