{
  "bolusiob": 0, 
  "iob": -0.12120639346989592, 
  "activity": -0.0025391887125220465
}