{
  "bolusiob": 0, 
  "iob": 0.6119057225017681, 
  "activity": 0.004442557495590829
}