{
  "bolusiob": 0, 
  "iob": 0.20865957030405918, 
  "activity": -0.0026310664021164023
}