{
  "bolusiob": 0, 
  "iob": 0.4456775608794445, 
  "activity": 0.006855185185185185
}