{
  "bolusiob": 0.38309134933333344, 
  "iob": -0.12246019861089796, 
  "activity": -0.004245388253968256
}