{
  "bolusiob": 0, 
  "iob": 0.19411280639444448, 
  "activity": 0.00392185185185185
}