{
  "bolusiob": 0, 
  "iob": 0.059722594154999996, 
  "activity": 0.005666031746031744
}