{
  "bolusiob": 0, 
  "iob": -0.5269473825067795, 
  "activity": -0.0036492418165784872
}