{
  "bolusiob": 0, 
  "iob": 0.07824124312064809, 
  "activity": -5.658712522045818e-05
}