{
  "bolusiob": 0, 
  "iob": 1.0936721024536458, 
  "activity": 0.010939391534391536
}