{
  "bolusiob": 0, 
  "iob": -0.09698654153625, 
  "activity": -0.002724338624338624
}