{
  "bolusiob": 0, 
  "iob": 0.8803205413561112, 
  "activity": 0.009794620811287475
}