{
  "bolusiob": 0, 
  "iob": 0.49204025271343216, 
  "activity": 0.016058156525573186
}