{
  "bolusiob": 0.020422755519999922, 
  "iob": 0.9027625629270836, 
  "activity": 0.025215828924162253
}