{
  "bolusiob": 0, 
  "iob": 0.93156907983098, 
  "activity": 0.007759559206349205
}