{
  "bolusiob": 0, 
  "iob": 1.119753888116389, 
  "activity": 0.012152989417989415
}