{
  "bolusiob": 0, 
  "iob": -0.4007510584442222, 
  "activity": -0.005365185185185185
}