{
  "bolusiob": 0, 
  "iob": -0.040156254136333315, 
  "activity": -0.0023766666666666663
}