{
  "bolusiob": 0.01284546367999988, 
  "iob": 1.7372343972789654, 
  "activity": 0.03182814797178129
}