{
  "bolusiob": 0, 
  "iob": 1.1547256146378828, 
  "activity": 0.027033967813051153
}