{
  "bolusiob": 0, 
  "iob": 1.1638135680639838, 
  "activity": 0.02518870626102292
}