{
  "bolusiob": 0, 
  "iob": -0.06988061074175264, 
  "activity": -0.0040345237213403875
}