{
  "bolusiob": 0, 
  "iob": -0.43066702880144436, 
  "activity": 0.005704303350970013
}