{
  "bolusiob": 0, 
  "iob": -0.059881696370694446, 
  "activity": -0.00038297178130511486
}