{
  "bolusiob": 3.7449675066666663, 
  "iob": 4.833077464421207, 
  "activity": 0.02260977098765432
}