{
  "bolusiob": 1.035782187808889, 
  "iob": 3.4475361675909544, 
  "activity": 0.04247005604938271
}