{
  "bolusiob": 0, 
  "iob": 0.24501060299166666, 
  "activity": 0.0056984038800705445
}