{
  "bolusiob": 0, 
  "iob": -0.02568531123261813, 
  "activity": 0.00141594368606702
}