{
  "bolusiob": 0, 
  "iob": -0.33361246666885425, 
  "activity": 0.002112195767195766
}