{
  "bolusiob": 0, 
  "iob": 0.4011457500816667, 
  "activity": 0.002850617283950617
}