{
  "bolusiob": 0, 
  "iob": 1.036785226286013, 
  "activity": 0.01118417098765432
}