{
  "bolusiob": 0, 
  "iob": -0.573997713305868, 
  "activity": -0.007442178412698413
}