{
  "bolusiob": 0, 
  "iob": 0.09451437636277776, 
  "activity": 0.0010906172839506175
}