{
  "bolusiob": 0, 
  "iob": -0.3322407693327315, 
  "activity": 0.004398606613756614
}