{
  "bolusiob": 0, 
  "iob": 0.09634375468747003, 
  "activity": 0.004382775220458553
}