{
  "bolusiob": 0, 
  "iob": 0.30795391343775774, 
  "activity": 0.007936216225749557
}