{
  "bolusiob": 0, 
  "iob": -0.09231564317041668, 
  "activity": -0.0025802557319223986
}