{
  "bolusiob": -0.00019472768000022844, 
  "iob": 1.59437959044385, 
  "activity": 0.030645668253968243
}