{
  "bolusiob": 0.20713844133333337, 
  "iob": 2.4454333511238446, 
  "activity": 0.05303378183421514
}