{
  "bolusiob": 0, 
  "iob": -0.24460366487405377, 
  "activity": -0.0028621427689594354
}