{
  "bolusiob": 0, 
  "iob": 0.4562192931422222, 
  "activity": 0.005970105820105817
}