{
  "bolusiob": 0, 
  "iob": 0.4255098316702347, 
  "activity": 0.0014748329100529084
}