{
  "bolusiob": 0, 
  "iob": 0.0978442534866934, 
  "activity": -0.009037310529100527
}