{
  "bolusiob": 2.68480789584, 
  "iob": 2.895219738691458, 
  "activity": 0.006814241622574954
}