{
  "bolusiob": 1.19571596908, 
  "iob": 3.4260056416665488, 
  "activity": 0.04214633130511463
}