{
  "bolusiob": 0, 
  "iob": 1.0707165405245265, 
  "activity": 0.012626463756613757
}