{
  "bolusiob": 0, 
  "iob": 0.17209653428781901, 
  "activity": 0.00029064638447971796
}