{
  "bolusiob": 0, 
  "iob": -0.04403428856262485, 
  "activity": -0.0018690034391534384
}