{
  "bolusiob": 0, 
  "iob": -0.3939902112736444, 
  "activity": -0.0029093299294532626
}