{
  "bolusiob": 0, 
  "iob": -0.050273925082243424, 
  "activity": 0.0008851116225749554
}