{
  "bolusiob": 0, 
  "iob": -0.5880531783430001, 
  "activity": -0.005842292768959436
}