{
  "bolusiob": 0, 
  "iob": 0.8769918108983336, 
  "activity": 0.010823703703703693
}