{
  "bolusiob": 0, 
  "iob": 0.12124697846936003, 
  "activity": 0.0061498914462081115
}