{
  "bolusiob": 1.0792951345066666, 
  "iob": 0.7742062557741112, 
  "activity": 0.0009137037037037035
}