{
  "bolusiob": 0, 
  "iob": 0.9047061250871595, 
  "activity": 0.010453976984126982
}