{
  "bolusiob": 0.10730524202666668, 
  "iob": 1.68969107303575, 
  "activity": 0.03499307768959435
}