{
  "bolusiob": 0, 
  "iob": 0.2109094439726389, 
  "activity": 0.002911507936507936
}