{
  "bolusiob": 0, 
  "iob": 0.6248671688001318, 
  "activity": 0.010815388377425043
}