{
  "bolusiob": 0, 
  "iob": 0.4763009513492461, 
  "activity": 0.006553395326278658
}