{
  "bolusiob": 2.2921969453511113, 
  "iob": 3.030058007742845, 
  "activity": 0.01727287477954144
}