{
  "bolusiob": 0, 
  "iob": 0.5987652480059044, 
  "activity": 0.0015021871428571422
}