{
  "bolusiob": 0, 
  "iob": 0.14621552690048892, 
  "activity": 0.000944867724867725
}