{
  "bolusiob": 0, 
  "iob": 0.6126436573955556, 
  "activity": 0.005548377425044091
}