{
  "bolusiob": 1.0408856568133331, 
  "iob": 1.6963038943664093, 
  "activity": 0.009709894144620809
}