{
  "bolusiob": 0.18857822800000004, 
  "iob": 1.9282394934121208, 
  "activity": 0.03496001675485007
}