{
  "bolusiob": 0, 
  "iob": 0.25677223907241076, 
  "activity": 0.01012551992945326
}