{
  "bolusiob": 0.027668349333333266, 
  "iob": 0.3887820003011111, 
  "activity": 0.007709294532627866
}