{
  "bolusiob": 0.1958995278533334, 
  "iob": 0.5468914506061168, 
  "activity": 0.004062733862433861
}