{
  "bolusiob": 0, 
  "iob": -0.054548571739444475, 
  "activity": -0.0017118165784832454
}