{
  "bolusiob": 0, 
  "iob": -0.18546136842722227, 
  "activity": -0.002263492063492064
}