{
  "bolusiob": 0, 
  "iob": 0.7291515240559284, 
  "activity": 0.006232828112874781
}