{
  "bolusiob": 0, 
  "iob": 0.18324061514769308, 
  "activity": -0.000287478007054674
}