{
  "bolusiob": 0, 
  "iob": 0.042980117594035465, 
  "activity": 0.0017068784303350968
}