{
  "bolusiob": 0, 
  "iob": -0.3290428122659584, 
  "activity": -0.00169763668430335
}