{
  "bolusiob": 0.0051633569999998685, 
  "iob": 0.269798532455222, 
  "activity": 0.01291296296296296
}