{
  "bolusiob": 0, 
  "iob": 0.18024025798487048, 
  "activity": 0.005159708377425043
}