{
  "bolusiob": 0, 
  "iob": 0.41105514279260424, 
  "activity": 0.00836555996472663
}