{
  "bolusiob": 0, 
  "iob": 0.024789816833271378, 
  "activity": 0.0013721955908289239
}