{
  "bolusiob": 0, 
  "iob": 0.5263181319394445, 
  "activity": 0.009062398589065256
}