{
  "bolusiob": 0, 
  "iob": -0.36992952489856135, 
  "activity": -0.004727389594356261
}