{
  "bolusiob": 0, 
  "iob": 0.013247410877221977, 
  "activity": 0.002195308641975296
}