{
  "bolusiob": 0, 
  "iob": -0.6113037748966228, 
  "activity": -0.005000881834215168
}