{
  "bolusiob": 0, 
  "iob": 1.0014840439380248, 
  "activity": 0.02532252416225749
}