{
  "bolusiob": 0, 
  "iob": 0.10088473632133327, 
  "activity": 0.004742151675485007
}