{
  "bolusiob": 0, 
  "iob": -0.5265460205444723, 
  "activity": -0.0037919486772486763
}