{
  "bolusiob": 0.02018572863999981, 
  "iob": 1.4793030892721624, 
  "activity": 0.03296967396825397
}