{
  "bolusiob": 0.5869480573066668, 
  "iob": 1.4907918622120673, 
  "activity": 0.019585696490299818
}