{
  "bolusiob": 0, 
  "iob": 0.17739619270222226, 
  "activity": -3.164021164021155e-05
}