{
  "bolusiob": 0, 
  "iob": 0.1260681451704167, 
  "activity": 0.002614488536155202
}