{
  "bolusiob": 0, 
  "iob": -0.6566209406970834, 
  "activity": -0.005187486772486771
}