{
  "bolusiob": 0, 
  "iob": 0.3910148591783334, 
  "activity": 0.0007746296296296296
}