{
  "bolusiob": 0.5369489163866668, 
  "iob": 2.5012192888769835, 
  "activity": 0.03517064365079365
}