{
  "bolusiob": 0, 
  "iob": -0.00224957233861129, 
  "activity": 0.012338871252204583
}