{
  "bolusiob": 0.1271849088, 
  "iob": 1.1269024542805555, 
  "activity": 0.017272777777777776
}