{
  "bolusiob": 0, 
  "iob": 0.2083983084984375, 
  "activity": 0.0008945502645502656
}