{
  "bolusiob": 0, 
  "iob": -0.09623541442111115, 
  "activity": 0.0019801234567901234
}