{
  "bolusiob": 0, 
  "iob": 0.0044721163080555446, 
  "activity": 0.0022686772486772474
}