{
  "bolusiob": 0, 
  "iob": -0.20556647396971695, 
  "activity": -0.0036729716225749535
}