{
  "bolusiob": 0, 
  "iob": 0.33909583551014644, 
  "activity": 0.00825871234567901
}