{
  "bolusiob": 0, 
  "iob": -0.26089574680170474, 
  "activity": -0.0006237447971781306
}