{
  "bolusiob": 0, 
  "iob": -0.15946067875786918, 
  "activity": -0.0020633511463844794
}