{
  "bolusiob": 0.04327104236000001, 
  "iob": 0.7092737377877238, 
  "activity": 0.015351260952380949
}