{
  "bolusiob": 2.42396369664, 
  "iob": 2.7572485256173263, 
  "activity": 0.011246803350970017
}