{
  "bolusiob": 0, 
  "iob": -0.03629429200606166, 
  "activity": 0.011447839135802464
}