{
  "bolusiob": 3.9176941016400004, 
  "iob": 5.102395648805835, 
  "activity": 0.01870571416225749
}