{
  "bolusiob": 0, 
  "iob": -0.20464455975015808, 
  "activity": -0.0020652735449735457
}