{
  "bolusiob": 0, 
  "iob": -0.10342722597611109, 
  "activity": 0.0009833950617283954
}