{
  "bolusiob": 0, 
  "iob": -0.17963246115748796, 
  "activity": -0.005331450529100529
}