{
  "bolusiob": 0, 
  "iob": 0.04772068607868705, 
  "activity": -0.0001606879188712529
}