{
  "bolusiob": 0, 
  "iob": 1.0747984250589588, 
  "activity": 0.012574276807760137
}