{
  "bolusiob": 0, 
  "iob": -0.09036172604845524, 
  "activity": -0.0007934301587301582
}