{
  "bolusiob": 0, 
  "iob": -0.4607445904936112, 
  "activity": -0.003071075837742504
}