{
  "bolusiob": 0, 
  "iob": 0.32276845700325396, 
  "activity": 0.0047105030158730125
}