{
  "bolusiob": 0, 
  "iob": 0.37836807656111116, 
  "activity": 0.009837037037037031
}