{
  "bolusiob": 0, 
  "iob": 0.8307102851406113, 
  "activity": 0.008566313932980598
}