{
  "bolusiob": 0, 
  "iob": 0.2916533510674167, 
  "activity": 0.0026607760141093475
}