{
  "bolusiob": 0, 
  "iob": 0.18756513806000003, 
  "activity": 0.0056861022927689586
}