{
  "bolusiob": 0, 
  "iob": 1.0832804309997224, 
  "activity": 0.013291825396825396
}