{
  "bolusiob": 0, 
  "iob": 0.5695315222492449, 
  "activity": 0.0028991626102292762
}