{
  "bolusiob": 0.31148415844, 
  "iob": 0.8794391423336805, 
  "activity": 0.010521190476190474
}