{
  "bolusiob": 0, 
  "iob": 0.7662305621107501, 
  "activity": 0.01148351816578483
}