{
  "bolusiob": 0, 
  "iob": -0.2447063632977846, 
  "activity": -0.009989708641975308
}