{
  "bolusiob": 0, 
  "iob": -0.32357714170361807, 
  "activity": -0.00517381807760141
}