{
  "bolusiob": 0, 
  "iob": 0.6814356036607453, 
  "activity": 0.022215493650793647
}