{
  "bolusiob": 1.14551347232, 
  "iob": 2.041249751141111, 
  "activity": 0.018441604938271603
}