{
  "bolusiob": 0, 
  "iob": -0.19177490095413363, 
  "activity": -0.004718050881834215
}