{
  "bolusiob": 0, 
  "iob": -0.3958544709498649, 
  "activity": -0.003150043915343916
}