{
  "bolusiob": 0, 
  "iob": -0.16201114045166545, 
  "activity": 0.004768994585537917
}