{
  "bolusiob": 0, 
  "iob": 0.6702269735016136, 
  "activity": 0.012819480158730157
}