{
  "bolusiob": 0, 
  "iob": -0.533901831427625, 
  "activity": -0.006787989417989415
}