{
  "bolusiob": 0, 
  "iob": 0.11617619248850239, 
  "activity": 0.028908024303350953
}