{
  "bolusiob": 0, 
  "iob": 0.8524434758301388, 
  "activity": 0.012707760141093476
}