{
  "bolusiob": 0, 
  "iob": -0.2842956151488889, 
  "activity": -0.0010579012345679009
}