{
  "bolusiob": 0, 
  "iob": -0.19079417194054174, 
  "activity": -0.002573959435626102
}