{
  "bolusiob": 0, 
  "iob": 0.2847671468444445, 
  "activity": 0.00518153439153439
}