{
  "bolusiob": 0, 
  "iob": 0.8646483833727778, 
  "activity": 0.010905873015873013
}