{
  "bolusiob": 0.08437262495999999, 
  "iob": 0.7490046106183333, 
  "activity": 0.012805802469135801
}