{
  "bolusiob": 0.09473077745333333, 
  "iob": 1.234324735846971, 
  "activity": 0.01878962107583774
}