{
  "bolusiob": 0, 
  "iob": -0.10472287779443643, 
  "activity": 0.00036637571428571565
}