{
  "bolusiob": 0.8342570296888889, 
  "iob": 1.1065704355512498, 
  "activity": 0.00508111111111111
}