{
  "bolusiob": 0, 
  "iob": 0.26761517192444445, 
  "activity": 0.0011624162257495591
}