{
  "bolusiob": 0, 
  "iob": 0.11888167055616887, 
  "activity": -0.004767221675485008
}