{
  "bolusiob": 0, 
  "iob": -0.2500267573488889, 
  "activity": 0.007866860670194004
}