{
  "bolusiob": 0, 
  "iob": -0.4616529439108915, 
  "activity": -0.006443245185185184
}