{
  "bolusiob": 0, 
  "iob": -0.16457638244305556, 
  "activity": -0.002709858906525572
}