{
  "bolusiob": 0.56527849192, 
  "iob": 2.062516395223333, 
  "activity": 0.03145167548500881
}