{
  "bolusiob": 0, 
  "iob": 0.3426943625884838, 
  "activity": 0.005819620723104055
}