{
  "bolusiob": 0, 
  "iob": 0.7182272317778449, 
  "activity": 0.011245134744268073
}