{
  "bolusiob": 0, 
  "iob": 0.5816038447595179, 
  "activity": 0.007466904320987653
}