{
  "bolusiob": 0, 
  "iob": -0.07290287505997624, 
  "activity": 0.003627936419753086
}