{
  "bolusiob": 0, 
  "iob": 0.17762547207111118, 
  "activity": -0.00023396825396825344
}