{
  "bolusiob": 0, 
  "iob": -0.416640027812274, 
  "activity": -0.00023664058201058243
}