{
  "bolusiob": 0, 
  "iob": 0.5535935462495175, 
  "activity": 0.0023745139329805955
}