{
  "bolusiob": 0, 
  "iob": -0.3664605166109856, 
  "activity": -0.003929770634920633
}