{
  "bolusiob": 0, 
  "iob": 0.5415150738961112, 
  "activity": 0.008481604938271605
}