{
  "bolusiob": 0, 
  "iob": 0.11638141444329772, 
  "activity": 0.00231115532627866
}