{
  "bolusiob": 0, 
  "iob": 0.5906456271552084, 
  "activity": 0.0018739594356261024
}