{
  "bolusiob": 0, 
  "iob": 0.7233486830557464, 
  "activity": 0.004160449823633156
}