{
  "bolusiob": 0, 
  "iob": 0.5017170875278611, 
  "activity": 0.003550308641975308
}