{
  "bolusiob": 0, 
  "iob": 0.7564572483244444, 
  "activity": 0.010096137566137565
}