{
  "bolusiob": 0, 
  "iob": -0.5378955541167502, 
  "activity": -0.006655754850088182
}