{
  "bolusiob": 0, 
  "iob": -0.48711351722635987, 
  "activity": 0.005205369876543207
}