{
  "bolusiob": 0.11667049504000002, 
  "iob": 1.5791270875398826, 
  "activity": 0.02416912735449736
}