{
  "bolusiob": 0.9619532528, 
  "iob": 0.916721625738264, 
  "activity": 0.01681443562610229
}