{
  "bolusiob": 0.7545036505600001, 
  "iob": 2.3830379575653327, 
  "activity": 0.027605537918871253
}