{
  "bolusiob": 0, 
  "iob": 0.07797934754833334, 
  "activity": 0.002921781305114638
}