{
  "bolusiob": 0.6811061510000002, 
  "iob": 1.856956789746569, 
  "activity": 0.01988915361552027
}