{
  "bolusiob": 0, 
  "iob": 0.9389261668500696, 
  "activity": 0.008369753086419752
}