{
  "bolusiob": 0, 
  "iob": -0.021664997306080833, 
  "activity": -0.005225573015873014
}