{
  "bolusiob": 0.3348877724666667, 
  "iob": 1.248552842724536, 
  "activity": 0.01198358961199294
}