{
  "bolusiob": 0.016682439679999914, 
  "iob": 1.4346084479374572, 
  "activity": 0.01823969111111111
}