{
  "bolusiob": 0, 
  "iob": -0.41334696550704497, 
  "activity": -0.00451395934744268
}