{
  "bolusiob": 0, 
  "iob": 0.06964259785990098, 
  "activity": 0.0007617194885361548
}