{
  "bolusiob": 3.769706666667538e-05, 
  "iob": 0.1235666288244445, 
  "activity": 0.012532910052910053
}