{
  "bolusiob": 0, 
  "iob": 0.2657358300988889, 
  "activity": 0.006215079365079361
}