{
  "bolusiob": 0, 
  "iob": 0.031949196114203125, 
  "activity": -0.002586648888888888
}