{
  "bolusiob": 0, 
  "iob": 0.5189428553486668, 
  "activity": 0.009078336860670192
}