{
  "bolusiob": 0, 
  "iob": -0.8725613531452765, 
  "activity": -0.0042264819753086436
}