{
  "bolusiob": 0, 
  "iob": 0.561061139255, 
  "activity": 0.00897405643738977
}