{
  "bolusiob": 0, 
  "iob": 0.6154764360807037, 
  "activity": 0.00459295476190476
}