{
  "bolusiob": 0, 
  "iob": 0.77986335946275, 
  "activity": 0.00814836860670194
}