{
  "bolusiob": 0, 
  "iob": 0.5420130629334237, 
  "activity": 0.00740063492063492
}