{
  "bolusiob": 1.3876176768000001, 
  "iob": 1.5669671681105555, 
  "activity": 0.003385414462081128
}