{
  "bolusiob": 0, 
  "iob": 0.2666376432634314, 
  "activity": 0.009321428306878305
}