{
  "bolusiob": 0, 
  "iob": -0.0722201809500123, 
  "activity": -0.002282565873015872
}