{
  "bolusiob": 0, 
  "iob": 0.6436224574909724, 
  "activity": 0.007835361552028217
}