{
  "bolusiob": 0, 
  "iob": 0.169766998030341, 
  "activity": 0.004458513668430335
}