{
  "bolusiob": 0, 
  "iob": -0.5255416350236962, 
  "activity": -0.006455018007054672
}