{
  "bolusiob": 0, 
  "iob": 0.4471888892503143, 
  "activity": 0.00690895086419753
}