{
  "bolusiob": 0, 
  "iob": 0.07279370787926583, 
  "activity": 0.004256260758377424
}