{
  "bolusiob": 0, 
  "iob": -0.16302196061888888, 
  "activity": 0.000208015873015873
}