{
  "bolusiob": 0.4477739141511111, 
  "iob": 1.2783408827756186, 
  "activity": 0.010877178395061724
}