{
  "bolusiob": 0, 
  "iob": 0.0064797874555555714, 
  "activity": -7.971781305114581e-06
}