{
  "bolusiob": 0, 
  "iob": 0.2518335735129892, 
  "activity": -0.001342856966490299
}