{
  "bolusiob": 1.0700587520000002, 
  "iob": 2.008990476794444, 
  "activity": 0.018713245149911815
}