{
  "bolusiob": 0.50960774144, 
  "iob": 2.5666014310761036, 
  "activity": 0.037482877107583766
}