{
  "bolusiob": 0, 
  "iob": 0.34330770617166667, 
  "activity": 0.0006274691358024691
}