{
  "bolusiob": 0, 
  "iob": 0.35771538566065975, 
  "activity": -0.0018440740740740737
}