{
  "bolusiob": 0, 
  "iob": 0.8725613585474375, 
  "activity": 0.013327557566137562
}