{
  "bolusiob": 0, 
  "iob": 0.7125671363443048, 
  "activity": 0.011395322839506169
}