{
  "bolusiob": 0, 
  "iob": 0.32018359941657637, 
  "activity": -0.0009723456790123469
}