{
  "bolusiob": 0, 
  "iob": 1.3956757685599592, 
  "activity": 0.029077566225749557
}