{
  "bolusiob": 0.010171033266666685, 
  "iob": 0.42384528624992257, 
  "activity": 0.012226825308641973
}