{
  "bolusiob": 0, 
  "iob": 0.9237879072625753, 
  "activity": 0.013497786843033507
}