{
  "bolusiob": 0, 
  "iob": 0.9963226212290514, 
  "activity": 0.009109480211640214
}