{
  "bolusiob": 0, 
  "iob": -0.026183828622777794, 
  "activity": -0.0025576278659611993
}