{
  "bolusiob": 0, 
  "iob": 0.40776567725675705, 
  "activity": 0.00714737566137566
}