{
  "bolusiob": 0, 
  "iob": 0.593884247563881, 
  "activity": 0.004934144744268078
}