{
  "bolusiob": 0.62503591516, 
  "iob": 2.4840810618178466, 
  "activity": 0.03526763580246913
}