{
  "bolusiob": 0, 
  "iob": 0.05453373632572858, 
  "activity": 0.0036703966490299815
}