{
  "bolusiob": 0, 
  "iob": 0.8270960782800434, 
  "activity": 0.00460399555555555
}