{
  "bolusiob": 0.02322817610666661, 
  "iob": -0.2157101106096485, 
  "activity": -0.0016918258024691355
}