{
  "bolusiob": 0, 
  "iob": -0.11219831839753472, 
  "activity": -0.0009480731922398587
}