{
  "bolusiob": 0, 
  "iob": -0.18825491777590914, 
  "activity": -0.0033230073368606707
}