{
  "bolusiob": 0, 
  "iob": 0.2595657930484271, 
  "activity": 0.0046891353615520276
}