{
  "bolusiob": 0, 
  "iob": -0.42730386862611114, 
  "activity": -0.005630388007054673
}