{
  "bolusiob": 0, 
  "iob": -0.1275824234049682, 
  "activity": -0.001287645414462081
}