{
  "bolusiob": 0, 
  "iob": 0.11156345978333551, 
  "activity": 0.003069638571428571
}