{
  "bolusiob": 0, 
  "iob": 0.04356019099269405, 
  "activity": -0.0004822221340388006
}