{
  "bolusiob": 0, 
  "iob": 0.5296514756460797, 
  "activity": 0.006683465873015875
}