{
  "bolusiob": 0, 
  "iob": -0.3933080113383333, 
  "activity": -0.00543095238095238
}