{
  "bolusiob": 1.581591665813333, 
  "iob": 2.0690249496074653, 
  "activity": 0.010356710758377425
}