{
  "bolusiob": 0, 
  "iob": 0.14302080843566667, 
  "activity": 0.004958112874779541
}