{
  "bolusiob": 3.7767089846044444, 
  "iob": 3.9465193193704162, 
  "activity": 0.005727839506172839
}