{
  "bolusiob": 0, 
  "iob": 0.627450734044091, 
  "activity": 0.007953298306878307
}