{
  "bolusiob": 0, 
  "iob": 1.0182474300714914, 
  "activity": 0.014163685802469133
}