{
  "bolusiob": 0, 
  "iob": 1.0797912836055554, 
  "activity": 0.01338253968253968
}