{
  "bolusiob": 0, 
  "iob": -0.40038210471638536, 
  "activity": -0.004012742416225748
}