{
  "bolusiob": 0, 
  "iob": 0.11901473924553937, 
  "activity": -0.0010487210582010575
}