{
  "bolusiob": 0, 
  "iob": -0.3086654277122447, 
  "activity": -0.0062557757495590805
}