{
  "bolusiob": 0, 
  "iob": -0.08807477405944444, 
  "activity": -0.0010890652557319224
}