{
  "bolusiob": 0.01318080426666668, 
  "iob": 0.5829507912897223, 
  "activity": 0.010131569664902996
}