{
  "bolusiob": 0, 
  "iob": 0.5365334601972223, 
  "activity": 0.0020562257495590824
}