{
  "bolusiob": 0, 
  "iob": -0.5197422533758889, 
  "activity": -7.27336860670197e-05
}