{
  "bolusiob": 0, 
  "iob": -0.26331152766359034, 
  "activity": -0.0043886301587301585
}