{
  "bolusiob": 0, 
  "iob": 0.3394239475616141, 
  "activity": 0.0009410406525573186
}