{
  "bolusiob": 0, 
  "iob": 0.06325457757360015, 
  "activity": -0.0005851847619047616
}