{
  "bolusiob": 0, 
  "iob": 1.4450916616632357, 
  "activity": 0.018340688095238103
}