{
  "bolusiob": 0, 
  "iob": 0.6751849072018751, 
  "activity": 0.007513121693121692
}