{
  "bolusiob": 2.8657468256711116, 
  "iob": 3.2330055505266677, 
  "activity": 0.015394423544973536
}