{
  "bolusiob": 0, 
  "iob": -0.11127567812256114, 
  "activity": 0.0009429892416225741
}