{
  "bolusiob": 0, 
  "iob": 0.10977076541722222, 
  "activity": -0.0031030423280423275
}