{
  "bolusiob": 0, 
  "iob": -0.20600838876222227, 
  "activity": -0.004530758377425044
}