{
  "bolusiob": 0, 
  "iob": 0.336441836893776, 
  "activity": 0.0024512323633156963
}