{
  "bolusiob": 0, 
  "iob": -0.1805186266401469, 
  "activity": -0.004614347178130512
}