{
  "bolusiob": 0, 
  "iob": -0.1981441916348472, 
  "activity": -0.0014470723104056432
}