{
  "bolusiob": 0, 
  "iob": 0.8558854994665556, 
  "activity": 0.01159774250440917
}