{
  "bolusiob": 0.18456419243999994, 
  "iob": 0.7754849823076613, 
  "activity": 0.01926107557319224
}