{
  "bolusiob": 0.5806818791822222, 
  "iob": 0.6672189991288888, 
  "activity": 0.002360987654320987
}