{
  "bolusiob": 0, 
  "iob": 0.9290471561296874, 
  "activity": 0.017531049382716046
}