{
  "bolusiob": 0, 
  "iob": 0.4244216447899997, 
  "activity": 0.004856190476190473
}