{
  "bolusiob": 3.125083335448889, 
  "iob": 3.782679738333889, 
  "activity": 0.013834303350970016
}