{
  "bolusiob": 0, 
  "iob": -0.00015875726745770424, 
  "activity": 0.005297354373897706
}