{
  "bolusiob": 0, 
  "iob": -0.3105091686840862, 
  "activity": -0.00043138544973545087
}