{
  "bolusiob": 0, 
  "iob": 0.04729399917899335, 
  "activity": 0.0023663580246913577
}