{
  "bolusiob": 0.10907747800000003, 
  "iob": 1.498823805086372, 
  "activity": 0.01595352751322751
}