{
  "bolusiob": 0, 
  "iob": 0.26769101013167707, 
  "activity": 0.0015054498765432103
}