{
  "bolusiob": 0, 
  "iob": -0.10659322220251884, 
  "activity": 0.0013115392416225744
}