{
  "bolusiob": 0, 
  "iob": 0.733958140347213, 
  "activity": 0.008769001181657845
}