{
  "bolusiob": 3.784870981084445, 
  "iob": 4.880517370876269, 
  "activity": 0.024633933068783063
}