{
  "bolusiob": 0, 
  "iob": 0.9406531141148048, 
  "activity": 0.014294038906525572
}