{
  "bolusiob": 0, 
  "iob": 0.11067654379777778, 
  "activity": 0.0027837213403880063
}