{
  "bolusiob": 0, 
  "iob": 0.6927234559579722, 
  "activity": 0.006709497354497354
}