{
  "bolusiob": 0, 
  "iob": 0.2807792024730925, 
  "activity": 0.0031165874779541447
}