{
  "bolusiob": 0, 
  "iob": -0.4400249785730504, 
  "activity": -0.0060230161199294535
}