{
  "bolusiob": 0, 
  "iob": 0.1496584139252778, 
  "activity": 0.0031008201058201055
}