{
  "bolusiob": 2.3154349125155558, 
  "iob": 3.373561343887369, 
  "activity": 0.018696842945326277
}