{
  "bolusiob": 0, 
  "iob": -0.08586066828866669, 
  "activity": -0.0004482804232804236
}