{
  "bolusiob": 0, 
  "iob": -0.07923639348936923, 
  "activity": 0.00149615532627866
}