{
  "bolusiob": 0, 
  "iob": 0.053216896672493776, 
  "activity": 0.0034125216049382704
}