{
  "bolusiob": 0, 
  "iob": -0.047735208194743445, 
  "activity": -0.0017360579365079353
}