{
  "bolusiob": 0, 
  "iob": -0.05414474180468987, 
  "activity": -0.003526745943562608
}