{
  "bolusiob": 0, 
  "iob": -0.20228463939944447, 
  "activity": 0.0008057848324514989
}