{
  "bolusiob": 0, 
  "iob": 0.01160740096570656, 
  "activity": -0.001431595855379188
}