{
  "bolusiob": 0, 
  "iob": 0.203152535589916, 
  "activity": 0.006115784391534391
}