{
  "bolusiob": 0, 
  "iob": 0.10404620621666666, 
  "activity": 0.002947918871252204
}