{
  "bolusiob": 0, 
  "iob": -0.811153410824187, 
  "activity": -0.00648549365079365
}