{
  "bolusiob": 0.15182850399999998, 
  "iob": -0.11621086903735361, 
  "activity": -0.0024916752204585542
}