{
  "bolusiob": 0, 
  "iob": 0.7495354897241253, 
  "activity": 0.008755374497354496
}