{
  "bolusiob": 0, 
  "iob": -0.5556613042601963, 
  "activity": -0.005577936878306876
}