{
  "bolusiob": 0, 
  "iob": 0.36233573509299366, 
  "activity": 0.003501145943562609
}