{
  "bolusiob": 0, 
  "iob": 0.7687682745475266, 
  "activity": 0.012879621058201056
}