{
  "bolusiob": 0, 
  "iob": 0.13364297040736114, 
  "activity": 0.0009855820105820108
}