{
  "bolusiob": 0, 
  "iob": 0.8048693017585126, 
  "activity": 0.011399171534391529
}