{
  "bolusiob": 0.9146585230222223, 
  "iob": 0.8584552005976528, 
  "activity": 0.0014423192239858907
}