{
  "bolusiob": 0, 
  "iob": 0.38832234926669207, 
  "activity": 0.005075432222222223
}