{
  "bolusiob": 0, 
  "iob": 0.48834570337277783, 
  "activity": 0.007137301587301587
}