{
  "bolusiob": 0, 
  "iob": 0.1355388592867776, 
  "activity": 0.0022278923280423272
}