{
  "bolusiob": 0, 
  "iob": -0.0010686185682499405, 
  "activity": 0.0043067460317460305
}