{
  "bolusiob": 0, 
  "iob": 0.3480609263570833, 
  "activity": 0.017849488536155197
}