{
  "bolusiob": 0, 
  "iob": -0.12032480505357934, 
  "activity": -0.0033005375485008815
}