{
  "bolusiob": 0, 
  "iob": -0.513391996580639, 
  "activity": -0.006192231040564372
}