{
  "bolusiob": 0.030548782359999985, 
  "iob": 0.6984815966284251, 
  "activity": 0.014662599188712521
}