{
  "bolusiob": 0, 
  "iob": 0.018942923421795252, 
  "activity": 0.0041747
}