{
  "bolusiob": 0, 
  "iob": -0.15552004295983135, 
  "activity": -0.00041396798941798884
}