{
  "bolusiob": 0, 
  "iob": 0.8026749670405555, 
  "activity": 0.01002312169312169
}