{
  "bolusiob": 0, 
  "iob": 0.7988983445046567, 
  "activity": 0.015126560970017628
}