{
  "bolusiob": 0, 
  "iob": -0.26594685389515266, 
  "activity": 0.00019701948853615483
}