{
  "bolusiob": 0, 
  "iob": -0.521647498755325, 
  "activity": -0.0056100356437389755
}