{
  "bolusiob": 0, 
  "iob": 0.6000794086995197, 
  "activity": 0.004270053386243386
}