{
  "bolusiob": 0, 
  "iob": 0.3767563901516667, 
  "activity": 0.0047958730158730156
}