{
  "bolusiob": 0, 
  "iob": 0.915412396561107, 
  "activity": 0.01993662181657848
}