{
  "bolusiob": 0.0997813742, 
  "iob": 0.6707946561541666, 
  "activity": 0.009820299823633156
}