{
  "bolusiob": 0, 
  "iob": 0.1521168064738889, 
  "activity": -0.000925379188712522
}