{
  "bolusiob": 0, 
  "iob": 0.4142835119303258, 
  "activity": 0.004672363051146384
}