{
  "bolusiob": 0, 
  "iob": -0.03959969753444442, 
  "activity": 0.0014126102292768956
}