{
  "bolusiob": 0, 
  "iob": -0.8383230753618057, 
  "activity": -0.006157760141093474
}