{
  "bolusiob": 0, 
  "iob": -0.6680287221337501, 
  "activity": -0.004515934744268078
}