{
  "bolusiob": 0, 
  "iob": 0.6870555030277778, 
  "activity": 0.009290723104056434
}