{
  "bolusiob": 0.26390730528000006, 
  "iob": 1.1101788092088891, 
  "activity": 0.014583703703703701
}