{
  "bolusiob": 0, 
  "iob": 0.01056727739277536, 
  "activity": -0.0005342417283950618
}