{
  "bolusiob": 0.03852744759999993, 
  "iob": 1.7751542533049995, 
  "activity": 0.04985865961199294
}