{
  "bolusiob": 0, 
  "iob": 0.06531592945111112, 
  "activity": 0.001984850088183421
}