{
  "bolusiob": 0, 
  "iob": 0.21093117769275002, 
  "activity": 0.0023887037037037028
}