{
  "bolusiob": 0, 
  "iob": -0.5752719543547462, 
  "activity": -0.0044972840388007055
}