{
  "bolusiob": 0, 
  "iob": -0.007354018683868632, 
  "activity": 0.0007703877425044086
}