{
  "bolusiob": 0, 
  "iob": 0.2736648345429723, 
  "activity": 0.0027786067019400355
}