{
  "bolusiob": 0, 
  "iob": -0.5167102229656517, 
  "activity": -0.007113345273368605
}