{
  "bolusiob": 0.5455951883377778, 
  "iob": 0.49485269771239077, 
  "activity": -0.001784779576719576
}