{
  "bolusiob": 0, 
  "iob": 0.14902974951519446, 
  "activity": 0.0036576102292768956
}