{
  "bolusiob": 0, 
  "iob": 1.1451059709241669, 
  "activity": 0.012500273368606703
}