{
  "bolusiob": 0, 
  "iob": 0.6210250358800211, 
  "activity": 0.010823783192239856
}