{
  "bolusiob": 0.3247159201422223, 
  "iob": 0.5816440585129127, 
  "activity": 0.004629558994708994
}