{
  "bolusiob": 0.16310783196000003, 
  "iob": -0.12058801659992816, 
  "activity": -0.002533191975308643
}