{
  "bolusiob": 0, 
  "iob": 0.17144029151611112, 
  "activity": -0.0025485978835978838
}