{
  "bolusiob": 0, 
  "iob": 0.14030822402444432, 
  "activity": 0.0030228747795414458
}