{
  "bolusiob": 0, 
  "iob": -0.33410922818886296, 
  "activity": 0.003957645502645498
}