{
  "bolusiob": 1.3624903581333334, 
  "iob": 1.055969220305, 
  "activity": 0.0023344444444444437
}