{
  "bolusiob": 0, 
  "iob": -0.31243234809027043, 
  "activity": -0.00278117275132275
}