{
  "bolusiob": 0, 
  "iob": 0.44331026421445924, 
  "activity": 0.010500967283950613
}