{
  "bolusiob": 1.4859135645333332, 
  "iob": 0.9656053635419292, 
  "activity": -0.0019832453968253966
}