{
  "bolusiob": 0.14049682693333332, 
  "iob": 1.6980667950398156, 
  "activity": 0.033107687513227506
}