{
  "bolusiob": 0, 
  "iob": 0.917639471255248, 
  "activity": 0.010929089858906525
}