{
  "bolusiob": 0, 
  "iob": 0.5839558390582881, 
  "activity": 0.008502433721340389
}