{
  "bolusiob": 0, 
  "iob": -0.9606629687903377, 
  "activity": -0.011953677372134038
}