{
  "bolusiob": 0, 
  "iob": 0.2072119381261027, 
  "activity": 0.005407563880070546
}