{
  "bolusiob": 0, 
  "iob": -0.08425864259111117, 
  "activity": 0.0026955379188712512
}