{
  "bolusiob": 0, 
  "iob": 0.09607002555920705, 
  "activity": 0.000860343950617283
}