{
  "bolusiob": 0, 
  "iob": -0.4676199741997222, 
  "activity": -0.0024306966490299825
}