{
  "bolusiob": 0, 
  "iob": 0.12594711452277782, 
  "activity": -0.0008724867724867727
}