{
  "bolusiob": 0, 
  "iob": 0.6275829858651156, 
  "activity": 0.012722575079365068
}