{
  "bolusiob": 2.776718017333333, 
  "iob": 3.38602261732704, 
  "activity": 0.01571268738977072
}