{
  "bolusiob": 0, 
  "iob": 0.0022393955782666966, 
  "activity": 0.0008628395061728394
}