{
  "bolusiob": 0, 
  "iob": 0.12058893309916674, 
  "activity": 0.0029703527336860675
}