{
  "bolusiob": 0, 
  "iob": 0.9730286600075053, 
  "activity": 0.01023991172839506
}