{
  "bolusiob": 0, 
  "iob": 0.6066617654504294, 
  "activity": 0.008198859682539682
}