{
  "bolusiob": 0, 
  "iob": -0.1034656602165688, 
  "activity": 0.0016960845326278657
}