{
  "bolusiob": 0, 
  "iob": 0.7106258380181111, 
  "activity": 0.0025739858906525565
}