{
  "bolusiob": 0, 
  "iob": -0.8249809976627087, 
  "activity": -0.008122239682539681
}