{
  "bolusiob": 0, 
  "iob": -0.42762124921199995, 
  "activity": -0.004928853615520282
}