{
  "bolusiob": 0, 
  "iob": -0.13471976563805557, 
  "activity": -0.002398994708994708
}