{
  "bolusiob": 1.2541847808, 
  "iob": 1.0880231020594442, 
  "activity": 0.0030961375661375653
}