{
  "bolusiob": 0.007555169266666761, 
  "iob": 0.3135312261216666, 
  "activity": 0.01405070546737213
}