{
  "bolusiob": 0, 
  "iob": -0.16154963644651177, 
  "activity": -0.0007196652733686065
}