{
  "bolusiob": 0, 
  "iob": 0.7238295625536539, 
  "activity": 0.012167057213403878
}