{
  "bolusiob": 0, 
  "iob": 0.5731721620336641, 
  "activity": 0.007316948500881834
}