{
  "bolusiob": 0, 
  "iob": 0.10493740401069446, 
  "activity": -0.0020052469135802466
}