{
  "bolusiob": 0, 
  "iob": -0.09583612926965265, 
  "activity": 0.012221878306878304
}