{
  "bolusiob": 0, 
  "iob": 0.5526973255105936, 
  "activity": 0.004661619576719576
}