{
  "bolusiob": 0, 
  "iob": 0.5737735301080452, 
  "activity": 0.008518474426807757
}