{
  "bolusiob": 0.4364031898399999, 
  "iob": 0.887179682017783, 
  "activity": 0.0076791177072310386
}