{
  "bolusiob": 0, 
  "iob": 0.5009059406379349, 
  "activity": 0.005047866225749558
}