{
  "bolusiob": 0, 
  "iob": -0.5236144650028611, 
  "activity": -0.006677469135802468
}