{
  "bolusiob": 0, 
  "iob": 0.11766825892439876, 
  "activity": 0.0015395852380952373
}