{
  "bolusiob": 0, 
  "iob": 0.1928535584075739, 
  "activity": 0.004775572839506172
}