{
  "bolusiob": 0.9006199694488889, 
  "iob": 2.1823309072196344, 
  "activity": 0.02843726640211639
}