{
  "bolusiob": 1.0944531295822222, 
  "iob": 1.8074969811997803, 
  "activity": 0.028284074162257488
}