{
  "bolusiob": 0.20271417088000004, 
  "iob": 0.6500618682254856, 
  "activity": 0.008208253527336859
}