{
  "bolusiob": 1.4978137301866667, 
  "iob": 2.1883214232799992, 
  "activity": 0.01714998236331569
}