{
  "bolusiob": 0, 
  "iob": -0.04978531615499998, 
  "activity": -0.00015640211640211634
}