{
  "bolusiob": 0, 
  "iob": 0.0636481424311111, 
  "activity": -0.0014112698412698417
}