{
  "bolusiob": 0, 
  "iob": 1.1410353047772221, 
  "activity": 0.013183809523809516
}