{
  "bolusiob": 0, 
  "iob": -0.002675944135000005, 
  "activity": -9.788359788360354e-06
}