{
  "bolusiob": 0, 
  "iob": 0.08159465983990236, 
  "activity": -0.00208805139329806
}