{
  "bolusiob": 0, 
  "iob": 0.490972781382997, 
  "activity": 0.007693017283950617
}