{
  "bolusiob": 0, 
  "iob": 0.7482789698819146, 
  "activity": 0.008897707460317459
}