{
  "bolusiob": 0, 
  "iob": 0.15544614487388891, 
  "activity": -1.109347442680757e-05
}