{
  "bolusiob": 0.87636226048, 
  "iob": 1.5545169285738405, 
  "activity": 0.009428668800705465
}