{
  "bolusiob": 1.5348136180622223, 
  "iob": 1.6907171048644445, 
  "activity": 0.004924744268077601
}