{
  "bolusiob": 0, 
  "iob": 0.5722796028900552, 
  "activity": 0.0033652558201058193
}