{
  "bolusiob": 0, 
  "iob": 0.2741724397821944, 
  "activity": 0.0026167989417989414
}