{
  "bolusiob": 0, 
  "iob": 0.7637206570803473, 
  "activity": 0.008045308641975309
}