{
  "bolusiob": 0, 
  "iob": 0.30506375100523697, 
  "activity": 0.0018669613756613752
}