{
  "bolusiob": 0, 
  "iob": 0.9465090483942037, 
  "activity": 0.012468756349206349
}