{
  "bolusiob": 0.0922477776, 
  "iob": 0.36920349450410134, 
  "activity": 0.006283862169312168
}