{
  "bolusiob": 0, 
  "iob": 0.18112813478219442, 
  "activity": 0.0003990740740740733
}