{
  "bolusiob": 0, 
  "iob": 0.5601282982773467, 
  "activity": 0.01167144633156966
}