{
  "bolusiob": 2.1557474888888892, 
  "iob": 2.2105321508459745, 
  "activity": 0.017711975485008812
}