{
  "bolusiob": 0, 
  "iob": 0.2697180038248334, 
  "activity": 0.006193158730158729
}