{
  "bolusiob": 0, 
  "iob": -0.8966640127441615, 
  "activity": -0.002125829417989417
}