{
  "bolusiob": 0, 
  "iob": 0.03173582279894912, 
  "activity": 0.003776887001763665
}