{
  "bolusiob": 0, 
  "iob": -0.6334709959543057, 
  "activity": -0.00665905643738977
}