{
  "bolusiob": 0, 
  "iob": 0.4730602342113296, 
  "activity": 0.005522134409171075
}