{
  "bolusiob": 0, 
  "iob": -0.4402823842561281, 
  "activity": -0.005898500705467371
}