{
  "bolusiob": 0.7495932429866669, 
  "iob": 2.122867082247167, 
  "activity": 0.021019724867724864
}