{
  "bolusiob": 0, 
  "iob": 0.9669958446941584, 
  "activity": 0.015148659823633151
}