{
  "bolusiob": 0, 
  "iob": -0.07435473766211799, 
  "activity": 0.006196851851851852
}