{
  "bolusiob": 0, 
  "iob": 0.45532220828997344, 
  "activity": 0.007190669753086419
}