{
  "bolusiob": 0, 
  "iob": 0.8814935213634478, 
  "activity": 0.008124382627865962
}