{
  "bolusiob": 0, 
  "iob": 0.18023825385, 
  "activity": -0.0021479365079365076
}