{
  "bolusiob": 0, 
  "iob": 0.2486521642861112, 
  "activity": 0.0056853968253968235
}