{
  "bolusiob": 0, 
  "iob": 0.35404476925844375, 
  "activity": 0.003424214726631392
}