{
  "bolusiob": 3.6974956243555557, 
  "iob": 4.020297391096838, 
  "activity": 0.010182327548500878
}