{
  "bolusiob": 0, 
  "iob": 0.5155402293814082, 
  "activity": 0.007246322680776014
}