{
  "bolusiob": 0, 
  "iob": -0.24938385299078408, 
  "activity": 0.00028240696649029873
}