{
  "bolusiob": 0.6088706733200001, 
  "iob": 1.766367731917778, 
  "activity": 0.02074768959435626
}