{
  "bolusiob": 0, 
  "iob": -0.05053022063419113, 
  "activity": -0.0030680952380952374
}