{
  "bolusiob": 0, 
  "iob": 1.0051150557893056, 
  "activity": 0.010128421516754844
}