{
  "bolusiob": 0, 
  "iob": 0.18263115717541673, 
  "activity": 0.0020365432098765433
}