{
  "bolusiob": 0, 
  "iob": 0.0699523791982273, 
  "activity": 0.004811305485008817
}