{
  "bolusiob": 0, 
  "iob": 0.566750061285968, 
  "activity": 0.0054719079188712515
}