{
  "bolusiob": 0, 
  "iob": 0.660675408470482, 
  "activity": 0.010110265044091708
}