{
  "bolusiob": 0, 
  "iob": -0.02149534815438886, 
  "activity": 0.0013518518518518517
}