{
  "bolusiob": 0, 
  "iob": -0.16714604280163492, 
  "activity": -0.0052590210758377415
}