{
  "bolusiob": 0, 
  "iob": -0.1267637020050475, 
  "activity": -0.0014827246913580241
}