{
  "bolusiob": 0, 
  "iob": -0.11051407359837692, 
  "activity": -0.001150193738977072
}