{
  "bolusiob": 0, 
  "iob": 0.4161065886893194, 
  "activity": 0.0056096917283950595
}