{
  "bolusiob": 0, 
  "iob": 0.06337010689743057, 
  "activity": -0.0016156878306878304
}