{
  "bolusiob": 0, 
  "iob": 0.2689455629297777, 
  "activity": -0.0017876649029982437
}