{
  "bolusiob": 0, 
  "iob": 0.5680831594945457, 
  "activity": 0.007917757301587301
}