{
  "bolusiob": 0, 
  "iob": 0.9489882626431608, 
  "activity": 0.012977196014109342
}