{
  "bolusiob": 0.7747382768, 
  "iob": 1.0839803827074999, 
  "activity": 0.005689100529100528
}