{
  "bolusiob": 1.1284193480000004, 
  "iob": 3.7654448124253252, 
  "activity": 0.044843651058201046
}