{
  "bolusiob": 0, 
  "iob": -0.22307592070858043, 
  "activity": -0.002565670105820105
}