{
  "bolusiob": 0.004695959999999999, 
  "iob": 0.38211880570777784, 
  "activity": 0.006989135802469134
}