{
  "bolusiob": 1.3668960192, 
  "iob": 1.1730283751716217, 
  "activity": 0.00739643379188712
}