{
  "bolusiob": 0, 
  "iob": 0.08715608554675514, 
  "activity": -0.0038300880952380953
}