{
  "bolusiob": 0, 
  "iob": 0.28807624666111303, 
  "activity": 0.009637036684303352
}