{
  "bolusiob": 0.01122400471999998, 
  "iob": 1.4473137797357798, 
  "activity": 0.018212525908289236
}