{
  "bolusiob": 0, 
  "iob": -0.5036756178684166, 
  "activity": -0.006478964726631393
}