{
  "bolusiob": 0, 
  "iob": 0.26539671947927784, 
  "activity": 0.007350634920634919
}