{
  "bolusiob": 0, 
  "iob": 0.26528839054567366, 
  "activity": 0.004791454761904761
}