{
  "bolusiob": 0, 
  "iob": 0.4334177042666666, 
  "activity": 0.0036408289241622567
}