{
  "bolusiob": 0, 
  "iob": 0.18946093799610547, 
  "activity": 0.00033054686067019313
}