{
  "bolusiob": 0, 
  "iob": 0.47494883179606695, 
  "activity": 0.007155846472663138
}