{
  "bolusiob": 0, 
  "iob": 0.30630071938640463, 
  "activity": 0.013367352116402114
}