{
  "bolusiob": 0, 
  "iob": 0.6150766236837553, 
  "activity": 0.004748573633156967
}