{
  "bolusiob": 0, 
  "iob": -0.2043462637055047, 
  "activity": -0.0019439948853615515
}