{
  "bolusiob": 0, 
  "iob": 0.9372634523233335, 
  "activity": 0.01749379188712522
}