{
  "bolusiob": 0, 
  "iob": 1.06954938695587, 
  "activity": 0.011950290917107585
}