{
  "bolusiob": 0, 
  "iob": 0.645456283221027, 
  "activity": 0.010620978747795412
}