{
  "bolusiob": 0, 
  "iob": -0.22962191744249166, 
  "activity": 5.443386243386228e-05
}