{
  "bolusiob": 0, 
  "iob": 0.5215514119861251, 
  "activity": 0.006107504409171074
}