{
  "bolusiob": 0, 
  "iob": 0.2146324677798473, 
  "activity": 0.0017204852204585532
}