{
  "bolusiob": 0, 
  "iob": 1.0333714494283168, 
  "activity": 0.010807380864197528
}