{
  "bolusiob": 0, 
  "iob": 0.7833042156421294, 
  "activity": 0.007410047178130511
}