{
  "bolusiob": 0, 
  "iob": -0.024772924336111148, 
  "activity": 0.003152680776014108
}