{
  "bolusiob": 0, 
  "iob": 0.011273505825555578, 
  "activity": 0.004465202821869488
}