{
  "bolusiob": 0, 
  "iob": 0.16256314854535298, 
  "activity": -0.003778968165784831
}