{
  "bolusiob": 0, 
  "iob": 0.06759108380999998, 
  "activity": 0.00335026455026455
}