{
  "bolusiob": 0, 
  "iob": -0.11300056365867561, 
  "activity": 0.0030998057671957667
}