{
  "bolusiob": 0, 
  "iob": 0.08678232024158847, 
  "activity": -0.0001413932098765433
}