{
  "bolusiob": 0, 
  "iob": -0.07475936629745046, 
  "activity": -0.0037316663139329797
}