{
  "bolusiob": 0, 
  "iob": -0.2822678060681806, 
  "activity": -0.0016428395061728392
}