{
  "bolusiob": 0, 
  "iob": 0.4193074585885941, 
  "activity": 0.010139568271604936
}