{
  "bolusiob": 0, 
  "iob": 0.5202477659169449, 
  "activity": 0.01838515864197531
}