{
  "bolusiob": 0, 
  "iob": -0.00032709396263889967, 
  "activity": -0.0029027248677248674
}