{
  "bolusiob": 0.002400618186666659, 
  "iob": 0.6218281842275832, 
  "activity": 0.01026881834215167
}