{
  "bolusiob": 0, 
  "iob": 0.1433953018664938, 
  "activity": 0.0011136067901234572
}