{
  "bolusiob": 0, 
  "iob": 0.14598152109111107, 
  "activity": 0.003268377425044091
}