{
  "bolusiob": 0, 
  "iob": -0.06715934010608343, 
  "activity": -0.0003088274603174616
}