{
  "bolusiob": 0, 
  "iob": -0.5490156998700356, 
  "activity": -0.005368589029982362
}