{
  "bolusiob": 0, 
  "iob": -0.2799976413507475, 
  "activity": 0.00034812469135802454
}