{
  "bolusiob": 0, 
  "iob": 0.029361597716297094, 
  "activity": 0.0017905909171075844
}