{
  "bolusiob": 0, 
  "iob": 0.15554921791388887, 
  "activity": -0.0003196649029982362
}