{
  "bolusiob": 0.12659600800000023, 
  "iob": 2.058565119877393, 
  "activity": 0.03176826790123456
}