{
  "bolusiob": 0, 
  "iob": 0.6249462299899999, 
  "activity": 0.005891851851851852
}