{
  "bolusiob": 0, 
  "iob": -0.5398798753323691, 
  "activity": -0.00768171513227513
}