{
  "bolusiob": 0.22486777120000004, 
  "iob": 0.9032219450379546, 
  "activity": 0.018930890828924157
}