{
  "bolusiob": 0, 
  "iob": -0.12321810659111114, 
  "activity": -0.0013599999999999999
}