{
  "bolusiob": 0.7162726304666667, 
  "iob": 1.4889829184341723, 
  "activity": 0.01323595268077601
}