{
  "bolusiob": 0, 
  "iob": 0.48200693506811104, 
  "activity": 0.008914153439153439
}