{
  "bolusiob": 0, 
  "iob": -0.050892595715, 
  "activity": -0.00017846560846560835
}