{
  "bolusiob": 0, 
  "iob": -0.31408135575999996, 
  "activity": -0.0017452380952380955
}