{
  "bolusiob": 0.4372975204000002, 
  "iob": 1.6417445769694448, 
  "activity": 0.02725619047619047
}