{
  "bolusiob": 0, 
  "iob": -0.4490933145633518, 
  "activity": -0.006884398112874779
}