{
  "bolusiob": 0, 
  "iob": -0.2677334816948611, 
  "activity": -0.0010658818342151666
}