{
  "bolusiob": 0, 
  "iob": -0.08358258428107189, 
  "activity": 0.002426814021164012
}