{
  "bolusiob": 0, 
  "iob": 0.23780343503152754, 
  "activity": 0.011477989417989408
}