{
  "bolusiob": 0.49814800000000004, 
  "iob": 0.962155380302609, 
  "activity": 0.004280194126984125
}