{
  "bolusiob": 0, 
  "iob": -0.046399013401913526, 
  "activity": -0.0028625336331569665
}