{
  "bolusiob": 0, 
  "iob": 0.8315013215111112, 
  "activity": 0.01087259259259259
}