{
  "bolusiob": 0, 
  "iob": 0.6693328436915698, 
  "activity": 0.0016733688712522064
}