{
  "bolusiob": 0, 
  "iob": 0.4311035594376815, 
  "activity": 0.006408604479717812
}