{
  "bolusiob": 0, 
  "iob": -0.30793819356777774, 
  "activity": -0.0009273456790123458
}