{
  "bolusiob": 0.3763417432711111, 
  "iob": 1.8836026628674785, 
  "activity": 0.04529525557319222
}