{
  "bolusiob": 3.2691975359999996, 
  "iob": 3.135826727299435, 
  "activity": -0.0022193828395061744
}