{
  "bolusiob": 0, 
  "iob": -0.551039218608, 
  "activity": -0.005065017636684303
}