{
  "bolusiob": 0, 
  "iob": 0.4653475433530909, 
  "activity": 0.004989294726631393
}