{
  "bolusiob": 0.5127358684444444, 
  "iob": 0.6995603470156946, 
  "activity": 0.002645723104056438
}