{
  "bolusiob": 0, 
  "iob": 0.018336433876111287, 
  "activity": 0.012399594356261019
}