{
  "bolusiob": 0, 
  "iob": -0.18430438765124998, 
  "activity": -0.0010028130511463844
}