{
  "bolusiob": 0, 
  "iob": -0.059250439258330054, 
  "activity": 0.0012404142857142851
}