{
  "bolusiob": 0, 
  "iob": -0.6148894553731805, 
  "activity": -0.006686543209876544
}