{
  "bolusiob": 0.08219025900000002, 
  "iob": 0.35934264668578253, 
  "activity": 0.016888297795414463
}