{
  "bolusiob": 0, 
  "iob": 0.7845857089223682, 
  "activity": 0.011421393544973544
}