{
  "bolusiob": 0, 
  "iob": 0.45112390814319625, 
  "activity": 0.002850000088183421
}