{
  "bolusiob": 0, 
  "iob": 0.36848785599430955, 
  "activity": 0.008881258201058199
}