{
  "bolusiob": 0, 
  "iob": -0.036916326482134144, 
  "activity": -0.003922186772486774
}