{
  "bolusiob": 0, 
  "iob": -0.13209066944385417, 
  "activity": -0.003361485890652557
}