{
  "bolusiob": 0, 
  "iob": -0.4952949879891668, 
  "activity": -0.0035324338624338632
}