{
  "bolusiob": 0, 
  "iob": 0.008070264783333385, 
  "activity": 0.0012786596119929447
}