{
  "bolusiob": 0.9983820928, 
  "iob": 0.3921647410498612, 
  "activity": -0.0074009700176366836
}