{
  "bolusiob": 0, 
  "iob": -0.13337350686308744, 
  "activity": -0.00024234550264550252
}