{
  "bolusiob": 0, 
  "iob": 0.05448449774106887, 
  "activity": 0.0029783510934744254
}