{
  "bolusiob": 0, 
  "iob": 0.0065034316162713626, 
  "activity": 0.001017812786596119
}