{
  "bolusiob": -0.0001296405333334194, 
  "iob": 0.17996192214154452, 
  "activity": 0.008049426684303354
}