{
  "bolusiob": 0, 
  "iob": 0.35406880812906133, 
  "activity": 0.006902576843033509
}