{
  "bolusiob": 0, 
  "iob": 0.6676596279915837, 
  "activity": 0.0022422397707231043
}