{
  "bolusiob": 0.6238632448, 
  "iob": 1.4466058889986666, 
  "activity": 0.016527883597883593
}