{
  "bolusiob": 0, 
  "iob": 0.2101295325836935, 
  "activity": 0.003080775767195765
}