{
  "bolusiob": 0, 
  "iob": 0.07941432061875, 
  "activity": 0.003071984126984126
}