{
  "bolusiob": 0, 
  "iob": 0.7996862579820915, 
  "activity": 0.006097795537918869
}