{
  "bolusiob": 0, 
  "iob": -0.16261568257009287, 
  "activity": -0.0011367462433862431
}