{
  "bolusiob": 0, 
  "iob": 0.8115683964212164, 
  "activity": 0.0036125133156966506
}