{
  "bolusiob": 2.396841333333333, 
  "iob": 2.9627467478773517, 
  "activity": 0.01206673243386243
}