{
  "bolusiob": 0, 
  "iob": 0.6365432366373397, 
  "activity": 0.0022249559964726624
}