{
  "bolusiob": 0, 
  "iob": 0.5309399611599025, 
  "activity": 0.007825625837742503
}