{
  "bolusiob": 0, 
  "iob": -0.4442500980463596, 
  "activity": -0.0027197084832451496
}