{
  "bolusiob": 0.8796313214044446, 
  "iob": 2.104270820577153, 
  "activity": 0.018624391534391535
}