{
  "bolusiob": 0, 
  "iob": -0.11666837876559541, 
  "activity": -0.002991208024691358
}