{
  "bolusiob": 0, 
  "iob": 0.13654039731597223, 
  "activity": 0.0052503086419753075
}