{
  "bolusiob": 0, 
  "iob": 0.7775594841884441, 
  "activity": 0.006123430705467371
}