{
  "bolusiob": 0, 
  "iob": 0.015656725901666665, 
  "activity": 0.0008496472663139327
}