{
  "bolusiob": 0, 
  "iob": -0.0015906400549999978, 
  "activity": -0.00021878306878306847
}