{
  "bolusiob": 0, 
  "iob": -0.4551346564654718, 
  "activity": -0.005701922768959435
}