{
  "bolusiob": -0.00010676000000003905, 
  "iob": 0.5782808625830104, 
  "activity": 0.013192521957671956
}