{
  "bolusiob": 0.07122291619999987, 
  "iob": 1.0792391520442564, 
  "activity": 0.033743192028218696
}