{
  "bolusiob": 0, 
  "iob": -0.06257426970017735, 
  "activity": 0.0003746534391534388
}