{
  "bolusiob": 0, 
  "iob": 0.8991889102019445, 
  "activity": 0.010581499118165784
}