{
  "bolusiob": 1.6902325526400002, 
  "iob": 1.7478747966687131, 
  "activity": 0.002455726102292769
}