{
  "bolusiob": 0, 
  "iob": -0.2766743604338889, 
  "activity": -0.001975308641975313
}