{
  "bolusiob": 0, 
  "iob": 0.09826307075652779, 
  "activity": 0.004620449735449735
}