{
  "bolusiob": 0, 
  "iob": 0.1305228763202268, 
  "activity": 0.00717058188712522
}