{
  "bolusiob": 0, 
  "iob": 0.1367172121616666, 
  "activity": 0.0074979276895943536
}