{
  "bolusiob": 0, 
  "iob": 0.10043828483950598, 
  "activity": -9.225740740740719e-05
}