{
  "bolusiob": 0, 
  "iob": -0.18619642247054163, 
  "activity": -0.0025889153439153435
}