{
  "bolusiob": 0, 
  "iob": -0.0001550939685162761, 
  "activity": 0.005157214638447971
}