{
  "bolusiob": 0, 
  "iob": 0.08704959600066008, 
  "activity": 0.007091472539682536
}