{
  "bolusiob": 0, 
  "iob": -0.011101048469704, 
  "activity": 0.004616680317460316
}