{
  "bolusiob": 0, 
  "iob": 0.5609189280165389, 
  "activity": 0.01203882742504409
}