{
  "bolusiob": 1.0951427465511112, 
  "iob": 2.098247205728889, 
  "activity": 0.021669100529100527
}