{
  "bolusiob": 0.0733703249066667, 
  "iob": 1.2485477352589431, 
  "activity": 0.03260782142857142
}