{
  "bolusiob": 0, 
  "iob": 0.13120598033575437, 
  "activity": -0.0023837472310405637
}