{
  "bolusiob": 0, 
  "iob": 0.4314137378595333, 
  "activity": 0.0012056439682539674
}