{
  "bolusiob": 0.008284306666666685, 
  "iob": 0.23031485101333335, 
  "activity": 0.004597178130511464
}