{
  "bolusiob": 0, 
  "iob": -0.07070807423872387, 
  "activity": 9.291042328042116e-05
}