{
  "bolusiob": 0, 
  "iob": -0.29393540771010807, 
  "activity": -0.0035297002292768954
}