{
  "bolusiob": 0, 
  "iob": -0.32048471509777776, 
  "activity": -0.0015086419753086418
}