{
  "bolusiob": 0, 
  "iob": 0.6108829490210306, 
  "activity": 0.006237725079365078
}