{
  "bolusiob": 0, 
  "iob": 0.7580804583214968, 
  "activity": 0.01324566111111111
}