{
  "bolusiob": 0.04134103860000002, 
  "iob": 0.8920900185725895, 
  "activity": 0.012885008730158727
}