{
  "bolusiob": 0, 
  "iob": 0.9549472005466098, 
  "activity": 0.006555405061728392
}