{
  "bolusiob": 0, 
  "iob": 0.24929639042833335, 
  "activity": 0.0037283333333333326
}