{
  "bolusiob": 0, 
  "iob": -0.25746022849324435, 
  "activity": -0.000175855502645503
}