{
  "bolusiob": 0, 
  "iob": 0.5258960226222222, 
  "activity": 0.00871959435626102
}