{
  "bolusiob": 0, 
  "iob": -0.3992233103922222, 
  "activity": -0.0035085008818342154
}