{
  "bolusiob": 0.05695810830666661, 
  "iob": 1.5049217228038798, 
  "activity": 0.03453244276895942
}