{
  "bolusiob": 0, 
  "iob": -0.1919569371087528, 
  "activity": 0.0003273574074074022
}