{
  "bolusiob": 0, 
  "iob": 0.6817546507146388, 
  "activity": 0.00893873897707231
}