{
  "bolusiob": 0, 
  "iob": 0.1385866928247485, 
  "activity": 0.005318447619047618
}