{
  "bolusiob": 0.9833984286844446, 
  "iob": 2.034198110226667, 
  "activity": 0.022160529100529097
}