{
  "bolusiob": 0, 
  "iob": -0.3389815445443452, 
  "activity": -0.0010474868606701936
}