{
  "bolusiob": 0, 
  "iob": 0.2852320941208333, 
  "activity": 0.034466596119929443
}