{
  "bolusiob": 0.22594419672000007, 
  "iob": 1.4445687155144147, 
  "activity": 0.013388009788359785
}