{
  "bolusiob": 0, 
  "iob": -0.6459683927837501, 
  "activity": -0.006548104056437388
}