{
  "bolusiob": 1.8751437977600003, 
  "iob": 2.905688905611667, 
  "activity": 0.019635573192239856
}