{
  "bolusiob": 0, 
  "iob": 0.11573961208111103, 
  "activity": 0.0012085890652557302
}