{
  "bolusiob": 0, 
  "iob": -0.19983294197944448, 
  "activity": -0.0016369664902998236
}