{
  "bolusiob": 0.04819182717333332, 
  "iob": 0.8633094300175598, 
  "activity": 0.008225802733686068
}