{
  "bolusiob": 0, 
  "iob": -0.3438276819520793, 
  "activity": -0.002899026984126983
}