{
  "bolusiob": 0, 
  "iob": 0.03598847609749345, 
  "activity": -0.0018777867195767187
}