{
  "bolusiob": 0, 
  "iob": -0.19996215884339538, 
  "activity": 0.0003930508994708994
}