{
  "bolusiob": 0, 
  "iob": 0.10034837301722226, 
  "activity": 0.0008271781305114654
}