{
  "bolusiob": 0, 
  "iob": 0.12629641556666668, 
  "activity": 0.0011452557319223987
}