{
  "bolusiob": 0, 
  "iob": 0.6700693462225001, 
  "activity": 0.02094410052910053
}