{
  "bolusiob": 0, 
  "iob": -0.017570373048750015, 
  "activity": -0.0012685097001763673
}