{
  "bolusiob": 0, 
  "iob": 0.33360010532791673, 
  "activity": 0.006309885361552026
}