{
  "bolusiob": 0, 
  "iob": 0.8112770065098969, 
  "activity": 0.008541746490299823
}