{
  "bolusiob": 0, 
  "iob": -0.25776774690347226, 
  "activity": 0.0006275485008818342
}