{
  "bolusiob": 0, 
  "iob": 0.09747594079161764, 
  "activity": 0.0036898054497354485
}