{
  "bolusiob": 0, 
  "iob": 0.8451577977898266, 
  "activity": 0.0113271837037037
}