{
  "bolusiob": 0.002525718840000013, 
  "iob": 0.7965841856930231, 
  "activity": 0.012032747689594352
}