{
  "bolusiob": 0, 
  "iob": -0.5162799391017501, 
  "activity": -0.006427818342151674
}