{
  "bolusiob": 0, 
  "iob": -0.09550950934666877, 
  "activity": -0.005513950388007053
}