{
  "bolusiob": 0, 
  "iob": 0.8060989500646046, 
  "activity": 0.0035845510934744266
}