{
  "bolusiob": 0, 
  "iob": 0.9413005042624958, 
  "activity": 0.014085819841269838
}