{
  "bolusiob": 0, 
  "iob": 0.13210386533283808, 
  "activity": 0.004018902539682539
}