{
  "bolusiob": 0, 
  "iob": 0.3050506078138611, 
  "activity": 0.002431649029982362
}