{
  "bolusiob": 0, 
  "iob": 0.6900099239291521, 
  "activity": 0.008914088641975309
}