{
  "bolusiob": 0, 
  "iob": -0.44669697306049033, 
  "activity": -0.006182292592592592
}