{
  "bolusiob": 0, 
  "iob": -0.3947906167383749, 
  "activity": -0.004641031657848325
}