{
  "bolusiob": 0.29050605896000004, 
  "iob": 0.7328443970170834, 
  "activity": 0.013094858906525574
}