{
  "bolusiob": 0, 
  "iob": 0.10517125202357373, 
  "activity": 0.006451155467372131
}