{
  "bolusiob": 0.9948849254399998, 
  "iob": 0.6651012568416388, 
  "activity": -0.0008450617283950617
}