{
  "bolusiob": 0, 
  "iob": -0.04740414948667712, 
  "activity": 0.004816384126984127
}