{
  "bolusiob": 0, 
  "iob": 0.9016691424137222, 
  "activity": 0.009219936507936509
}