{
  "bolusiob": 0, 
  "iob": -0.10966556376354218, 
  "activity": 0.0032211991710758363
}