{
  "bolusiob": 0.26685423744, 
  "iob": -0.07219941575579333, 
  "activity": -0.0025120674603174606
}