{
  "bolusiob": 1.711964502826667, 
  "iob": 2.685156299627492, 
  "activity": 0.018941992857142858
}