{
  "bolusiob": 0, 
  "iob": 0.40844616160815633, 
  "activity": 0.0010336477072310397
}