{
  "bolusiob": 1.2429311189866667, 
  "iob": 2.0801534712800005, 
  "activity": 0.01810871252204585
}