{
  "bolusiob": 0, 
  "iob": 0.06942391660050452, 
  "activity": 0.0026221760670193986
}