{
  "bolusiob": 0, 
  "iob": -0.6453426621673872, 
  "activity": -0.007715573350970018
}