{
  "bolusiob": 0, 
  "iob": 0.6633163256757786, 
  "activity": 0.008939876701940038
}