{
  "bolusiob": 1.6603668235466666, 
  "iob": 2.608027418674375, 
  "activity": 0.013249329823633155
}