{
  "bolusiob": 0.02676901083999997, 
  "iob": 1.4681530869415136, 
  "activity": 0.022496719947089953
}