{
  "bolusiob": 0, 
  "iob": 0.4748014607392027, 
  "activity": 0.0025404235978835972
}