{
  "bolusiob": 0, 
  "iob": -0.33209843095372366, 
  "activity": 0.008227751005291004
}