{
  "bolusiob": 0, 
  "iob": -0.025524692281666643, 
  "activity": 0.00103042328042328
}