{
  "bolusiob": 0.17059365333333332, 
  "iob": 0.7406877888511111, 
  "activity": 0.0052536860670194
}