{
  "bolusiob": 0.3944250225866667, 
  "iob": 1.8691865802122223, 
  "activity": 0.0312879012345679
}