{
  "bolusiob": 0, 
  "iob": 1.1608956851671786, 
  "activity": 0.012367425414462077
}