{
  "bolusiob": 0, 
  "iob": 0.20055919103895123, 
  "activity": 0.005811675467372135
}