{
  "bolusiob": 0, 
  "iob": 0.5121569538236364, 
  "activity": 0.008808112469135803
}