{
  "bolusiob": 0, 
  "iob": 0.8472578407705558, 
  "activity": 0.009473086419753085
}