{
  "bolusiob": 1.4849587968, 
  "iob": 1.5450481729261112, 
  "activity": 0.0011115343915343912
}