{
  "bolusiob": 0, 
  "iob": 0.44454931221645827, 
  "activity": 0.007580149911816577
}