{
  "bolusiob": 0, 
  "iob": 0.009489228252765651, 
  "activity": 0.0019361052028218691
}