{
  "bolusiob": 0, 
  "iob": 0.5538128055922222, 
  "activity": 0.018292054673721327
}