{
  "bolusiob": 0, 
  "iob": 0.509249901236725, 
  "activity": 0.00811044446208113
}