{
  "bolusiob": 0, 
  "iob": -0.24431420280375002, 
  "activity": -0.0020166931216931212
}