{
  "bolusiob": 0, 
  "iob": -0.26176342134848685, 
  "activity": -0.010147451146384476
}