{
  "bolusiob": 0, 
  "iob": 1.2409011369765555, 
  "activity": 0.01369712169312169
}