{
  "bolusiob": 0, 
  "iob": 0.5940947708352204, 
  "activity": 0.0016403702821869456
}