{
  "bolusiob": 1.7904288640000001, 
  "iob": 1.637890792688329, 
  "activity": -0.0013681425925925932
}