{
  "bolusiob": 0, 
  "iob": -0.4050072925990259, 
  "activity": -0.0031053000000000005
}