{
  "bolusiob": 0, 
  "iob": -0.08981091766722224, 
  "activity": -0.002046252204585538
}