{
  "bolusiob": 0, 
  "iob": 0.40690308575055556, 
  "activity": 0.0014004761904761903
}