{
  "bolusiob": 0, 
  "iob": 0.10563987662330492, 
  "activity": 0.012814249947089944
}