{
  "bolusiob": 0, 
  "iob": 0.22436609504685984, 
  "activity": -0.007151049029982362
}