{
  "bolusiob": 0, 
  "iob": 0.6436513814583039, 
  "activity": 0.0051429695767195764
}