{
  "bolusiob": 0, 
  "iob": -0.1530504892283333, 
  "activity": -0.001191093474426806
}