{
  "bolusiob": 0, 
  "iob": 0.3901349546202031, 
  "activity": 0.023461675573192238
}