{
  "bolusiob": 0, 
  "iob": 0.7354956603352925, 
  "activity": 0.009127919118165783
}