{
  "bolusiob": 0, 
  "iob": -0.1607220102377778, 
  "activity": -0.0005082892416225749
}