{
  "bolusiob": 0, 
  "iob": -0.33377501426599565, 
  "activity": -0.0014532510582010584
}