{
  "bolusiob": 0, 
  "iob": 0.12630942722263888, 
  "activity": 0.005075352733686067
}