{
  "bolusiob": 1.3993910839822226, 
  "iob": 2.9221192656906148, 
  "activity": 0.027158314109347447
}