{
  "bolusiob": 0, 
  "iob": -0.1513384373921152, 
  "activity": -0.0006335009700176365
}