{
  "bolusiob": 1.984811490826667, 
  "iob": 2.335913535035755, 
  "activity": 0.008732151305114639
}