{
  "bolusiob": 0, 
  "iob": 0.2877986961600194, 
  "activity": 0.0043738444620811286
}