{
  "bolusiob": 0, 
  "iob": 0.012084741785166546, 
  "activity": -0.00047660504409171087
}