{
  "bolusiob": 0, 
  "iob": -0.050327026861709256, 
  "activity": -0.001821869841269841
}