{
  "bolusiob": 0, 
  "iob": 0.4656816648596112, 
  "activity": 0.006401490299823632
}