{
  "bolusiob": 0, 
  "iob": -0.3430363890961112, 
  "activity": -0.0018394620811287483
}