{
  "bolusiob": 0, 
  "iob": 0.11596926631631946, 
  "activity": -0.001449585537918871
}