{
  "bolusiob": 0, 
  "iob": -0.6650476778306728, 
  "activity": -0.006648734638447973
}