{
  "bolusiob": 0, 
  "iob": 0.12490051410111114, 
  "activity": 0.0013820723104056433
}