{
  "bolusiob": 0, 
  "iob": 0.6872568920514909, 
  "activity": 0.006045304708994709
}