{
  "bolusiob": 0, 
  "iob": 0.15899379876282155, 
  "activity": 0.005632151234567901
}