{
  "bolusiob": 0, 
  "iob": 0.06441241043494196, 
  "activity": -0.0020805729276895933
}