{
  "bolusiob": 0, 
  "iob": 0.4924242958802778, 
  "activity": 0.007642592592592591
}