{
  "bolusiob": 0, 
  "iob": 0.5661415107766474, 
  "activity": 0.007480909382716049
}