{
  "bolusiob": 0, 
  "iob": 1.129460035766528, 
  "activity": 0.01131205467372134
}