{
  "bolusiob": 0, 
  "iob": 0.3878833138604815, 
  "activity": 0.0047816577601410915
}