{
  "bolusiob": 0, 
  "iob": 0.5765571296152222, 
  "activity": 0.009715693121693122
}