{
  "bolusiob": 0, 
  "iob": -0.2286237282224952, 
  "activity": -0.004446745679012345
}