{
  "bolusiob": 1.2002781268133336, 
  "iob": 3.9318436794643876, 
  "activity": 0.04839574964726631
}