{
  "bolusiob": 0, 
  "iob": 0.050758850615088794, 
  "activity": 0.001782698536155202
}