{
  "bolusiob": 0, 
  "iob": 0.18736309451336383, 
  "activity": 0.006510634708994708
}