{
  "bolusiob": 0, 
  "iob": -0.020058556721527787, 
  "activity": -0.0014165167548500879
}