{
  "bolusiob": 2.1785842552222228, 
  "iob": 4.486745062163138, 
  "activity": 0.03721860679012345
}