{
  "bolusiob": 3.0133591693333335, 
  "iob": 3.164144811472903, 
  "activity": 0.003553439029982361
}