{
  "bolusiob": 0, 
  "iob": -0.5264729361740556, 
  "activity": -0.004558606349206348
}