{
  "bolusiob": 0, 
  "iob": 0.18226857365131033, 
  "activity": -0.0006995324162257489
}