{
  "bolusiob": 0.8235531212044443, 
  "iob": 2.1146260723082637, 
  "activity": 0.019219206349206343
}