{
  "bolusiob": 0.5649099000266667, 
  "iob": 0.8022478721948988, 
  "activity": 0.006676824938271604
}