{
  "bolusiob": 0, 
  "iob": -0.18603168762611552, 
  "activity": -0.0009106438624338624
}