{
  "bolusiob": 0, 
  "iob": -0.6336811931493165, 
  "activity": -0.007465635273368605
}