{
  "bolusiob": 0, 
  "iob": 0.8242175842307768, 
  "activity": 0.016288765555555553
}