{
  "bolusiob": 0, 
  "iob": 0.5889695596811917, 
  "activity": 0.005316455396825397
}