{
  "bolusiob": 0, 
  "iob": 0.24190464994262412, 
  "activity": 0.0036352646384479716
}