{
  "bolusiob": 0, 
  "iob": 0.48925247638305563, 
  "activity": 0.014443139329805994
}