{
  "bolusiob": 0, 
  "iob": -0.187450232695, 
  "activity": -0.0017720282186948853
}