{
  "bolusiob": 0, 
  "iob": 0.5259999296338795, 
  "activity": 0.005151781622574955
}