{
  "bolusiob": 1.24349504, 
  "iob": 1.715675484756805, 
  "activity": 0.009871075837742502
}