{
  "bolusiob": 0, 
  "iob": -0.5778219393406147, 
  "activity": -0.00787321012345679
}