{
  "bolusiob": 0, 
  "iob": -0.07907592614492595, 
  "activity": -0.003255890564373897
}