{
  "bolusiob": 0, 
  "iob": 0.661992128795808, 
  "activity": 0.009383148306878303
}