{
  "bolusiob": 0, 
  "iob": 0.44741934214533335, 
  "activity": 0.008705617283950615
}