{
  "bolusiob": 0, 
  "iob": 0.2609271015299999, 
  "activity": 0.009408994708994705
}