{
  "bolusiob": 0, 
  "iob": -0.049417517414999994, 
  "activity": -0.00014830687830687814
}