{
  "bolusiob": 0, 
  "iob": 0.18126256852616657, 
  "activity": -0.00023730151675485016
}