{
  "bolusiob": 0, 
  "iob": 0.36160277410454383, 
  "activity": 0.007798024250440917
}