{
  "bolusiob": 0, 
  "iob": -0.0614002198196389, 
  "activity": -0.001089232804232804
}