{
  "bolusiob": 0, 
  "iob": 0.5911372762855974, 
  "activity": 0.00579372160493827
}