{
  "bolusiob": 0, 
  "iob": -0.04074805186825144, 
  "activity": -0.0018182156966490295
}