{
  "bolusiob": 0, 
  "iob": -0.18485826130746055, 
  "activity": -0.0033138188359788387
}