{
  "bolusiob": 0, 
  "iob": -0.05182155978506423, 
  "activity": 0.0003936685185185194
}