{
  "bolusiob": 0, 
  "iob": 0.7366039096098851, 
  "activity": 0.005990070917107584
}