{
  "bolusiob": 0, 
  "iob": -0.19470422434537374, 
  "activity": -0.003600211552028218
}