{
  "bolusiob": 0, 
  "iob": 0.1561394067461111, 
  "activity": 0.0017961816578483223
}