{
  "bolusiob": 0, 
  "iob": 0.02873406209479168, 
  "activity": -9.875661375661381e-05
}