{
  "bolusiob": 0, 
  "iob": -0.0009070728156024728, 
  "activity": -0.002474285449735449
}