{
  "bolusiob": 0, 
  "iob": 0.21880225210944443, 
  "activity": 0.005703730158730158
}