{
  "bolusiob": 0, 
  "iob": 0.40140462263323545, 
  "activity": 0.0051612435097001755
}