{
  "bolusiob": 0.49989069084444443, 
  "iob": 0.41193977958777783, 
  "activity": -0.002991358024691357
}