{
  "bolusiob": 0, 
  "iob": 0.8669761500675601, 
  "activity": 0.018236902204585535
}