{
  "bolusiob": 0.30851250410666714, 
  "iob": 2.36602045259, 
  "activity": 0.04048446208112874
}