{
  "bolusiob": 0, 
  "iob": 0.9674351391280291, 
  "activity": 0.00981923329805996
}