{
  "bolusiob": 0, 
  "iob": 0.40075901611232634, 
  "activity": -0.002598095238095238
}