{
  "bolusiob": 0, 
  "iob": 0.8301865271087209, 
  "activity": 0.011509532892416224
}