{
  "bolusiob": 0.028647370400000094, 
  "iob": 1.0906792117914024, 
  "activity": 0.021271578218694884
}