{
  "bolusiob": 0, 
  "iob": -0.11730616099092364, 
  "activity": -0.0012395414462081128
}