{
  "bolusiob": 0, 
  "iob": 0.7194486389636698, 
  "activity": 0.008800370229276894
}