{
  "bolusiob": 0, 
  "iob": 1.003082078388889, 
  "activity": 0.015445820105820103
}