{
  "bolusiob": 0, 
  "iob": 0.4024129927111112, 
  "activity": 0.007537142857142858
}