{
  "bolusiob": 0, 
  "iob": 0.6582645651245645, 
  "activity": 0.021519876296296297
}