{
  "bolusiob": 0, 
  "iob": 0.597665307046023, 
  "activity": 0.005448818959435626
}