{
  "bolusiob": 0, 
  "iob": -0.42244008301583336, 
  "activity": -0.002694656084656085
}