{
  "bolusiob": 2.3015322054, 
  "iob": 3.448056765211982, 
  "activity": 0.02623218712522045
}