{
  "bolusiob": 0, 
  "iob": 0.543195781236154, 
  "activity": 0.010619991552028219
}