{
  "bolusiob": 0, 
  "iob": 0.11381532641179985, 
  "activity": -0.0019455375485008832
}