{
  "bolusiob": 0, 
  "iob": 0.5140372354696118, 
  "activity": -0.004823200970017636
}