{
  "bolusiob": 0, 
  "iob": -0.182084433420139, 
  "activity": 0.0010197707231040542
}