{
  "bolusiob": 0, 
  "iob": 0.3591004957986025, 
  "activity": 0.009741366137566135
}