{
  "bolusiob": 0, 
  "iob": 0.24568428903263886, 
  "activity": 0.01697458553791887
}