{
  "bolusiob": 1.3356373744, 
  "iob": 2.667935743169598, 
  "activity": 0.024780607830687824
}