{
  "bolusiob": 0, 
  "iob": 0.9216042274887692, 
  "activity": 0.01928909738977072
}