{
  "bolusiob": 0, 
  "iob": -0.11753899607373997, 
  "activity": -0.004546247425044091
}