{
  "bolusiob": 0, 
  "iob": 0.7033028055089307, 
  "activity": 0.012056975802469134
}