{
  "bolusiob": 0, 
  "iob": 0.23735890478682434, 
  "activity": 0.006471560758377423
}