{
  "bolusiob": 0, 
  "iob": 0.10361806903658947, 
  "activity": 0.005155943650793646
}