{
  "bolusiob": 0, 
  "iob": 1.1395550638831944, 
  "activity": 0.011941772486772483
}