{
  "bolusiob": 0, 
  "iob": 0.17092408656500005, 
  "activity": 0.005055132275132275
}