{
  "bolusiob": 0.9105879957333333, 
  "iob": 4.407111968382258, 
  "activity": 0.07262597619047617
}