{
  "bolusiob": 0, 
  "iob": 1.2455993398380958, 
  "activity": 0.020029845238095246
}