{
  "bolusiob": 0, 
  "iob": -0.13217931420813883, 
  "activity": -0.004984271904761904
}