{
  "bolusiob": 0.06576775072000003, 
  "iob": 1.9526040211253173, 
  "activity": 0.03287998924162256
}