{
  "bolusiob": 0.9335269345866669, 
  "iob": 1.5657988594235108, 
  "activity": 0.009800978677248674
}