{
  "bolusiob": 0, 
  "iob": 0.5984879164941767, 
  "activity": 0.010567786719576715
}