{
  "bolusiob": 0, 
  "iob": 0.3902445964023178, 
  "activity": 0.007366295149911817
}