{
  "bolusiob": 0, 
  "iob": 0.28993198662333336, 
  "activity": -0.003204629629629629
}