{
  "bolusiob": 0.0400528631466667, 
  "iob": 0.5045942123800292, 
  "activity": 0.0062879670194003505
}