{
  "bolusiob": 0, 
  "iob": -0.486141844756875, 
  "activity": -0.0018814373897707228
}