{
  "bolusiob": 0.01988679960000006, 
  "iob": 1.6721262829494448, 
  "activity": 0.04846465608465607
}