{
  "bolusiob": 0, 
  "iob": -0.008121375521666635, 
  "activity": -0.0008840388007054666
}