{
  "bolusiob": 0, 
  "iob": 0.18202557166684896, 
  "activity": -0.004665502398589061
}