{
  "bolusiob": 0, 
  "iob": -0.1076758518787507, 
  "activity": 0.0007671163139329802
}