{
  "bolusiob": 0, 
  "iob": 0.1167014472488889, 
  "activity": -0.0014762786596119932
}