{
  "bolusiob": 0, 
  "iob": 0.18272349621536593, 
  "activity": -0.0002854583421516752
}