{
  "bolusiob": 0, 
  "iob": 0.1680502694690591, 
  "activity": -0.002517680158730158
}