{
  "bolusiob": 1.2400296092444445, 
  "iob": 1.620143349581111, 
  "activity": 0.007582010582010581
}