{
  "bolusiob": 0, 
  "iob": 0.05366694988557813, 
  "activity": 0.005613104409171076
}