{
  "bolusiob": 0.2203270370933334, 
  "iob": 2.032654403320354, 
  "activity": 0.03790950626102292
}