{
  "bolusiob": 0, 
  "iob": 0.6281832454340474, 
  "activity": 0.0026348854497354503
}