{
  "bolusiob": 0, 
  "iob": -0.5802710362363244, 
  "activity": -0.006221570035273367
}