{
  "bolusiob": 0, 
  "iob": 0.20355112731486108, 
  "activity": 0.002945670194003527
}