{
  "bolusiob": 0, 
  "iob": 0.3030328239326624, 
  "activity": 0.006438156948853614
}