{
  "bolusiob": 0.000731118333333336, 
  "iob": 0.2243748662713333, 
  "activity": 0.01144611992945326
}