{
  "bolusiob": 0, 
  "iob": 0.32626731178444446, 
  "activity": 0.005391851851851851
}