{
  "bolusiob": 0, 
  "iob": 0.2697764079616667, 
  "activity": 0.0011453968253968248
}