{
  "bolusiob": 3.642752004888889, 
  "iob": 3.9675693104225855, 
  "activity": 0.0013370639506172836
}