{
  "bolusiob": 0, 
  "iob": 0.8357641487766665, 
  "activity": 0.010406402116402114
}