{
  "bolusiob": 0, 
  "iob": 0.09438722044761179, 
  "activity": -0.003654373809523809
}