{
  "bolusiob": 0, 
  "iob": 0.844891094098767, 
  "activity": 0.00923470873015873
}