{
  "bolusiob": 0, 
  "iob": 0.6557919260777172, 
  "activity": 0.002885626014109347
}