{
  "bolusiob": 0, 
  "iob": 0.32978686574666666, 
  "activity": -0.0008682010582010581
}