{
  "bolusiob": 0, 
  "iob": 0.29745350176666674, 
  "activity": 0.005113756613756613
}