{
  "bolusiob": 0, 
  "iob": 0.4689257166911111, 
  "activity": 0.006685255731922397
}