{
  "bolusiob": 0, 
  "iob": 1.4878087614039572, 
  "activity": 0.018261905114638443
}