{
  "bolusiob": 0, 
  "iob": 0.10298355792932665, 
  "activity": -0.0033265514638447955
}