{
  "bolusiob": 0, 
  "iob": 0.7319422448263414, 
  "activity": 0.008861552116402117
}