{
  "bolusiob": 0, 
  "iob": -0.4567941283164445, 
  "activity": -0.005046402116402116
}