{
  "bolusiob": 0, 
  "iob": 0.8195757081412071, 
  "activity": 0.006426411111111111
}