{
  "bolusiob": 0, 
  "iob": 0.9242298813176162, 
  "activity": 0.010014056349206345
}