{
  "bolusiob": 0, 
  "iob": 0.5486770002324306, 
  "activity": 0.003139144620811286
}