{
  "bolusiob": 1.4348991133333333, 
  "iob": 1.5526733932994445, 
  "activity": 0.025694708994708992
}