{
  "bolusiob": 0, 
  "iob": 0.4359055582950986, 
  "activity": 0.02475698421516754
}