{
  "bolusiob": 0, 
  "iob": 0.5217913459715069, 
  "activity": 0.009174197530864195
}