{
  "bolusiob": 0, 
  "iob": 0.5563311074846528, 
  "activity": 0.0073781128747795405
}