{
  "bolusiob": 0.7513281888711112, 
  "iob": 0.697366342575, 
  "activity": 0.0035293827160493823
}