{
  "bolusiob": 0, 
  "iob": 0.122443735276485, 
  "activity": 0.002969153262786596
}