{
  "bolusiob": 0, 
  "iob": -0.08126180680164677, 
  "activity": -0.002539179629629629
}