{
  "bolusiob": 0, 
  "iob": -0.32536457939514046, 
  "activity": -0.0027713314814814816
}