{
  "bolusiob": 0, 
  "iob": 0.5026980054466668, 
  "activity": 0.008357830687830687
}