{
  "bolusiob": 0, 
  "iob": 0.15937151299299804, 
  "activity": 0.004125299647266312
}