{
  "bolusiob": 0, 
  "iob": 0.6059878407877779, 
  "activity": 0.006550308641975306
}