{
  "bolusiob": 0, 
  "iob": 0.6283554388963286, 
  "activity": 0.004833827777777778
}