{
  "bolusiob": 0, 
  "iob": 0.4664952235750006, 
  "activity": 0.004806676014109346
}