{
  "bolusiob": 0, 
  "iob": -0.2976300117380556, 
  "activity": 0.00021799823633156975
}