{
  "bolusiob": 0, 
  "iob": 0.6789522517329134, 
  "activity": 0.005400339506172839
}