{
  "bolusiob": 0, 
  "iob": 0.030339842981111094, 
  "activity": -0.0009417019400352731
}