{
  "bolusiob": 0, 
  "iob": -0.33588968202302794, 
  "activity": -0.0010927954144620811
}