{
  "bolusiob": 1.2013619199866667, 
  "iob": 3.565107423862829, 
  "activity": 0.04056560003527336
}