{
  "bolusiob": 0, 
  "iob": -0.20562227739312505, 
  "activity": -0.003485388007054673
}