{
  "bolusiob": 3.78305679472, 
  "iob": 3.976190128008405, 
  "activity": 0.012548571516754842
}