{
  "bolusiob": 0, 
  "iob": 0.46061601010487113, 
  "activity": 0.008436307936507936
}