{
  "bolusiob": 0, 
  "iob": 0.7113181987479946, 
  "activity": 0.010915045379188706
}