{
  "bolusiob": 0, 
  "iob": -0.4058733133604167, 
  "activity": -0.004038112874779541
}