{
  "bolusiob": 1.831081460711111, 
  "iob": 2.8021380612477778, 
  "activity": 0.01852523809523809
}