{
  "bolusiob": 0, 
  "iob": 1.1972791135910001, 
  "activity": 0.0108773544973545
}