{
  "bolusiob": 0, 
  "iob": 0.0847358327382502, 
  "activity": 0.004475423280423278
}