{
  "bolusiob": 2.6349396864, 
  "iob": 2.8001990986918264, 
  "activity": 0.0036778217460317454
}