{
  "bolusiob": 1.346843597666667, 
  "iob": 2.2002760119127935, 
  "activity": 0.013750934850088176
}