{
  "bolusiob": 0, 
  "iob": -0.024866114713047466, 
  "activity": -0.004023341657848324
}