{
  "bolusiob": 0, 
  "iob": -0.473189607504841, 
  "activity": -0.0037144270546737206
}