{
  "bolusiob": 0, 
  "iob": 0.20773271422296077, 
  "activity": 0.003644541534391534
}