{
  "bolusiob": 0, 
  "iob": 0.4163684854869442, 
  "activity": 0.009410493827160488
}