{
  "bolusiob": 0, 
  "iob": 0.22169479070046044, 
  "activity": 0.004869946649029982
}