{
  "bolusiob": 0, 
  "iob": 0.8295656687544444, 
  "activity": 0.010302345679012344
}