{
  "bolusiob": 0, 
  "iob": 0.19842595462150356, 
  "activity": -0.002712724250440918
}