{
  "bolusiob": 0, 
  "iob": -0.9432105738780042, 
  "activity": -0.004536119841269848
}