{
  "bolusiob": 0, 
  "iob": 1.1154475457469444, 
  "activity": 0.013333897707231038
}