{
  "bolusiob": 0, 
  "iob": -0.4038228579681503, 
  "activity": -0.0020666399470899463
}