{
  "bolusiob": 0, 
  "iob": -0.2709771560914068, 
  "activity": -0.004399285626102293
}