{
  "bolusiob": 0, 
  "iob": -0.13878999865163563, 
  "activity": -0.0013494094708994709
}