{
  "bolusiob": 0, 
  "iob": 0.3264681352242873, 
  "activity": 0.002878677336860669
}