{
  "bolusiob": 0, 
  "iob": 0.22142082838444438, 
  "activity": 0.0025180599647266293
}