{
  "bolusiob": 0, 
  "iob": 0.1524991984272222, 
  "activity": 0.0011378306878306885
}