{
  "bolusiob": 0, 
  "iob": 0.3808212108243507, 
  "activity": 0.015538157178130505
}