{
  "bolusiob": 0, 
  "iob": 0.5408007606927133, 
  "activity": 0.01405425952380952
}