{
  "bolusiob": 0, 
  "iob": -1.0715676432715386, 
  "activity": -0.008943765114638447
}