{
  "bolusiob": 0, 
  "iob": 1.1438044791231596, 
  "activity": 0.013138558201058201
}