{
  "bolusiob": 0, 
  "iob": 0.2384009771905764, 
  "activity": 0.0056639772486772495
}