{
  "bolusiob": 0.2652937292266667, 
  "iob": 0.9302242307500024, 
  "activity": 0.0191872307760141
}