{
  "bolusiob": 0, 
  "iob": -0.5548345105970834, 
  "activity": -0.00684484126984127
}