{
  "bolusiob": 0, 
  "iob": 8.170273333335532e-06, 
  "activity": -7.5837742504409125e-06
}