{
  "bolusiob": 0, 
  "iob": -0.36022958539448885, 
  "activity": -0.0027716959435626094
}