{
  "bolusiob": 0, 
  "iob": 0.5479780659577778, 
  "activity": 0.003801604938271604
}