{
  "bolusiob": 0.12989398044444447, 
  "iob": 0.2294278177334722, 
  "activity": -0.00033219576719576723
}