{
  "bolusiob": 0, 
  "iob": 0.08653464566503849, 
  "activity": -0.00019758368606701947
}