{
  "bolusiob": 0, 
  "iob": -0.2976959899678388, 
  "activity": 0.005238888765432096
}