{
  "bolusiob": 0, 
  "iob": -0.16696395407962064, 
  "activity": -0.0011205910405643741
}