{
  "bolusiob": 0, 
  "iob": 0.13049417446707898, 
  "activity": 0.007092513104056439
}