{
  "bolusiob": 0, 
  "iob": 0.1528013133565278, 
  "activity": 0.0020837830687830683
}