{
  "bolusiob": 0, 
  "iob": -0.16297288634699666, 
  "activity": -0.0003844268077601406
}