{
  "bolusiob": 0, 
  "iob": 0.6512506393959723, 
  "activity": 0.012088350970017632
}