{
  "bolusiob": 0, 
  "iob": 0.9265554691119238, 
  "activity": 0.014517619506172834
}