{
  "bolusiob": 0, 
  "iob": 0.8831245087283165, 
  "activity": 0.009980354462081132
}