{
  "bolusiob": 0, 
  "iob": -0.4362272346807503, 
  "activity": -1.0723686067019248e-05
}