{
  "bolusiob": 0, 
  "iob": 0.5009903986512296, 
  "activity": 0.0017743239858906525
}