{
  "bolusiob": 0, 
  "iob": 0.6356709076297282, 
  "activity": 0.006354294444444443
}