{
  "bolusiob": 0, 
  "iob": 0.6073527988029862, 
  "activity": 0.006981728395061728
}