{
  "bolusiob": 0, 
  "iob": -0.051726854206666666, 
  "activity": -0.00014282186948853627
}