{
  "bolusiob": 0.3953807333688889, 
  "iob": 1.2956507259490175, 
  "activity": 0.010317812522045852
}