{
  "bolusiob": 0.9389907095422219, 
  "iob": 2.963391261959112, 
  "activity": 0.04196676014109347
}