{
  "bolusiob": 0, 
  "iob": 0.02362984552683755, 
  "activity": -0.0006190826984126981
}