{
  "bolusiob": 0, 
  "iob": 1.0496468700884374, 
  "activity": 0.010253818342151673
}