{
  "bolusiob": 0, 
  "iob": 0.1283499922018977, 
  "activity": 0.0022784128218694883
}