{
  "bolusiob": 0, 
  "iob": -0.08459638527680555, 
  "activity": 0.0022689594356261017
}