{
  "bolusiob": 0.640699859111111, 
  "iob": 1.1809351449059864, 
  "activity": 0.02136833333333333
}