{
  "bolusiob": 0, 
  "iob": -0.20302163001133153, 
  "activity": -0.0027699822751322753
}