{
  "bolusiob": 0.7530589705777778, 
  "iob": 1.3587020137720975, 
  "activity": 0.021833148148148143
}