{
  "bolusiob": 1.3660268917866667, 
  "iob": 2.739148443175984, 
  "activity": 0.013122487654320987
}