{
  "bolusiob": 0, 
  "iob": -0.70935793413125, 
  "activity": -0.0026879717813051147
}