{
  "bolusiob": 0, 
  "iob": -0.09286360639853938, 
  "activity": -0.0031059696472663136
}