{
  "bolusiob": 0, 
  "iob": -0.18169767281711804, 
  "activity": -0.0019316578483245164
}