{
  "bolusiob": 0.00010881213333324702, 
  "iob": 0.39503199822860247, 
  "activity": 0.01463830668430335
}