{
  "bolusiob": 0, 
  "iob": -0.013198471937638886, 
  "activity": -0.0011221075837742503
}