{
  "bolusiob": 0, 
  "iob": 0.24103198203811044, 
  "activity": 0.005941481040564373
}