{
  "bolusiob": 0, 
  "iob": 0.13982589606066767, 
  "activity": 0.002170096913580247
}