{
  "bolusiob": 0, 
  "iob": -0.10507575829966392, 
  "activity": -0.0011348855379188717
}