{
  "bolusiob": 0, 
  "iob": 0.4591482062242683, 
  "activity": 4.414474426807743e-05
}