{
  "bolusiob": 0, 
  "iob": -0.14300685422561818, 
  "activity": -0.004643200970017637
}