{
  "bolusiob": 0, 
  "iob": 0.9216594170115315, 
  "activity": 0.020771620934744273
}