{
  "bolusiob": 0, 
  "iob": 0.8630270985499999, 
  "activity": 0.022944444444444437
}