{
  "bolusiob": 0, 
  "iob": 0.6505584055789737, 
  "activity": 0.009504920546737213
}