{
  "bolusiob": 0, 
  "iob": -0.08116578178176734, 
  "activity": 0.003380864109347442
}