{
  "bolusiob": 0, 
  "iob": -0.8543905464742296, 
  "activity": -0.007331282892416224
}