{
  "bolusiob": 0, 
  "iob": 0.7542198097970728, 
  "activity": 0.006493515679012344
}