{
  "bolusiob": 0, 
  "iob": -0.14489819125336806, 
  "activity": -0.002811565255731922
}