{
  "bolusiob": 1.4214096482266667, 
  "iob": 3.5411449400724444, 
  "activity": 0.03624604938271605
}