{
  "bolusiob": 0, 
  "iob": 0.6923451160695102, 
  "activity": 0.009202866208112876
}