{
  "bolusiob": 0, 
  "iob": 0.6917684987492155, 
  "activity": 0.012439973791887125
}