{
  "bolusiob": 0, 
  "iob": 0.7307551870036509, 
  "activity": 0.005670917372134037
}