{
  "bolusiob": 0, 
  "iob": 0.851278189066766, 
  "activity": 0.010998880335096994
}