{
  "bolusiob": 0, 
  "iob": 0.8989506765544446, 
  "activity": 0.010155961199294534
}