{
  "bolusiob": 1.3902949035866667, 
  "iob": 3.0565890545375756, 
  "activity": 0.02533004109347443
}