{
  "bolusiob": 0, 
  "iob": 1.1386308222447918, 
  "activity": 0.01299034391534391
}