{
  "bolusiob": 0.43088198266666666, 
  "iob": 1.7765719987694444, 
  "activity": 0.023748139329805993
}