{
  "bolusiob": 0, 
  "iob": -0.39600305138556335, 
  "activity": 0.002655978712522044
}