{
  "bolusiob": 0, 
  "iob": 0.7313370667355646, 
  "activity": 0.009289269065255727
}