{
  "bolusiob": 0.0012818572799999206, 
  "iob": 1.4361075958850273, 
  "activity": 0.018184150176366837
}