{
  "bolusiob": 0, 
  "iob": 0.08072788372479164, 
  "activity": -0.0016008289241622579
}