{
  "bolusiob": 0, 
  "iob": 0.20476115498930558, 
  "activity": 0.004066781305114637
}