{
  "bolusiob": 1.6255708711111112, 
  "iob": 1.8117435941929172, 
  "activity": 0.006845890652557318
}