{
  "bolusiob": 0, 
  "iob": 0.6279282457044444, 
  "activity": 0.005672980599647265
}