{
  "bolusiob": 0, 
  "iob": -0.22250345279224137, 
  "activity": -0.005769180017636683
}