{
  "bolusiob": 0, 
  "iob": 0.43564788481013905, 
  "activity": 0.0065981746031746015
}