{
  "bolusiob": 0, 
  "iob": 0.5506176998000912, 
  "activity": 0.011956419506172836
}