{
  "bolusiob": 0, 
  "iob": -0.39140113337916327, 
  "activity": 0.003074779417989418
}