{
  "bolusiob": 0, 
  "iob": 0.757113672014838, 
  "activity": 0.01072571486772486
}