{
  "bolusiob": 0, 
  "iob": -0.15539610561791667, 
  "activity": 0.0009936684303350964
}