{
  "bolusiob": 0, 
  "iob": 0.5089350519831, 
  "activity": 0.011028033756613752
}