{
  "bolusiob": 0.43490364336000004, 
  "iob": 0.6364170929174057, 
  "activity": 0.002743253968253968
}