{
  "bolusiob": 0, 
  "iob": -0.2600396389988195, 
  "activity": -0.005351984126984126
}