{
  "bolusiob": 0, 
  "iob": 0.32204598930458583, 
  "activity": 0.003181848236331568
}