{
  "bolusiob": 0.01483134599999989, 
  "iob": 1.7463295975627213, 
  "activity": 0.06058066552028218
}