{
  "bolusiob": 0, 
  "iob": -0.47786223383905646, 
  "activity": 0.0059101405996472645
}