{
  "bolusiob": 0.7733143426844444, 
  "iob": 0.7606081711505557, 
  "activity": 0.003291728395061728
}