{
  "bolusiob": 0, 
  "iob": 0.6538224774518046, 
  "activity": 0.009699788518518515
}