{
  "bolusiob": 0, 
  "iob": 0.4786793018877089, 
  "activity": 0.007748887654320986
}