{
  "bolusiob": 0.8058418867200002, 
  "iob": 1.9203128856530782, 
  "activity": 0.02208111102292768
}