{
  "bolusiob": 0, 
  "iob": 0.9580095758411109, 
  "activity": 0.018308271604938267
}