{
  "bolusiob": 0, 
  "iob": 0.0985762707777778, 
  "activity": 0.0014252292768959429
}