{
  "bolusiob": 0, 
  "iob": 0.5544201131005555, 
  "activity": 0.009823033509700175
}