{
  "bolusiob": 0, 
  "iob": 0.9294705887226391, 
  "activity": 0.009228156966490299
}