{
  "bolusiob": 0, 
  "iob": 0.5940308831416637, 
  "activity": 0.006301830352733685
}