{
  "bolusiob": 0.4997059847111111, 
  "iob": 0.38614048780113386, 
  "activity": -0.0008396821693121711
}