{
  "bolusiob": 0, 
  "iob": -0.20107722106206943, 
  "activity": -0.0014050970017636683
}