{
  "bolusiob": 0, 
  "iob": -0.290911973941632, 
  "activity": -0.0035049647266313932
}