{
  "bolusiob": 1.4569916916622223, 
  "iob": 2.1191191153606086, 
  "activity": 0.018905555643738976
}