{
  "bolusiob": 0, 
  "iob": 0.06547599332632639, 
  "activity": 0.0018143959435626099
}