{
  "bolusiob": 0, 
  "iob": -0.2576546873686405, 
  "activity": -0.005070943474426808
}