{
  "bolusiob": 0, 
  "iob": 0.1135534161641375, 
  "activity": 0.0025374512345679007
}