{
  "bolusiob": 0, 
  "iob": 0.9442873773316666, 
  "activity": 0.018735308641975302
}