{
  "bolusiob": 0, 
  "iob": 0.6756481954789975, 
  "activity": 0.008949867707231038
}