{
  "bolusiob": 0, 
  "iob": 0.6661571270556758, 
  "activity": 0.02075171051146385
}