{
  "bolusiob": 0, 
  "iob": 0.4136596557033334, 
  "activity": 0.004344973544973543
}