{
  "bolusiob": 0, 
  "iob": -0.35310071934993653, 
  "activity": -0.0041388095061728365
}