{
  "bolusiob": 0, 
  "iob": -0.3674879775612339, 
  "activity": -0.003347513245149912
}