{
  "bolusiob": 0, 
  "iob": -0.2471190919970695, 
  "activity": -0.002113350970017636
}