{
  "bolusiob": 0, 
  "iob": -0.2499593072525414, 
  "activity": -0.001647072045855379
}