{
  "bolusiob": 0, 
  "iob": -0.10692579530589401, 
  "activity": -0.0010668610405643742
}