{
  "bolusiob": 0, 
  "iob": 0.006383771355000005, 
  "activity": 5.001763668430322e-05
}