{
  "bolusiob": 0, 
  "iob": -0.0082452051311111, 
  "activity": 0.0023292768959435623
}