{
  "bolusiob": 0, 
  "iob": 0.5611351788128612, 
  "activity": 0.00537521164021164
}