{
  "bolusiob": 0, 
  "iob": 0.635040686673854, 
  "activity": 0.0022575396825396834
}