{
  "bolusiob": 0.4493764884399999, 
  "iob": 2.253443390338573, 
  "activity": 0.041890652645502645
}