{
  "bolusiob": 0, 
  "iob": -0.06845606439557082, 
  "activity": 0.0005782623985890645
}