{
  "bolusiob": 0, 
  "iob": -0.05254766103333334, 
  "activity": -4.299823633156985e-05
}