{
  "bolusiob": 0, 
  "iob": 0.8862817573349356, 
  "activity": 0.007294297160493826
}