{
  "bolusiob": 0.03889599776000008, 
  "iob": -0.22118154139021504, 
  "activity": -0.0017882984656084648
}