{
  "bolusiob": 0, 
  "iob": 0.1178401141286111, 
  "activity": 0.0005095943562610228
}