{
  "bolusiob": 0, 
  "iob": -0.26543214319486114, 
  "activity": -0.0011354409171075838
}