{
  "bolusiob": 0, 
  "iob": 0.27083453454068246, 
  "activity": 0.002941181710758377
}