{
  "bolusiob": 0, 
  "iob": 0.31674663627020777, 
  "activity": -0.003156483862433862
}