{
  "bolusiob": 0, 
  "iob": -0.0035873684199058398, 
  "activity": -0.0019422879365079374
}