{
  "bolusiob": 0, 
  "iob": 0.7658889465199739, 
  "activity": 0.009042204797178127
}