{
  "bolusiob": 0, 
  "iob": 0.48921451001187294, 
  "activity": 0.007053914991181657
}