{
  "bolusiob": 0, 
  "iob": 0.3159468205074286, 
  "activity": 0.006953233439153437
}