{
  "bolusiob": 2.528509221386667, 
  "iob": 2.431365078469982, 
  "activity": 0.0032858550088183413
}