{
  "bolusiob": 0, 
  "iob": -0.38734494827617466, 
  "activity": -0.005972142980599646
}