{
  "bolusiob": 0, 
  "iob": 0.21863042921201964, 
  "activity": 0.0003417725749559095
}