{
  "bolusiob": 0, 
  "iob": -0.270211698973125, 
  "activity": -0.003515758377425044
}