{
  "bolusiob": 0, 
  "iob": -0.2817424849888889, 
  "activity": -0.0011512345679012344
}