{
  "bolusiob": 0, 
  "iob": -0.07914756286684735, 
  "activity": -0.0022711202998236335
}