{
  "bolusiob": 0, 
  "iob": -0.31623933052818615, 
  "activity": 0.0015001617283950622
}