{
  "bolusiob": 0, 
  "iob": 0.573865058748334, 
  "activity": 0.0026973986772486774
}