{
  "bolusiob": 0, 
  "iob": 0.32845341103268255, 
  "activity": 0.005175531781305114
}