{
  "bolusiob": 0, 
  "iob": 0.04093374881736471, 
  "activity": 0.0012352731040564374
}