{
  "bolusiob": 0, 
  "iob": -0.33617986362693586, 
  "activity": -0.0021437215167548493
}