{
  "bolusiob": 0, 
  "iob": 0.0813751636308889, 
  "activity": 0.0036328818342151676
}