{
  "bolusiob": 1.4560982165333334, 
  "iob": 1.5363918264061114, 
  "activity": 0.0020238447971781303
}