{
  "bolusiob": 0, 
  "iob": -0.031643309339071606, 
  "activity": 0.0024879979365079368
}