{
  "bolusiob": 0, 
  "iob": 0.6242332084742627, 
  "activity": 0.015374955255731912
}