{
  "bolusiob": 0, 
  "iob": 0.39362641786777786, 
  "activity": 0.006914215167548499
}