{
  "bolusiob": 0, 
  "iob": 0.40397582057506387, 
  "activity": 0.006855063562610227
}