{
  "bolusiob": 0, 
  "iob": 0.5150231910952904, 
  "activity": 0.008593609435626101
}