{
  "bolusiob": 0, 
  "iob": 1.0954284158947223, 
  "activity": 0.012275564373897707
}