{
  "bolusiob": 0, 
  "iob": 0.8238831591224841, 
  "activity": 0.002784823721340389
}