{
  "bolusiob": 0.14614717173333333, 
  "iob": 0.5092568585148117, 
  "activity": 0.004330236155202821
}