{
  "bolusiob": 0, 
  "iob": -0.08610089172533955, 
  "activity": -0.0010410090828924154
}