{
  "bolusiob": 0, 
  "iob": 0.06596461472868761, 
  "activity": 0.003094413456790123
}