{
  "bolusiob": 2.00986545648, 
  "iob": 2.6769687022436672, 
  "activity": 0.0012653052380952384
}