{
  "bolusiob": 0, 
  "iob": 0.0651376549333333, 
  "activity": 0.0027879541446208106
}