{
  "bolusiob": 0, 
  "iob": 0.019517799343333305, 
  "activity": 0.0018860670194003506
}