{
  "bolusiob": 0, 
  "iob": 0.43926554831725706, 
  "activity": 0.0037934832451499115
}