{
  "bolusiob": 0, 
  "iob": 0.30942259599786104, 
  "activity": 0.0033479276895943544
}