{
  "bolusiob": 0, 
  "iob": -0.38382164538850483, 
  "activity": -0.00522243377425044
}