{
  "bolusiob": 0, 
  "iob": 0.19298175560169953, 
  "activity": 0.003550773192239858
}