{
  "bolusiob": 0, 
  "iob": 0.7457015331586806, 
  "activity": 0.008188010582010583
}