{
  "bolusiob": 0, 
  "iob": -0.10526019152349969, 
  "activity": -0.0022361109347442676
}