{
  "bolusiob": 0, 
  "iob": -0.3618560139710973, 
  "activity": -0.000978915343915344
}