{
  "bolusiob": 0, 
  "iob": 0.3395598645588591, 
  "activity": 0.005270357689594355
}