{
  "bolusiob": 0, 
  "iob": 1.1606891360393332, 
  "activity": 0.014459303350970018
}