{
  "bolusiob": 0, 
  "iob": -0.3235752858581956, 
  "activity": 0.015737062768959434
}