{
  "bolusiob": 0, 
  "iob": -0.2488069251377778, 
  "activity": -0.00020049382716049382
}