{
  "bolusiob": 0, 
  "iob": 0.8481679719806667, 
  "activity": 0.00876641446208113
}