{
  "bolusiob": 0.0006846666666665557, 
  "iob": 0.1991487064602777, 
  "activity": 0.00806495590828924
}