{
  "bolusiob": 0, 
  "iob": 0.8318342863250395, 
  "activity": 0.009362548871252204
}