{
  "bolusiob": -1.7366760000048218e-05, 
  "iob": 0.0059847899042419495, 
  "activity": -0.001000396560846561
}