{
  "bolusiob": 0, 
  "iob": 0.46868297008222226, 
  "activity": 0.003829118165784832
}