{
  "bolusiob": 0, 
  "iob": -0.19491212733388888, 
  "activity": -0.0013522486772486774
}