{
  "bolusiob": 0, 
  "iob": -0.04411232956847223, 
  "activity": -0.0004096560846560847
}