{
  "bolusiob": 0, 
  "iob": 0.4937437158313891, 
  "activity": 0.03921122574955907
}