{
  "bolusiob": 0.10499745904000002, 
  "iob": 0.47328396631365, 
  "activity": 0.007051994708994707
}