{
  "bolusiob": 0, 
  "iob": 0.4074552104648611, 
  "activity": 0.008093932980599645
}