{
  "bolusiob": 0, 
  "iob": 0.14939747348841667, 
  "activity": 0.000988730158730158
}