{
  "bolusiob": 0, 
  "iob": -0.41638324931531256, 
  "activity": -0.0027249072310405664
}