{
  "bolusiob": 0, 
  "iob": -0.09305567822745323, 
  "activity": 0.003995670070546739
}