{
  "bolusiob": 0, 
  "iob": 0.3321775578163056, 
  "activity": 0.00274336860670194
}