{
  "bolusiob": 0, 
  "iob": 0.3186394382516667, 
  "activity": 0.014086331569664901
}