{
  "bolusiob": 0, 
  "iob": 0.1667095736996667, 
  "activity": 0.00397663139329806
}