{
  "bolusiob": 0, 
  "iob": 0.18063697629901435, 
  "activity": 0.0021940772310405634
}