{
  "bolusiob": 0, 
  "iob": 0.37042738419913895, 
  "activity": 0.005791843033509698
}