{
  "bolusiob": 0.3948120863999996, 
  "iob": 2.9732910248900004, 
  "activity": 0.05532074074074073
}