{
  "bolusiob": 0.6747477900800001, 
  "iob": 2.526282834097371, 
  "activity": 0.021718475590828925
}