{
  "bolusiob": 0, 
  "iob": 0.2602248701388889, 
  "activity": 0.002346181657848324
}