{
  "bolusiob": 0, 
  "iob": 0.1673651940556864, 
  "activity": 0.0022061905643738972
}