{
  "bolusiob": 0, 
  "iob": 0.17278607888503472, 
  "activity": -0.0015340917107583775
}