{
  "bolusiob": 0, 
  "iob": 0.0994045469377777, 
  "activity": -0.002414611992945326
}