{
  "bolusiob": 0, 
  "iob": 0.5775582041780561, 
  "activity": 0.04095634038800706
}