{
  "bolusiob": 0, 
  "iob": 0.5079455731715927, 
  "activity": 0.009538454109347439
}