{
  "bolusiob": 0, 
  "iob": 0.7207848042826343, 
  "activity": 0.008783095485008816
}