{
  "bolusiob": 0, 
  "iob": -0.150438317105, 
  "activity": -5.296296296296288e-05
}