{
  "bolusiob": 0, 
  "iob": 0.6329961935948132, 
  "activity": 0.020374364902998238
}