{
  "bolusiob": 0, 
  "iob": 0.06859446767945561, 
  "activity": 0.01508275119929453
}