{
  "bolusiob": 0, 
  "iob": -0.11375074516444457, 
  "activity": 0.003485555555555551
}