{
  "bolusiob": 0, 
  "iob": -0.05942609389830658, 
  "activity": -0.01009838636684303
}