{
  "bolusiob": 0, 
  "iob": 0.23065256458490757, 
  "activity": 0.008245599682539679
}