{
  "bolusiob": 0, 
  "iob": 0.4383820209475178, 
  "activity": 0.007041322310405641
}