{
  "bolusiob": 0, 
  "iob": 0.657971882954216, 
  "activity": 0.006579520811287477
}