{
  "bolusiob": 0.0020471313333333407, 
  "iob": 0.6455807646706032, 
  "activity": 0.01296711652557319
}