{
  "bolusiob": 0, 
  "iob": 0.7501432279301269, 
  "activity": 0.009676393121693121
}