{
  "bolusiob": 1.3859574205333334, 
  "iob": 2.289440719382222, 
  "activity": 0.026420141093474424
}