{
  "bolusiob": 0, 
  "iob": 0.16544622186833335, 
  "activity": 0.000970379188712522
}