{
  "bolusiob": 0, 
  "iob": -0.5747152735873013, 
  "activity": -0.006270273192239857
}