{
  "bolusiob": 2.9650452057599996, 
  "iob": 3.4589981513036716, 
  "activity": 0.013592365520282184
}