{
  "bolusiob": 0, 
  "iob": -0.25325008401548244, 
  "activity": -0.0018516142504409183
}