{
  "bolusiob": 0, 
  "iob": 0.8424846448469919, 
  "activity": 0.007811516843033508
}