{
  "bolusiob": 0, 
  "iob": 0.6284521819313194, 
  "activity": 0.004097469400352733
}