{
  "bolusiob": 0, 
  "iob": -0.331280569637708, 
  "activity": -0.005972336984126983
}