{
  "bolusiob": 0, 
  "iob": 0.38639013208111117, 
  "activity": 0.007230335097001761
}