{
  "bolusiob": 0, 
  "iob": 0.5580621168881458, 
  "activity": 0.0012640520282186881
}