{
  "bolusiob": 0, 
  "iob": 0.8493333698050703, 
  "activity": 0.010019357019400345
}