{
  "bolusiob": 0, 
  "iob": 0.3879212060983437, 
  "activity": 0.0034288092592592587
}