{
  "bolusiob": 0, 
  "iob": -0.11249442729236114, 
  "activity": -0.002246419753086419
}