{
  "bolusiob": 0, 
  "iob": 0.4824672311362107, 
  "activity": 0.00850773844797178
}