{
  "bolusiob": 0, 
  "iob": 0.17615339128585414, 
  "activity": 0.0025613662433862437
}