{
  "bolusiob": 0, 
  "iob": -0.29115491674272226, 
  "activity": -0.006081313932980599
}