{
  "bolusiob": 0, 
  "iob": 0.4678489363136014, 
  "activity": 0.0076797442680776
}