{
  "bolusiob": 0, 
  "iob": -0.23220434763319447, 
  "activity": -0.003296393298059964
}