{
  "bolusiob": 0, 
  "iob": -0.5525808644524893, 
  "activity": -0.0013770459788359799
}