{
  "bolusiob": 0, 
  "iob": -0.28768797939897156, 
  "activity": -0.007150961111111111
}