{
  "bolusiob": 0, 
  "iob": -0.004356701646666672, 
  "activity": -0.0006007054673721333
}