{
  "bolusiob": 0, 
  "iob": -0.23505413148611115, 
  "activity": -0.003434532627865961
}