{
  "bolusiob": 0.15172323413333338, 
  "iob": 0.8134038158806071, 
  "activity": 0.01381549082892416
}