{
  "bolusiob": 0, 
  "iob": 0.6777267128307154, 
  "activity": 0.00046671984126984094
}