{
  "bolusiob": 0, 
  "iob": 0.03867229397940988, 
  "activity": 0.017357363315696653
}