{
  "bolusiob": 0, 
  "iob": 0.5530684784729861, 
  "activity": 0.007444673721340387
}