{
  "bolusiob": 0.14074837699999995, 
  "iob": 1.3738465638027773, 
  "activity": 0.02448007054673721
}