{
  "bolusiob": 0, 
  "iob": 0.026556305032035724, 
  "activity": -0.0020985452204585536
}