{
  "bolusiob": 0, 
  "iob": 0.010873153201666638, 
  "activity": 0.0017920282186948812
}