{
  "bolusiob": 0, 
  "iob": -0.23888157541044505, 
  "activity": -0.0027405467548500886
}