{
  "bolusiob": 0, 
  "iob": 0.2802290664116058, 
  "activity": 0.003447795873015872
}