{
  "bolusiob": 0.23692109833333339, 
  "iob": 0.5427903430994445, 
  "activity": 0.005688059964726629
}