{
  "bolusiob": 0, 
  "iob": -0.06561890209071027, 
  "activity": -0.0011491179012345673
}