{
  "bolusiob": 0, 
  "iob": 0.6694685485359071, 
  "activity": 0.00957137557319224
}