{
  "bolusiob": 0, 
  "iob": 0.16257649998777776, 
  "activity": 0.003997019400352733
}