{
  "bolusiob": 0, 
  "iob": 0.344217175603629, 
  "activity": 0.007921386578483245
}