{
  "bolusiob": 0, 
  "iob": 0.3855172650886223, 
  "activity": 0.008167052910052907
}