{
  "bolusiob": 0, 
  "iob": 0.4548373594284115, 
  "activity": 0.0037222464726631398
}