{
  "bolusiob": 0, 
  "iob": -0.1627810018188889, 
  "activity": 0.00032441798941798924
}