{
  "bolusiob": 1.89321724416, 
  "iob": 2.851740566604746, 
  "activity": 0.015292562768959437
}