{
  "bolusiob": 0, 
  "iob": -0.13390153458194548, 
  "activity": -0.0012294622045855373
}