{
  "bolusiob": 1.1962813360000004, 
  "iob": 1.9004359596762517, 
  "activity": 0.01832902116402116
}