{
  "bolusiob": 0, 
  "iob": 0.06814638172489985, 
  "activity": 0.0007796559964726629
}