{
  "bolusiob": 0.13154918304000005, 
  "iob": 0.26739657992763893, 
  "activity": 0.0011978747795414464
}