{
  "bolusiob": 0, 
  "iob": -0.45467344102385693, 
  "activity": -0.007143765255731922
}