{
  "bolusiob": 0, 
  "iob": 0.4940081923430248, 
  "activity": 0.008402998095238094
}