{
  "bolusiob": 0, 
  "iob": -0.39578128621161374, 
  "activity": -0.006379576754850087
}