{
  "bolusiob": 0, 
  "iob": -0.32543312933262497, 
  "activity": -0.0017590123456790116
}