{
  "bolusiob": 0.9459948210133334, 
  "iob": 1.9128004199960345, 
  "activity": 0.0167534041446208
}