{
  "bolusiob": 0, 
  "iob": 0.32829527499910377, 
  "activity": 0.004788236243386243
}