{
  "bolusiob": 0.45533442916000016, 
  "iob": 1.00294317193875, 
  "activity": 0.00818648148148148
}