{
  "bolusiob": 0, 
  "iob": 0.4084258097901356, 
  "activity": 0.006346543368606702
}