{
  "bolusiob": 0, 
  "iob": -0.6238120091552682, 
  "activity": -0.007729988430335097
}