{
  "bolusiob": 0, 
  "iob": 0.5261291018296655, 
  "activity": 0.014464382980599644
}