{
  "bolusiob": 0, 
  "iob": 0.01520236580412477, 
  "activity": 0.004052045590828925
}