{
  "bolusiob": 0, 
  "iob": 0.26390267835472225, 
  "activity": 0.00017216049382716187
}