{
  "bolusiob": 0, 
  "iob": 0.43888745138722896, 
  "activity": 0.00787751278659612
}