{
  "bolusiob": 0, 
  "iob": 0.533964632616993, 
  "activity": 0.00604531746031746
}