{
  "bolusiob": 0, 
  "iob": -0.6118534587879093, 
  "activity": -0.002217248959435626
}