{
  "bolusiob": 0.97372012, 
  "iob": 0.5411376869081942, 
  "activity": -0.002924514991181657
}