{
  "bolusiob": 0.20269275093333333, 
  "iob": 0.7056245410722827, 
  "activity": 0.003966667125220457
}