{
  "bolusiob": 0.10535739529333327, 
  "iob": 0.7487990658494447, 
  "activity": 0.01330227513227513
}