{
  "bolusiob": 0, 
  "iob": 0.3787503686835227, 
  "activity": 0.0019903005291005285
}