{
  "bolusiob": 0, 
  "iob": 0.042198180526166695, 
  "activity": -0.00013402116402116317
}