{
  "bolusiob": 0, 
  "iob": 0.6675078222911112, 
  "activity": 0.00963015873015873
}