{
  "bolusiob": 0, 
  "iob": -0.1989785131643375, 
  "activity": -0.004032733315696648
}