{
  "bolusiob": 0, 
  "iob": 0.8407648696719581, 
  "activity": 0.01731038788359789
}