{
  "bolusiob": 0, 
  "iob": 0.9916265067508827, 
  "activity": 0.009587487266313926
}