{
  "bolusiob": 0.9922939980800001, 
  "iob": 1.6805082984403095, 
  "activity": 0.008729562169312168
}