{
  "bolusiob": 0, 
  "iob": 0.26835966746998535, 
  "activity": -0.005174140758377424
}