{
  "bolusiob": 0, 
  "iob": 0.919619989858889, 
  "activity": 0.010030052910052911
}