{
  "bolusiob": 1.288843783111111, 
  "iob": 1.4145454323555557, 
  "activity": 0.006854947089947089
}