{
  "bolusiob": 0, 
  "iob": -0.07659330295414568, 
  "activity": -0.002409549999999999
}