{
  "bolusiob": 0, 
  "iob": -0.1851004275952372, 
  "activity": -0.003327451128747795
}