{
  "bolusiob": 0.05216160473333337, 
  "iob": 0.6802948216457654, 
  "activity": 0.01311664885361552
}