{
  "bolusiob": 0, 
  "iob": -0.024774361876822016, 
  "activity": -0.002853138077601411
}