{
  "bolusiob": 0, 
  "iob": -0.06004160761380555, 
  "activity": 0.0029047001763668426
}