{
  "bolusiob": 0.6368004999999999, 
  "iob": 0.682093475, 
  "activity": 0.0016851851851851847
}