{
  "bolusiob": 0, 
  "iob": 0.9841884398165277, 
  "activity": 0.010271402116402116
}