{
  "bolusiob": 0, 
  "iob": 0.33062007079061434, 
  "activity": 0.007510082010582009
}