{
  "bolusiob": 0, 
  "iob": -0.04907038174693526, 
  "activity": -0.0006391973544973545
}