{
  "bolusiob": 0, 
  "iob": 0.4901944630368662, 
  "activity": 0.00615239008818342
}