{
  "bolusiob": 0, 
  "iob": 0.8690122758344444, 
  "activity": 0.01083363315696649
}