{
  "bolusiob": 0, 
  "iob": -0.2996239170745258, 
  "activity": -0.0060048881305114635
}