{
  "bolusiob": 0, 
  "iob": 0.6102116858783335, 
  "activity": 0.01022479717813051
}