{
  "bolusiob": 0, 
  "iob": 0.2135204626832186, 
  "activity": 0.007458897530864196
}