{
  "bolusiob": 0, 
  "iob": 0.3140785423629794, 
  "activity": 0.005679744179894178
}