{
  "bolusiob": 0, 
  "iob": 0.0964939207622222, 
  "activity": 0.005384179894179893
}