{
  "bolusiob": 0, 
  "iob": -0.06786386230824312, 
  "activity": 0.003061322486772487
}