{
  "bolusiob": 0, 
  "iob": -0.1446045587830556, 
  "activity": -0.00250657848324515
}