{
  "bolusiob": 0, 
  "iob": 0.10234189663972237, 
  "activity": 0.025219453262786594
}