{
  "bolusiob": 0, 
  "iob": 1.0839508579063888, 
  "activity": 0.013352557319223982
}