{
  "bolusiob": 0, 
  "iob": -0.33743504813580494, 
  "activity": 0.0034647353262786573
}