{
  "bolusiob": 0, 
  "iob": 0.13632452956152777, 
  "activity": 0.002819462081128748
}