{
  "bolusiob": 0, 
  "iob": -0.287378731105, 
  "activity": -0.0004901763668430333
}