{
  "bolusiob": 0.013419097066666663, 
  "iob": 0.2412161444533333, 
  "activity": 0.004698765432098765
}