{
  "bolusiob": 0, 
  "iob": 0.16721558448009127, 
  "activity": -0.004633994708994711
}