{
  "bolusiob": 0, 
  "iob": -0.0390367097861333, 
  "activity": -0.00018520679012345718
}