{
  "bolusiob": 0, 
  "iob": 0.49817698362635426, 
  "activity": 0.006471887125220457
}