{
  "bolusiob": 0, 
  "iob": -0.28859731439792746, 
  "activity": -0.003991816225749558
}