{
  "bolusiob": 0, 
  "iob": 0.4659237047288748, 
  "activity": 0.0015616313932980584
}