{
  "bolusiob": 0, 
  "iob": -0.034676712784950846, 
  "activity": 0.0008450791887125215
}