{
  "bolusiob": 0, 
  "iob": 0.03252205867499989, 
  "activity": 0.005318783068783068
}