{
  "bolusiob": 0, 
  "iob": -0.4436880103192223, 
  "activity": -0.005608977072310404
}