{
  "bolusiob": 0.016443149866666618, 
  "iob": 0.29672567993138904, 
  "activity": 0.008474682539682539
}