{
  "bolusiob": 0, 
  "iob": -0.5256963848322316, 
  "activity": -0.0020824958730158737
}