{
  "bolusiob": 0, 
  "iob": 0.8343122966413888, 
  "activity": 0.010549382716049382
}