{
  "bolusiob": 0, 
  "iob": 0.5197901205250834, 
  "activity": 0.005289532627865959
}