{
  "bolusiob": 0, 
  "iob": -0.4991558802091517, 
  "activity": -0.005388253862433861
}