{
  "bolusiob": 0, 
  "iob": 0.538985473249365, 
  "activity": 0.0030345854497354483
}