{
  "bolusiob": 0, 
  "iob": -0.24252671188687996, 
  "activity": -8.660506172839623e-05
}