{
  "bolusiob": 0, 
  "iob": 0.5301728736132807, 
  "activity": 0.007610361552028216
}