{
  "bolusiob": 0.027158269866666584, 
  "iob": 0.7643011889255557, 
  "activity": 0.014014135802469135
}