{
  "bolusiob": 0, 
  "iob": -0.18308986862128787, 
  "activity": 0.0022574692592592597
}