{
  "bolusiob": 0, 
  "iob": 0.41223723919324656, 
  "activity": 0.003472738095238095
}