{
  "bolusiob": 0, 
  "iob": 1.069280326409167, 
  "activity": 0.013372169312169311
}