{
  "bolusiob": 5.497165490062223, 
  "iob": 7.174828751480174, 
  "activity": 0.026416737583774247
}