{
  "bolusiob": 0, 
  "iob": 0.15762928406833335, 
  "activity": 0.004266225749559082
}