{
  "bolusiob": 0, 
  "iob": -0.13242746546125, 
  "activity": -0.00101852733686067
}