{
  "bolusiob": 0, 
  "iob": -0.28604472595319447, 
  "activity": -0.0016040652557319224
}