{
  "bolusiob": 0.9489314439555555, 
  "iob": 1.1331650089197918, 
  "activity": 0.011564585537918868
}