{
  "bolusiob": 1.4594007332266665, 
  "iob": 3.118425898774848, 
  "activity": 0.030910432010582002
}