{
  "bolusiob": 0, 
  "iob": 0.532137944615804, 
  "activity": 0.0056437128924162255
}