{
  "bolusiob": 0, 
  "iob": 0.458869447155584, 
  "activity": 0.0028442505291005277
}