{
  "bolusiob": 0, 
  "iob": 0.5913879906194444, 
  "activity": 0.012396560846560843
}