{
  "bolusiob": 0, 
  "iob": 0.1761042794922021, 
  "activity": 0.0027907846737213406
}