{
  "bolusiob": 0, 
  "iob": -0.3006400971535111, 
  "activity": -0.0009575486243386253
}