{
  "bolusiob": 0, 
  "iob": 0.809195873256258, 
  "activity": 0.013564126719576715
}