{
  "bolusiob": 0, 
  "iob": 0.21646994080397075, 
  "activity": 0.005911675132275132
}