{
  "bolusiob": 0.44915762017777777, 
  "iob": 0.4865468934122223, 
  "activity": -0.0006408112874779543
}