{
  "bolusiob": 2.03739499264, 
  "iob": 1.875249617528246, 
  "activity": 0.004592755731922397
}