{
  "bolusiob": 0, 
  "iob": 0.33759633386700005, 
  "activity": 0.0006036507936507945
}