{
  "bolusiob": 0, 
  "iob": -0.6906565533577917, 
  "activity": -0.0062778439858906495
}