{
  "bolusiob": 0, 
  "iob": -0.3569276446911756, 
  "activity": -0.0063223103880070556
}