{
  "bolusiob": 0.0004267863599999755, 
  "iob": 0.004103419020315274, 
  "activity": -0.0010124600529100526
}