{
  "bolusiob": 0, 
  "iob": -0.09457344153888889, 
  "activity": 0.00016477954144620784
}