{
  "bolusiob": 0, 
  "iob": 0.7731563605633335, 
  "activity": 0.013162874779541447
}