{
  "bolusiob": 0, 
  "iob": -0.20102059017693455, 
  "activity": -0.0010046237213403879
}