{
  "bolusiob": 1.27731473056, 
  "iob": 2.6803115413749095, 
  "activity": 0.019475802910052905
}