{
  "bolusiob": 0, 
  "iob": -0.045674809281805576, 
  "activity": -0.0005877865961199286
}