{
  "bolusiob": 0, 
  "iob": 0.3074839213642222, 
  "activity": 0.002651552028218696
}