{
  "bolusiob": 0, 
  "iob": 0.7436663920041338, 
  "activity": 0.009616208024691356
}