{
  "bolusiob": 1.9277730871466667, 
  "iob": 2.710050420255751, 
  "activity": 0.003594344708994707
}