{
  "bolusiob": 0, 
  "iob": 0.5637869053796939, 
  "activity": 0.003553967901234567
}