{
  "bolusiob": 0, 
  "iob": 0.09263631284694732, 
  "activity": 0.005030335467372133
}