{
  "bolusiob": 0.34834492388444444, 
  "iob": 1.2852986492698246, 
  "activity": 0.012053598148148147
}