{
  "bolusiob": 0, 
  "iob": -0.051966220674444466, 
  "activity": -0.0022955291005291
}