{
  "bolusiob": 0, 
  "iob": -0.33701669223115016, 
  "activity": -0.0042277512345679
}