{
  "bolusiob": 0, 
  "iob": 0.04599098065868437, 
  "activity": 0.0024763579365079365
}