{
  "bolusiob": 0, 
  "iob": 0.8379223351222221, 
  "activity": 0.010850934744268076
}