{
  "bolusiob": 0, 
  "iob": -0.42075999374375006, 
  "activity": -0.0017979365079365077
}