{
  "bolusiob": 0, 
  "iob": -0.011254027711031199, 
  "activity": 0.0016601412169312164
}