{
  "bolusiob": 0, 
  "iob": 0.9700704494642414, 
  "activity": 0.012552565873015873
}