{
  "bolusiob": 0, 
  "iob": -0.11740852917166666, 
  "activity": 0.0041140564373897725
}