{
  "bolusiob": 0, 
  "iob": 0.5445267938945582, 
  "activity": 0.008487424902998236
}