{
  "bolusiob": 0, 
  "iob": 0.5724577494446953, 
  "activity": 0.009869647689594354
}