{
  "bolusiob": 2.0491344496, 
  "iob": 3.244576629737014, 
  "activity": 0.023887824938271605
}