{
  "bolusiob": 0, 
  "iob": 0.05119275402530432, 
  "activity": 0.0007260582186948838
}