{
  "bolusiob": 0, 
  "iob": -0.566023771686389, 
  "activity": -0.0020818253968253966
}