{
  "bolusiob": 0, 
  "iob": 0.8316641556575642, 
  "activity": 0.018332866225749554
}