{
  "bolusiob": 0, 
  "iob": 0.541032704086111, 
  "activity": 0.0019085185185185188
}