{
  "bolusiob": 0, 
  "iob": 0.5655533553440972, 
  "activity": 0.007280599647266312
}