{
  "bolusiob": 0, 
  "iob": 0.7710585298910779, 
  "activity": 0.010049683174603176
}