{
  "bolusiob": 0, 
  "iob": -0.16630468415235045, 
  "activity": -0.0035786947971781303
}