{
  "bolusiob": 0, 
  "iob": -0.29911249748733265, 
  "activity": -0.007408093633156967
}