{
  "bolusiob": 0, 
  "iob": -0.2662141402001389, 
  "activity": -0.005270978835978835
}