{
  "bolusiob": 0, 
  "iob": 0.7051157418711114, 
  "activity": 0.010019506172839506
}