{
  "bolusiob": 0, 
  "iob": -0.5505979051402778, 
  "activity": -0.005086075837742504
}