{
  "bolusiob": 0, 
  "iob": -0.1603052631134549, 
  "activity": 0.0008253087301587299
}