{
  "bolusiob": 0, 
  "iob": 0.5027447628058681, 
  "activity": 0.0067317460317460305
}