{
  "bolusiob": 0, 
  "iob": -0.2963180313720756, 
  "activity": -0.006097204567901232
}