{
  "bolusiob": 0.7790489710844446, 
  "iob": 1.8657760693433336, 
  "activity": 0.01757749559082892
}