{
  "bolusiob": 0, 
  "iob": -0.3353365222197936, 
  "activity": -0.004732495326278659
}