{
  "bolusiob": 0, 
  "iob": 0.19325243062027783, 
  "activity": 0.0031450881834215166
}