{
  "bolusiob": 0, 
  "iob": 0.12539800869931728, 
  "activity": -0.00459127844797178
}