{
  "bolusiob": 0, 
  "iob": -0.27593291452375646, 
  "activity": 0.0016762992063492049
}