{
  "bolusiob": 0, 
  "iob": 0.008106419208611104, 
  "activity": 0.002428853615520282
}