{
  "bolusiob": 0, 
  "iob": 0.1445654340411111, 
  "activity": 0.0014418959435626097
}