{
  "bolusiob": 0, 
  "iob": 0.5202053443450156, 
  "activity": 0.008334514991181655
}