{
  "bolusiob": 1.3762438529422223, 
  "iob": 2.406935056091611, 
  "activity": 0.014973403880070546
}