{
  "bolusiob": 0, 
  "iob": 0.09093359507468765, 
  "activity": 0.001465079188712522
}