{
  "bolusiob": 0, 
  "iob": 0.20436545050666668, 
  "activity": 0.0018725044091710756
}