{
  "bolusiob": 0, 
  "iob": -0.5116695977883334, 
  "activity": 0.007038112874779541
}