{
  "bolusiob": 0, 
  "iob": 0.39631430579008486, 
  "activity": 0.004508192151675484
}