{
  "bolusiob": 0, 
  "iob": -0.4123280280056017, 
  "activity": -0.00657993807760141
}