{
  "bolusiob": 0, 
  "iob": -0.24575884945460194, 
  "activity": -0.004507151322751321
}