{
  "bolusiob": 0, 
  "iob": 0.30018394058737013, 
  "activity": 0.005364885008818341
}