{
  "bolusiob": 0, 
  "iob": 1.0087453329800002, 
  "activity": 0.011105573192239858
}