{
  "bolusiob": 0.005875231039999984, 
  "iob": 1.3789335482522016, 
  "activity": 0.02169457708994707
}