{
  "bolusiob": 0, 
  "iob": 0.17227958468703686, 
  "activity": -0.002440255114638447
}