{
  "bolusiob": 0, 
  "iob": 0.6398806153015277, 
  "activity": 0.0034275661375661372
}