{
  "bolusiob": 0.5670295484266668, 
  "iob": 1.9996754666861032, 
  "activity": 0.02223265442680776
}