{
  "bolusiob": 0, 
  "iob": 0.07973004720250693, 
  "activity": 0.00031477089947089915
}