{
  "bolusiob": 0, 
  "iob": -0.13242274774250004, 
  "activity": 0.0010926895943562608
}