{
  "bolusiob": 0, 
  "iob": -0.13281048968947415, 
  "activity": -0.0017971781305114697
}