{
  "bolusiob": 0, 
  "iob": 0.8977905727404166, 
  "activity": 0.009213959435626102
}