{
  "bolusiob": 0, 
  "iob": -0.02119634693111113, 
  "activity": -0.0008503968253968257
}