{
  "bolusiob": 0, 
  "iob": 0.019283330558927406, 
  "activity": -0.0003834055555555556
}