{
  "bolusiob": 0, 
  "iob": -0.0360950694684242, 
  "activity": 0.0007716223985890646
}