{
  "bolusiob": 0, 
  "iob": 0.412030060066167, 
  "activity": 0.021067601287477953
}