{
  "bolusiob": 0, 
  "iob": 0.3666485564515126, 
  "activity": 0.00335421340388007
}