{
  "bolusiob": 0, 
  "iob": 1.1423300779709722, 
  "activity": 0.012219902998236333
}