{
  "bolusiob": 0, 
  "iob": -0.19603904386124152, 
  "activity": -0.0027483949735449733
}