{
  "bolusiob": 0, 
  "iob": 0.14883902498638932, 
  "activity": 0.026684285714285706
}