{
  "bolusiob": 0, 
  "iob": 0.004162178428888795, 
  "activity": 0.00631225749559083
}