{
  "bolusiob": 0, 
  "iob": -0.017167589381359934, 
  "activity": 0.0008029452028218693
}