{
  "bolusiob": 0.1571900146666667, 
  "iob": 2.279452934354444, 
  "activity": 0.05333268077601411
}