{
  "bolusiob": -3.95976533333009e-05, 
  "iob": 0.57669837763925, 
  "activity": 0.009728465608465606
}