{
  "bolusiob": 0, 
  "iob": 0.18708925960444445, 
  "activity": -0.004977883597883597
}