{
  "bolusiob": 0.0014335237599999327, 
  "iob": 0.6962268240401988, 
  "activity": 0.019455873280423266
}