{
  "bolusiob": 0.5300083890666667, 
  "iob": 1.809510077757778, 
  "activity": 0.023687213403880063
}