{
  "bolusiob": 1.3065411912, 
  "iob": 1.353726291827778, 
  "activity": 0.02202135802469136
}