{
  "bolusiob": 0, 
  "iob": -0.2502138193994444, 
  "activity": 0.0009317107583774253
}