{
  "bolusiob": -4.149284000001252e-05, 
  "iob": 0.5112820990156788, 
  "activity": 0.014873395326278654
}