{
  "bolusiob": 0, 
  "iob": -0.552829257680889, 
  "activity": 0.0005959964726631337
}