{
  "bolusiob": 0, 
  "iob": 0.3394125763329336, 
  "activity": 0.0032874424162257485
}