{
  "bolusiob": 0, 
  "iob": 0.3150982699172223, 
  "activity": 0.0011999823633156964
}