{
  "bolusiob": 0, 
  "iob": -0.04506512433005525, 
  "activity": -0.0006944354497354495
}