{
  "bolusiob": 0, 
  "iob": 0.4356655402698557, 
  "activity": 0.007990916843033508
}