{
  "bolusiob": 0, 
  "iob": -0.35291594300762497, 
  "activity": -0.006192698412698411
}