{
  "bolusiob": 0, 
  "iob": 0.23877687075666673, 
  "activity": -0.0015832098765432095
}