{
  "bolusiob": 0, 
  "iob": 0.4412429444415278, 
  "activity": 0.018521005291005293
}