{
  "bolusiob": 0, 
  "iob": -0.23521404297123152, 
  "activity": -0.0044585537037037035
}