{
  "bolusiob": 0, 
  "iob": 0.11821831103541669, 
  "activity": 0.002306234567901234
}