{
  "bolusiob": 0, 
  "iob": 0.01952016022062192, 
  "activity": -0.002447835520282187
}