{
  "bolusiob": 0, 
  "iob": -0.06560427162741668, 
  "activity": -0.0012595679012345675
}