{
  "bolusiob": 0, 
  "iob": 0.6832015809372217, 
  "activity": 0.021158934303350967
}