{
  "bolusiob": 0, 
  "iob": -0.3594092746056051, 
  "activity": -0.005960088553791886
}