{
  "bolusiob": 0, 
  "iob": -0.045344912561666666, 
  "activity": 1.03527336860668e-05
}