{
  "bolusiob": 0, 
  "iob": 0.38538765772145867, 
  "activity": 0.003739506049382716
}