{
  "bolusiob": 0.008660861240000027, 
  "iob": 1.423062962269959, 
  "activity": 0.021927888377425035
}