{
  "bolusiob": 0, 
  "iob": 0.26114269913138893, 
  "activity": 0.003808844797178127
}