{
  "bolusiob": 0, 
  "iob": -0.08224074355652777, 
  "activity": -0.0025720899470899465
}