{
  "bolusiob": 0, 
  "iob": -0.23544213874114267, 
  "activity": -0.00309648139329806
}