{
  "bolusiob": 0, 
  "iob": 0.8751701895107016, 
  "activity": 0.009664779453262787
}