{
  "bolusiob": 0, 
  "iob": 0.9107300562645834, 
  "activity": 0.010956349347442678
}