{
  "bolusiob": 0, 
  "iob": -0.013295427397673643, 
  "activity": -8.496031746031783e-05
}