{
  "bolusiob": 0.006329155413333343, 
  "iob": 0.6177925737914446, 
  "activity": 0.006611022927689592
}