{
  "bolusiob": 0.7415856369066668, 
  "iob": 2.791912639566462, 
  "activity": 0.03581823645502644
}