{
  "bolusiob": 0, 
  "iob": 0.007468305979784734, 
  "activity": 0.003833421252204586
}