{
  "bolusiob": 0, 
  "iob": 0.9028532373381944, 
  "activity": 0.009574841269841273
}