{
  "bolusiob": 0, 
  "iob": 1.1386396903255558, 
  "activity": 0.011938924162257492
}