{
  "bolusiob": 0, 
  "iob": 0.06172845999193777, 
  "activity": 0.0048823809523809505
}