{
  "bolusiob": 0, 
  "iob": -0.10870447269347225, 
  "activity": -0.0022827160493827155
}