{
  "bolusiob": 0.1335892637733333, 
  "iob": 0.9574262567154165, 
  "activity": 0.014729779541446207
}