{
  "bolusiob": 0, 
  "iob": 0.5505366329672223, 
  "activity": 0.00420194885361552
}