{
  "bolusiob": 0, 
  "iob": -0.2703638197476389, 
  "activity": -0.0022716402116402115
}