{
  "bolusiob": 0, 
  "iob": 0.0009718274699999974, 
  "activity": 0.00016931216931216918
}