{
  "bolusiob": 0, 
  "iob": 0.5419095376563887, 
  "activity": 0.032008994708994716
}