{
  "bolusiob": 0, 
  "iob": 0.42084420897230124, 
  "activity": 0.0034324693121693113
}