{
  "bolusiob": 0, 
  "iob": -0.5758855709813738, 
  "activity": -0.0037386376190476195
}