{
  "bolusiob": 0, 
  "iob": -0.08987792957222218, 
  "activity": -0.0013822574955908286
}