{
  "bolusiob": 0, 
  "iob": 0.28463474212835116, 
  "activity": 0.012850809347442677
}