{
  "bolusiob": 0.7675245905599999, 
  "iob": 1.3937996364863219, 
  "activity": 0.024698862522045846
}