{
  "bolusiob": 0, 
  "iob": 0.03679136532140398, 
  "activity": -1.553783068783127e-05
}