{
  "bolusiob": 0.20110457609333332, 
  "iob": 2.1532450913983334, 
  "activity": 0.04235522045855379
}