{
  "bolusiob": 0.12317244711999997, 
  "iob": 1.2878374081543802, 
  "activity": 0.019027257760141088
}