{
  "bolusiob": 0, 
  "iob": 0.11517387888971652, 
  "activity": 0.001465140793650794
}