{
  "bolusiob": 0, 
  "iob": -0.3191116154270217, 
  "activity": -0.0032317110934744265
}