{
  "bolusiob": 0.029948558933333258, 
  "iob": 0.8791338550373958, 
  "activity": 0.02595294507936507
}