{
  "bolusiob": 0, 
  "iob": -0.1910079264858582, 
  "activity": -0.0019023014991181664
}