{
  "bolusiob": 0, 
  "iob": 0.06425674182614569, 
  "activity": 0.005053359664902997
}