{
  "bolusiob": 0, 
  "iob": -0.1693513065719186, 
  "activity": -0.0035922220458553785
}