{
  "bolusiob": 0, 
  "iob": 0.2149441163315584, 
  "activity": 0.006356825114638446
}