{
  "bolusiob": 0, 
  "iob": -0.481819489949175, 
  "activity": -0.005840533333333332
}