{
  "bolusiob": 0.45489507886666664, 
  "iob": 1.2520587266518328, 
  "activity": 0.01560557964726631
}