{
  "bolusiob": 0, 
  "iob": 0.6847847446151694, 
  "activity": 0.01256210802469136
}