{
  "bolusiob": 0, 
  "iob": 0.7763678311760305, 
  "activity": 0.0055881749735449725
}