{
  "bolusiob": 0, 
  "iob": 0.02613237452025339, 
  "activity": -0.0026570194003527337
}