{
  "bolusiob": 0.6502543860000002, 
  "iob": 1.6532753991784732, 
  "activity": 0.020582019400352727
}