{
  "bolusiob": 0, 
  "iob": 0.31918372934719447, 
  "activity": 0.0025595855379188705
}