{
  "bolusiob": 0, 
  "iob": 0.31278579675846147, 
  "activity": 0.003337803844797178
}