{
  "bolusiob": 0, 
  "iob": -0.5659613114315278, 
  "activity": -0.0042234126984126985
}