{
  "bolusiob": 0, 
  "iob": 0.1473991459795833, 
  "activity": 0.00032279541446208126
}