{
  "bolusiob": 0, 
  "iob": -0.2079725327918056, 
  "activity": -0.0001132451499118172
}