{
  "bolusiob": 0, 
  "iob": 0.8377338173533058, 
  "activity": 0.010279101781305111
}