{
  "bolusiob": 0.08243907700000018, 
  "iob": 1.2671703734100006, 
  "activity": 0.025504338624338624
}