{
  "bolusiob": 0, 
  "iob": -0.23864893760927378, 
  "activity": -0.00284658721340388
}