{
  "bolusiob": 0.1207353746, 
  "iob": 0.39591536101121805, 
  "activity": 0.0062567898589065245
}