{
  "bolusiob": 0, 
  "iob": 1.09480614585249, 
  "activity": 0.012454118077601408
}