{
  "bolusiob": 1.25228040496, 
  "iob": 1.5462432474265273, 
  "activity": 0.00834301587301587
}