{
  "bolusiob": 0, 
  "iob": 0.29487773114222227, 
  "activity": 0.005233562610229277
}