{
  "bolusiob": 0, 
  "iob": -0.24912708165090275, 
  "activity": -0.0029292768959435617
}