{
  "bolusiob": 0.23851822760000013, 
  "iob": 1.332983483667778, 
  "activity": 0.029613615520282185
}