{
  "bolusiob": 0, 
  "iob": 0.41616552148222213, 
  "activity": 0.004508148148148144
}