{
  "bolusiob": 0, 
  "iob": -0.17227075595700067, 
  "activity": -0.005863368447971781
}