{
  "bolusiob": 0, 
  "iob": -0.3161312614670829, 
  "activity": 0.0007907580070546734
}