{
  "bolusiob": 0, 
  "iob": 0.5709317585898583, 
  "activity": 0.008209121710758377
}