{
  "bolusiob": 0, 
  "iob": 0.17460189381814892, 
  "activity": 0.006438177495590831
}