{
  "bolusiob": 0, 
  "iob": 0.44373986028729795, 
  "activity": 0.004880053015873015
}