{
  "bolusiob": 0, 
  "iob": 0.6762029669971951, 
  "activity": 0.007741051940035273
}