{
  "bolusiob": 0, 
  "iob": 0.8079344616968449, 
  "activity": 0.009126331305114636
}