{
  "bolusiob": 0, 
  "iob": -0.21327713493312506, 
  "activity": -0.003494700176366843
}