{
  "bolusiob": 0, 
  "iob": -0.657031051596733, 
  "activity": -0.00738658446208113
}