{
  "bolusiob": 0, 
  "iob": 0.7657526952219474, 
  "activity": 0.00914799788359788
}