{
  "bolusiob": 0, 
  "iob": -0.5610703304942917, 
  "activity": -0.006754126984126982
}