{
  "bolusiob": 2.3883447226444448, 
  "iob": 3.567744576917937, 
  "activity": 0.024286137742504398
}