{
  "bolusiob": 0, 
  "iob": 0.18323971619608337, 
  "activity": 0.0005002733686067011
}