{
  "bolusiob": 0, 
  "iob": -0.6261845149023206, 
  "activity": -0.0077221165608465595
}