{
  "bolusiob": 0, 
  "iob": 0.0840965158849396, 
  "activity": 0.0003729630511463849
}