{
  "bolusiob": 0, 
  "iob": -0.27191093553875, 
  "activity": -0.0018324426807760138
}