{
  "bolusiob": 0, 
  "iob": 1.0963964824624655, 
  "activity": 0.013092799823633157
}