{
  "bolusiob": 0.04801621919999993, 
  "iob": 0.6112103300430555, 
  "activity": 0.010851781305114636
}