{
  "bolusiob": 0, 
  "iob": 0.8991951464424385, 
  "activity": 0.019456834620811273
}