{
  "bolusiob": 0, 
  "iob": -0.7966036610566993, 
  "activity": -0.006401243068783067
}