{
  "bolusiob": 0, 
  "iob": 0.520281339313027, 
  "activity": 0.009010647178130509
}