{
  "bolusiob": 0.25784407037333335, 
  "iob": 2.107232494191592, 
  "activity": 0.037894938359788355
}