{
  "bolusiob": 0.44502813127111107, 
  "iob": 0.45931259756366677, 
  "activity": 0.0003432980599647274
}