{
  "bolusiob": 0, 
  "iob": 0.22396362693500005, 
  "activity": 0.0005652910052910059
}