{
  "bolusiob": 0, 
  "iob": -0.09534524149079866, 
  "activity": -0.0026946354497354493
}