{
  "bolusiob": 0, 
  "iob": 0.311788237415, 
  "activity": 0.00678063492063492
}