{
  "bolusiob": 0, 
  "iob": -0.34176603140688, 
  "activity": -0.0032511465079365074
}