{
  "bolusiob": 0, 
  "iob": -0.5412025798986458, 
  "activity": -0.007345502716049382
}