{
  "bolusiob": 0.4841706341777777, 
  "iob": 1.2921976606858205, 
  "activity": 0.010134083156966489
}