{
  "bolusiob": 0, 
  "iob": -0.22884147834875004, 
  "activity": -0.0009540476190476189
}