{
  "bolusiob": 0, 
  "iob": -0.3806972871192058, 
  "activity": -0.0036985980599647263
}