{
  "bolusiob": 0, 
  "iob": 0.14468484744041665, 
  "activity": 0.002800608465608465
}