{
  "bolusiob": 0, 
  "iob": 0.08300450803614404, 
  "activity": 0.02229306128747796
}