{
  "bolusiob": 0, 
  "iob": 0.8647151400818479, 
  "activity": 0.016907654444444437
}