{
  "bolusiob": 0, 
  "iob": 0.18398005780111107, 
  "activity": 0.005744276895943562
}