{
  "bolusiob": 0, 
  "iob": 0.3023688480301147, 
  "activity": 0.0030067462081128753
}