{
  "bolusiob": 0, 
  "iob": 0.6549297127855557, 
  "activity": 0.003519118165784832
}