{
  "bolusiob": 0, 
  "iob": -0.05070862665713484, 
  "activity": -0.0023290302292768962
}