{
  "bolusiob": 0, 
  "iob": -0.1619739200627778, 
  "activity": -0.0004297178130511463
}