{
  "bolusiob": 0.0028723866399999465, 
  "iob": 1.1166817266133333, 
  "activity": 0.02028807760141094
}