{
  "bolusiob": 0, 
  "iob": -0.6097213885556947, 
  "activity": -0.00784321012345679
}