{
  "bolusiob": 0, 
  "iob": 0.440643512065847, 
  "activity": 0.011630943985890646
}