{
  "bolusiob": 0, 
  "iob": 0.8969543421464167, 
  "activity": 0.015001719576719579
}