{
  "bolusiob": 0, 
  "iob": -0.12694740920694447, 
  "activity": 0.0010832186948853606
}