{
  "bolusiob": 0, 
  "iob": -0.0646664204677778, 
  "activity": -0.000906393298059965
}