{
  "bolusiob": 0, 
  "iob": -0.039372912839444454, 
  "activity": 0.0014395238095238096
}