{
  "bolusiob": 0, 
  "iob": 0.008798613745005235, 
  "activity": -0.002571307319223985
}