{
  "bolusiob": 0, 
  "iob": 0.5016269587297223, 
  "activity": 0.007704497354497354
}