{
  "bolusiob": 0, 
  "iob": 0.23507024036556035, 
  "activity": 0.0030189149559082893
}