{
  "bolusiob": 0, 
  "iob": -0.3576190206306944, 
  "activity": -0.0016732098765432093
}