{
  "bolusiob": 0, 
  "iob": -0.3344858470733334, 
  "activity": -0.003859417989417989
}