{
  "bolusiob": 0, 
  "iob": 0.0525030407830447, 
  "activity": 0.0013326276014109344
}