{
  "bolusiob": 1.3017326584000002, 
  "iob": 1.8115320870024358, 
  "activity": 0.007736984250440914
}