{
  "bolusiob": 0, 
  "iob": 0.5242724140568757, 
  "activity": 0.008993453686067018
}