{
  "bolusiob": 0, 
  "iob": -0.03416470452311749, 
  "activity": -0.0017173278659611986
}