{
  "bolusiob": 0, 
  "iob": 0.8337820510598891, 
  "activity": 0.013168818342151674
}