{
  "bolusiob": 0, 
  "iob": 0.4490637455531069, 
  "activity": 0.00839971181657848
}