{
  "bolusiob": 0, 
  "iob": 0.8374856588025276, 
  "activity": 0.012103888888888886
}