{
  "bolusiob": 0, 
  "iob": 0.11859745400036979, 
  "activity": -0.0012354670370370365
}