{
  "bolusiob": 0, 
  "iob": 0.8110107596313914, 
  "activity": 0.009793606437389768
}