{
  "bolusiob": 0, 
  "iob": 0.2643765596109597, 
  "activity": 0.001645632063492063
}