{
  "bolusiob": 0, 
  "iob": 0.19375522342151433, 
  "activity": 0.002112918783068784
}