{
  "bolusiob": 0, 
  "iob": 0.20537765961964163, 
  "activity": 0.006632601199294531
}