{
  "bolusiob": 0, 
  "iob": -0.65897636579368, 
  "activity": -0.00813447984126984
}