{
  "bolusiob": 0, 
  "iob": 0.47246077699036126, 
  "activity": 0.009864849382716045
}