{
  "bolusiob": 0, 
  "iob": -0.17963516223918585, 
  "activity": -0.0012746825925925931
}