{
  "bolusiob": 0, 
  "iob": -0.060192225635555596, 
  "activity": 0.004274920634920632
}