{
  "bolusiob": 1.3261139440000003, 
  "iob": 1.9207482279844437, 
  "activity": 0.017816261022927684
}