{
  "bolusiob": 1.0377152527866667, 
  "iob": 2.8888488090535978, 
  "activity": 0.03471632936507936
}