{
  "bolusiob": 0, 
  "iob": 0.9454400101006544, 
  "activity": 0.009095070458553789
}