{
  "bolusiob": 0, 
  "iob": 0.7359502691244748, 
  "activity": 0.005497372310405644
}