{
  "bolusiob": 0.9917698569955555, 
  "iob": 1.8713759260170004, 
  "activity": 0.0162863492063492
}