{
  "bolusiob": 0, 
  "iob": -0.033234840307315376, 
  "activity": -0.0020742595061728395
}