{
  "bolusiob": 0, 
  "iob": -0.12859700504250002, 
  "activity": 0.0009170105820105807
}