{
  "bolusiob": 0, 
  "iob": 0.2215107663027778, 
  "activity": 0.0056225925925925905
}