{
  "bolusiob": 0, 
  "iob": 0.4598305306227914, 
  "activity": 0.008052662874779539
}