{
  "bolusiob": 0, 
  "iob": 0.40809821233306043, 
  "activity": 0.004510811199294531
}