{
  "bolusiob": 0.07369370666666669, 
  "iob": 0.5146906990294445, 
  "activity": 0.005480405643738978
}