{
  "bolusiob": 0, 
  "iob": 0.39624610430340246, 
  "activity": 0.018303879576719573
}