{
  "bolusiob": 0, 
  "iob": 0.5117848154605948, 
  "activity": 0.006244391446208113
}