{
  "bolusiob": 0, 
  "iob": -0.020418634844525278, 
  "activity": 0.00185708086419753
}