{
  "bolusiob": 0, 
  "iob": -0.07354445485138889, 
  "activity": -0.0009113844797178141
}