{
  "bolusiob": 0, 
  "iob": 0.5599110709151315, 
  "activity": 0.005791322663139328
}