{
  "bolusiob": 0, 
  "iob": 0.10724234095547747, 
  "activity": 0.010015467372134036
}