{
  "bolusiob": 0, 
  "iob": 0.020688782699374898, 
  "activity": 0.011554858906525566
}