{
  "bolusiob": 0, 
  "iob": 0.7257519551089402, 
  "activity": 0.009333386701940035
}