{
  "bolusiob": 0, 
  "iob": 0.5006704777299961, 
  "activity": 0.005463933350970018
}