{
  "bolusiob": 0.9606170208400001, 
  "iob": 2.9929749864594486, 
  "activity": 0.03702974409171074
}