{
  "bolusiob": 0, 
  "iob": -0.46215784013432815, 
  "activity": -0.0062595236331569664
}