{
  "bolusiob": 0, 
  "iob": -0.6397092655876013, 
  "activity": -0.007779806243386243
}