{
  "bolusiob": 0, 
  "iob": -0.10877932925722227, 
  "activity": 0.00030408289241622567
}